temperature_c,vibration_level,pressure_bar,runtime_hours_day,maintenance_gap_days,previous_defect_rate_pct,operator_level,line_id,equipment_status
84.55,1.195,33.47,4.2,7.0,2.73,mid,L2,normal
92.33,1.74,40.55,19.9,12.0,2.78,senior,L1,warning
84.67,2.183,34.09,23.4,43.0,4.71,mid,L1,failure
68.82,3.234,21.68,13.5,25.0,3.84,senior,L2,warning
51.62,3.256,32.79,12.4,32.0,3.03,junior,L1,warning
63.79,2.1,34.21,22.9,32.0,6.47,junior,L1,failure
73.1,1.158,27.4,14.8,1.0,1.24,mid,L1,normal
92.7,2.8,29.45,6.4,7.0,3.38,mid,L2,failure
73.78,3.101,32.12,14.2,32.0,3.06,senior,L2,failure
76.02,0.89,30.39,11.5,26.0,3.85,mid,L1,normal
71.63,2.45,33.8,4.8,14.0,3.4,junior,L4,warning
74.98,1.749,32.43,10.7,44.0,3.25,junior,L2,warning
80.18,0.497,26.93,16.2,34.0,1.65,mid,L4,normal
79.47,1.462,25.01,21.6,38.0,2.47,mid,L4,warning
73.81,1.73,37.72,13.9,12.0,2.85,mid,L1,warning
65.82,0.956,20.66,11.1,36.0,2.46,mid,L3,normal
81.89,3.441,34.01,14.6,26.0,0.1,mid,L3,warning
77.05,0.519,38.58,17.8,26.0,0.86,mid,L2,normal
73.41,2.861,24.91,12.4,11.0,4.17,junior,L1,warning
71.54,1.188,36.17,13.4,21.0,5.18,mid,L3,normal
64.24,1.684,45.02,7.5,4.0,2.5,junior,L2,normal
60.66,2.306,30.9,14.6,22.0,3.36,senior,L3,normal
68.46,1.837,36.98,17.3,28.0,2.53,senior,L2,normal
79.42,2.296,31.84,14.0,20.0,4.58,senior,L4,warning
83.19,3.354,25.92,19.7,34.0,3.01,junior,L3,failure
66.55,2.05,32.43,11.6,48.0,2.62,junior,L2,warning
64.27,0.756,36.57,13.3,9.0,5.29,mid,L4,normal
83.72,2.69,43.63,13.9,20.0,5.06,senior,L3,warning
65.52,2.345,29.46,13.9,8.0,3.94,mid,L4,normal
81.97,3.402,29.8,9.7,24.0,3.61,mid,L4,failure
69.89,2.804,38.55,14.8,16.0,1.05,mid,L3,normal
83.17,2.514,35.94,7.0,39.0,4.64,mid,L4,failure
77.72,2.865,26.81,12.2,23.0,5.64,junior,L4,failure
79.98,1.287,34.27,18.2,42.0,3.5,junior,L2,failure
50.67,1.868,33.13,13.1,38.0,2.96,mid,L1,normal
77.08,3.216,43.05,9.3,46.0,2.41,senior,L4,failure
74.18,1.741,31.72,17.4,11.0,1.12,senior,L3,normal
68.09,2.307,33.18,14.3,28.0,2.45,mid,L2,normal
73.98,1.596,22.72,10.5,28.0,4.37,mid,L2,normal
71.27,2.526,31.08,12.8,46.0,1.71,mid,L1,warning
68.69,1.75,28.01,11.1,16.0,2.97,mid,L1,normal
89.35,1.788,26.45,13.1,9.0,3.95,senior,L1,normal
84.71,1.86,29.1,16.9,27.0,4.68,junior,L4,failure
88.1,0.4,34.87,11.8,19.0,0.77,junior,L1,normal
84.14,1.872,41.07,15.4,34.0,2.99,senior,L3,warning
68.23,2.58,42.43,15.3,29.0,4.17,mid,L2,warning
90.74,1.286,44.02,12.8,27.0,1.6,mid,L1,failure
61.85,2.137,35.94,8.7,21.0,2.62,senior,L2,normal
57.47,3.118,25.9,13.5,35.0,4.17,senior,L1,warning
71.34,2.22,30.38,12.4,29.0,4.2,junior,L3,failure
85.47,1.988,27.33,20.3,11.0,6.97,senior,L4,warning
76.11,1.429,35.19,10.8,24.0,1.74,mid,L1,normal
81.25,0.597,35.32,17.4,36.0,3.54,mid,L3,normal
80.76,2.032,32.16,19.0,31.0,2.35,senior,L3,warning
92.39,1.788,30.53,11.3,11.0,2.93,senior,L1,warning
69.5,2.305,26.76,16.3,23.0,1.07,junior,L3,normal
61.31,2.721,36.17,10.2,35.0,0.87,senior,L2,normal
73.42,0.554,30.71,12.4,63.0,2.65,junior,L2,failure
57.35,2.289,38.11,14.4,23.0,2.38,mid,L2,normal
50.78,2.025,34.49,16.6,13.0,1.46,senior,L3,normal
80.93,2.844,39.83,14.4,22.0,1.27,junior,L2,warning
88.86,3.076,37.22,5.7,31.0,0.72,junior,L1,failure
98.92,3.073,35.55,20.8,25.0,4.14,mid,L2,failure
78.15,1.747,24.83,20.5,26.0,2.8,mid,L4,warning
83.72,0.957,26.18,14.6,13.0,2.15,junior,L4,normal
79.25,1.998,27.02,13.0,16.0,2.68,mid,L4,normal
77.0,3.02,35.12,17.2,26.0,6.67,senior,L4,failure
63.01,2.282,25.49,18.4,41.0,4.07,senior,L2,warning
67.03,2.304,36.63,14.9,15.0,3.87,mid,L3,normal
71.79,0.4,30.15,22.9,29.0,2.9,senior,L2,normal
89.97,3.658,40.79,19.3,1.0,1.22,junior,L2,failure
66.49,0.4,29.33,14.5,28.0,1.43,junior,L3,normal
84.63,2.384,28.21,16.0,20.0,2.08,senior,L2,normal
58.27,1.686,31.45,5.8,40.0,4.07,junior,L4,failure
84.41,2.23,23.37,20.0,41.0,2.5,junior,L2,failure
72.62,1.413,32.48,14.9,42.0,2.74,mid,L3,normal
66.6,1.752,24.63,12.1,30.0,1.63,mid,L4,normal
86.46,2.413,40.32,17.2,41.0,2.6,mid,L2,failure
82.26,2.873,32.37,18.6,28.0,2.42,junior,L1,failure
89.93,1.177,44.32,11.2,47.0,0.43,senior,L1,warning
77.36,2.345,27.53,11.6,59.0,1.44,senior,L1,failure
78.83,2.047,31.52,2.0,17.0,3.87,junior,L3,warning
70.34,2.34,33.34,16.7,41.0,4.24,senior,L3,failure
84.27,1.864,30.94,8.6,11.0,2.21,mid,L3,normal
68.01,0.454,41.13,19.9,12.0,3.16,mid,L2,normal
81.95,3.268,31.58,10.0,36.0,1.86,mid,L4,failure
87.14,2.837,31.43,18.2,29.0,1.91,mid,L1,failure
62.76,1.342,33.32,2.9,2.0,5.09,junior,L2,normal
93.12,0.877,27.72,10.3,6.0,1.37,junior,L1,warning
75.24,2.49,32.87,16.4,33.0,3.34,senior,L1,warning
75.94,2.418,38.57,15.7,22.0,2.73,mid,L1,failure
68.86,1.171,43.34,11.0,8.0,0.1,junior,L3,normal
83.79,1.302,23.07,17.6,19.0,1.94,mid,L1,normal
65.98,2.444,34.59,11.7,25.0,5.86,senior,L1,warning
91.55,0.4,34.96,22.4,1.0,1.21,mid,L1,normal
72.62,2.422,19.84,7.3,25.0,5.06,junior,L4,failure
72.67,1.9,31.7,12.7,36.0,2.0,junior,L1,warning
73.05,2.212,23.01,17.6,51.0,1.49,mid,L2,warning
69.08,1.68,27.03,15.4,45.0,5.33,mid,L3,warning
83.55,2.639,30.25,10.0,13.0,2.0,junior,L3,warning
60.89,1.401,35.28,16.7,32.0,1.67,junior,L2,normal
54.02,2.062,28.17,12.0,33.0,3.98,mid,L2,normal
73.88,2.263,31.84,16.3,31.0,0.68,mid,L1,normal
70.42,1.257,38.91,15.7,36.0,0.35,senior,L2,normal
65.3,1.832,39.14,13.6,30.0,3.02,mid,L3,warning
79.22,2.028,30.36,7.1,31.0,3.41,senior,L4,warning
85.49,0.854,32.9,7.7,23.0,2.66,junior,L2,normal
61.54,2.419,24.27,13.7,38.0,4.51,mid,L1,normal
71.28,0.457,25.23,21.0,26.0,2.04,mid,L1,normal
90.11,2.099,37.68,14.9,16.0,3.03,mid,L3,failure
59.54,2.119,32.22,9.7,18.0,1.11,mid,L4,normal
88.56,1.775,36.95,7.9,10.0,1.68,mid,L1,warning
75.32,2.869,21.15,11.5,18.0,4.25,mid,L4,warning
64.17,2.514,26.09,15.8,25.0,3.67,junior,L2,failure
80.82,2.871,42.17,13.8,41.0,2.49,senior,L3,failure
70.89,4.177,33.41,11.7,15.0,4.88,mid,L2,failure
89.07,1.695,25.18,10.5,33.0,3.93,mid,L3,warning
50.47,2.165,39.88,15.0,34.0,0.48,mid,L3,normal
74.21,0.681,21.28,13.1,21.0,3.28,mid,L2,normal
52.44,3.309,25.14,15.6,25.0,2.16,mid,L3,warning
59.65,2.154,33.1,11.5,18.0,5.04,mid,L4,normal
65.79,2.358,32.28,9.5,12.0,0.96,mid,L1,normal
79.7,2.036,34.1,15.0,48.0,4.26,senior,L2,failure
51.56,2.43,25.03,18.3,39.0,3.0,mid,L3,normal
80.41,1.307,27.89,17.6,13.0,2.01,junior,L2,warning
78.85,1.132,30.06,15.2,45.0,0.27,junior,L3,warning
82.27,4.767,44.27,15.7,44.0,4.0,mid,L2,failure
78.43,0.771,22.25,8.1,24.0,1.39,senior,L4,normal
68.81,3.032,42.47,9.3,30.0,2.2,mid,L3,failure
58.09,1.858,29.47,9.8,21.0,2.65,mid,L4,normal
61.37,1.736,26.52,14.1,24.0,1.68,mid,L3,normal
85.01,0.918,25.97,10.6,40.0,4.89,mid,L1,normal
68.68,2.373,32.13,10.3,18.0,3.62,mid,L1,normal
51.56,2.946,40.87,7.2,17.0,3.11,mid,L4,normal
80.11,2.926,27.03,8.7,30.0,1.88,mid,L2,failure
77.9,2.299,26.51,16.3,12.0,0.9,senior,L2,normal
83.68,2.522,35.67,19.0,28.0,0.93,junior,L1,failure
45.8,2.586,40.29,16.7,37.0,3.26,senior,L4,normal
89.99,2.558,32.58,16.3,57.0,3.46,junior,L1,failure
98.36,1.289,29.73,11.5,24.0,4.67,senior,L4,warning
74.13,0.4,27.55,14.4,12.0,0.65,mid,L1,normal
77.46,1.377,22.51,8.4,36.0,5.1,junior,L3,warning
59.33,1.212,28.53,19.5,15.0,3.34,senior,L3,normal
84.91,2.221,24.06,19.5,20.0,1.56,mid,L2,normal
78.84,1.614,26.77,15.8,26.0,2.62,junior,L4,warning
62.69,2.981,28.1,21.7,21.0,1.88,mid,L1,warning
58.24,1.788,33.06,6.0,39.0,3.93,mid,L2,normal
77.51,2.819,28.97,10.2,44.0,1.21,junior,L4,warning
78.83,1.769,22.61,8.0,15.0,0.57,junior,L2,normal
64.39,2.567,30.4,16.0,33.0,4.35,junior,L2,failure
83.48,1.572,25.35,11.6,26.0,4.76,senior,L4,warning
77.43,2.041,35.44,11.3,41.0,2.37,mid,L3,warning
66.91,2.77,23.14,13.9,5.0,4.72,junior,L1,warning
75.44,1.462,28.83,15.4,37.0,0.1,mid,L4,normal
79.13,1.688,23.27,10.9,27.0,5.0,mid,L1,failure
84.88,1.826,42.55,16.2,18.0,2.33,mid,L3,warning
78.64,2.12,23.85,10.8,26.0,4.64,senior,L3,normal
84.5,2.371,27.6,14.4,26.0,1.84,mid,L4,warning
86.71,1.397,30.84,19.3,44.0,2.97,mid,L1,warning
81.78,1.131,29.29,19.2,31.0,2.5,mid,L1,warning
55.58,1.987,30.45,19.8,23.0,3.69,senior,L1,normal
77.28,2.964,36.34,16.0,41.0,1.59,mid,L3,failure
76.19,0.4,24.65,7.9,12.0,3.47,junior,L4,normal
61.1,0.412,27.8,10.6,39.0,5.38,senior,L4,normal
89.21,3.016,21.31,17.9,44.0,2.07,mid,L3,failure
70.52,1.948,33.93,14.9,32.0,4.06,junior,L4,failure
55.46,2.375,25.52,13.4,53.0,0.1,mid,L2,warning
68.07,1.413,37.24,10.4,16.0,4.5,mid,L2,normal
97.78,1.91,24.97,10.3,30.0,0.1,senior,L2,warning
71.65,1.989,42.66,15.1,42.0,3.06,junior,L2,warning
98.36,3.191,28.13,17.7,36.0,2.71,mid,L3,failure
75.6,2.123,21.13,13.0,10.0,4.72,junior,L4,warning
78.27,2.255,25.72,15.2,7.0,3.29,senior,L4,normal
79.57,1.885,21.26,15.5,26.0,2.84,senior,L4,normal
92.31,1.772,19.08,20.1,32.0,0.44,senior,L2,warning
69.92,2.497,23.56,6.6,36.0,4.18,mid,L3,normal
84.3,1.62,41.13,16.1,23.0,1.47,senior,L3,warning
78.69,2.355,24.32,20.6,39.0,5.23,mid,L2,failure
77.83,0.4,24.75,7.8,15.0,3.26,senior,L3,normal
82.63,0.748,33.46,15.3,20.0,4.77,senior,L2,normal
79.16,1.482,19.45,9.6,29.0,2.13,junior,L1,normal
59.98,2.84,37.49,17.3,38.0,0.87,junior,L3,normal
87.47,2.155,23.95,5.6,22.0,2.53,mid,L1,warning
88.2,2.73,35.67,10.4,36.0,1.36,junior,L4,failure
87.79,1.818,38.74,8.1,31.0,0.66,junior,L1,failure
78.97,3.387,36.13,12.7,26.0,0.94,mid,L2,failure
89.17,1.966,33.5,13.4,9.0,3.74,mid,L4,warning
71.64,0.4,22.69,13.7,36.0,4.41,mid,L1,normal
73.46,1.141,30.04,8.7,16.0,5.11,mid,L4,normal
70.44,3.374,34.62,14.3,19.0,1.58,mid,L3,warning
63.46,1.166,21.99,17.8,26.0,5.56,mid,L1,normal
77.21,1.714,39.15,23.9,33.0,3.61,mid,L2,failure
52.95,2.374,26.78,14.4,37.0,1.25,junior,L4,warning
70.36,2.566,31.5,12.7,23.0,4.2,mid,L1,warning
66.59,1.115,34.05,12.2,23.0,3.99,mid,L3,normal
70.31,2.952,38.27,9.2,45.0,1.5,mid,L4,failure
87.52,2.347,47.36,19.7,28.0,3.89,senior,L3,failure
63.36,3.007,38.38,9.8,39.0,1.47,mid,L2,warning
57.81,0.4,39.02,16.6,41.0,1.73,mid,L4,normal
103.03,1.472,28.63,15.4,43.0,4.28,senior,L3,warning
84.1,3.498,22.71,16.9,65.0,5.19,junior,L3,failure
57.82,1.558,19.65,13.6,44.0,3.42,senior,L3,normal
74.28,2.148,34.63,13.0,19.0,0.1,junior,L1,normal
82.56,2.359,17.88,13.9,4.0,2.76,junior,L2,failure
89.41,2.674,21.03,17.1,1.0,2.41,junior,L4,warning
70.36,3.009,34.12,16.5,30.0,6.3,senior,L2,failure
82.46,1.855,31.58,7.7,26.0,0.81,senior,L4,normal
79.32,1.206,32.66,8.5,13.0,2.28,junior,L2,normal
73.44,3.052,25.16,15.4,40.0,3.7,senior,L2,normal
96.81,1.332,39.78,19.0,39.0,1.27,junior,L3,failure
78.23,3.447,44.13,13.2,32.0,2.22,junior,L4,failure
69.67,1.653,32.24,4.9,35.0,3.31,mid,L3,normal
72.68,1.224,31.79,14.1,31.0,4.59,junior,L4,warning
80.61,2.242,25.94,9.0,39.0,2.94,junior,L4,warning
74.91,1.589,35.89,5.8,11.0,0.11,senior,L4,normal
51.33,1.982,32.18,10.4,25.0,3.15,senior,L4,normal
80.84,2.211,39.73,16.6,17.0,2.18,senior,L2,normal
69.9,1.768,27.68,18.3,39.0,2.88,mid,L2,warning
83.15,2.95,33.72,14.6,22.0,3.1,senior,L3,failure
79.63,1.472,25.72,13.0,20.0,1.53,mid,L3,warning
101.01,2.508,32.5,10.6,38.0,4.32,junior,L1,failure
77.48,1.954,35.74,7.9,28.0,3.01,junior,L3,warning
83.44,1.659,43.97,15.7,32.0,4.03,senior,L4,warning
71.64,3.793,42.36,18.9,27.0,1.16,mid,L2,failure
101.7,1.89,25.49,14.2,20.0,1.75,senior,L2,warning
53.54,2.049,39.55,15.7,29.0,3.78,mid,L2,normal
69.88,1.038,27.42,9.9,27.0,1.61,junior,L2,normal
69.3,2.609,28.84,18.4,20.0,2.46,senior,L4,warning
71.86,0.647,40.34,17.9,20.0,2.4,junior,L2,normal
63.98,1.069,39.99,15.5,23.0,1.32,mid,L3,normal
69.28,2.964,27.34,16.9,12.0,3.24,mid,L1,failure
71.38,1.532,40.66,16.0,50.0,2.84,mid,L2,warning
62.54,2.162,31.32,13.4,31.0,5.03,junior,L4,warning
74.7,3.453,28.93,12.2,14.0,0.1,junior,L1,normal
77.76,2.947,26.59,6.8,52.0,1.3,senior,L2,warning
72.11,2.242,42.51,18.7,15.0,4.41,mid,L2,warning
56.42,1.622,36.68,15.5,40.0,3.37,mid,L3,normal
71.4,1.124,27.66,15.3,8.0,3.21,mid,L1,normal
67.14,2.672,39.01,12.8,35.0,2.98,junior,L2,failure
78.13,1.896,25.96,9.4,52.0,5.3,mid,L4,failure
76.64,2.461,39.88,11.5,26.0,5.0,senior,L2,failure
100.81,2.7,36.92,18.7,39.0,0.24,mid,L2,failure
83.59,2.253,31.92,14.8,35.0,5.58,mid,L2,failure
73.16,1.289,23.2,14.5,25.0,2.2,senior,L3,normal
73.82,2.337,35.79,11.5,24.0,3.94,mid,L2,warning
57.73,2.103,38.4,9.0,26.0,3.17,senior,L3,normal
79.31,1.487,41.99,18.1,47.0,3.01,mid,L3,failure
60.79,0.477,33.76,11.8,23.0,2.2,mid,L3,normal
59.89,3.63,48.01,15.5,39.0,3.77,mid,L3,failure
81.72,2.526,39.78,9.1,31.0,3.5,senior,L4,failure
87.22,2.07,32.39,15.4,10.0,1.92,junior,L2,warning
88.34,1.019,42.23,13.9,20.0,2.17,mid,L4,warning
59.28,2.524,32.18,6.0,26.0,5.44,senior,L2,normal
74.76,1.762,27.14,8.4,42.0,5.23,mid,L3,warning
91.4,2.762,30.67,11.9,12.0,2.9,junior,L4,failure
85.55,1.923,40.42,12.4,8.0,4.24,mid,L4,warning
79.67,3.63,30.06,22.2,21.0,4.2,mid,L3,failure
65.15,1.905,36.39,12.6,40.0,2.71,junior,L1,warning
81.11,2.004,31.04,19.7,37.0,2.09,junior,L1,warning
85.21,2.443,25.6,12.1,35.0,4.55,junior,L1,failure
82.61,2.238,27.47,12.3,31.0,3.38,senior,L3,warning
78.44,1.355,32.04,12.0,16.0,0.11,junior,L2,normal
67.65,1.452,38.89,10.2,1.0,3.23,mid,L3,normal
75.4,1.923,28.1,9.8,17.0,3.38,senior,L2,normal
63.67,1.532,24.1,11.6,20.0,2.8,mid,L1,normal
78.8,2.072,27.06,7.1,36.0,2.16,junior,L3,warning
87.58,2.005,36.77,19.9,27.0,4.71,junior,L2,failure
73.74,3.035,26.65,13.6,12.0,1.15,mid,L2,normal
56.52,3.393,44.24,20.5,30.0,0.13,senior,L1,warning
77.56,2.453,28.76,16.3,27.0,1.8,mid,L4,warning
81.0,2.231,35.65,3.2,16.0,2.98,senior,L3,warning
85.85,2.165,35.76,20.4,16.0,2.94,junior,L4,warning
71.08,1.935,27.93,14.6,39.0,1.74,mid,L3,normal
61.99,1.419,18.63,10.4,18.0,0.1,senior,L2,normal
96.55,1.863,39.98,8.7,43.0,0.7,junior,L4,failure
62.47,2.107,34.31,12.6,24.0,2.06,mid,L2,normal
83.57,2.582,41.19,15.5,1.0,0.29,junior,L4,failure
79.87,2.283,21.72,19.1,13.0,0.63,mid,L4,warning
83.76,1.326,34.27,16.1,29.0,2.68,senior,L2,normal
70.17,1.269,47.35,10.8,14.0,3.0,senior,L1,normal
84.24,1.373,29.64,15.4,26.0,1.61,mid,L4,normal
90.41,2.011,32.42,12.5,35.0,0.1,mid,L4,warning
60.24,2.363,37.94,12.7,3.0,2.34,senior,L4,normal
97.71,1.732,37.53,13.5,25.0,2.09,junior,L4,failure
84.67,2.786,26.57,18.5,33.0,4.2,mid,L3,failure
83.55,2.274,34.88,13.0,34.0,2.52,mid,L3,warning
78.25,0.756,45.07,15.4,21.0,0.53,senior,L1,normal
86.13,2.082,36.1,14.4,19.0,6.65,mid,L1,failure
62.75,0.69,32.03,16.2,21.0,3.86,mid,L3,normal
59.92,1.357,37.37,18.9,32.0,0.38,junior,L4,normal
57.11,2.173,34.52,9.4,43.0,1.69,senior,L2,normal
87.23,3.068,25.64,14.6,28.0,4.65,mid,L4,failure
81.08,2.818,36.56,12.1,24.0,1.75,junior,L3,failure
65.72,3.046,19.58,14.2,10.0,6.91,junior,L4,failure
64.44,0.746,20.73,13.1,32.0,2.6,mid,L1,normal
61.32,2.129,33.87,10.9,27.0,3.91,senior,L4,normal
64.21,1.381,38.97,13.9,13.0,4.88,mid,L4,normal
88.83,1.529,39.04,14.3,14.0,4.23,mid,L3,warning
65.21,1.875,29.88,12.2,43.0,3.29,senior,L2,normal
80.41,3.119,35.62,20.0,33.0,2.35,mid,L3,failure
89.81,2.159,41.81,20.5,13.0,1.02,junior,L2,failure
67.63,2.31,42.19,10.9,38.0,3.34,junior,L4,failure
80.05,1.042,37.44,11.8,27.0,2.96,mid,L2,warning
81.01,0.4,24.79,12.4,23.0,4.56,junior,L4,normal
64.87,2.491,36.19,17.8,34.0,2.33,mid,L2,warning
100.71,2.25,37.19,13.4,32.0,5.01,mid,L4,failure
81.22,1.091,32.61,17.1,28.0,2.79,mid,L1,warning
80.74,1.049,26.27,16.9,35.0,2.58,junior,L2,warning
72.63,1.255,29.07,7.3,24.0,5.82,mid,L1,normal
69.94,2.588,26.52,10.1,30.0,2.76,mid,L1,warning
85.91,2.729,34.03,17.1,50.0,1.92,senior,L4,failure
64.68,3.362,16.58,19.0,24.0,2.7,mid,L1,normal
97.55,2.655,44.49,9.7,7.0,0.74,mid,L4,failure
78.85,2.98,41.19,20.4,39.0,0.14,mid,L2,warning
78.57,1.723,36.56,12.6,20.0,3.37,senior,L2,warning
86.48,4.053,27.12,12.3,19.0,1.84,mid,L4,failure
75.94,1.734,29.06,14.3,18.0,5.08,mid,L1,warning
66.52,2.159,39.09,21.5,19.0,4.45,mid,L4,warning
59.82,1.866,21.88,12.9,11.0,1.32,senior,L2,normal
95.51,2.276,26.15,11.3,48.0,3.12,mid,L2,failure
78.65,3.177,17.47,15.3,49.0,0.1,mid,L3,failure
88.71,2.583,33.26,13.8,42.0,3.3,mid,L2,failure
64.98,1.58,23.1,7.9,42.0,2.09,senior,L2,normal
72.01,1.122,23.85,20.7,36.0,0.27,mid,L3,normal
72.31,3.562,26.78,16.5,14.0,2.91,mid,L3,warning
83.93,2.101,36.15,13.7,17.0,2.7,junior,L2,warning
71.15,2.937,41.81,9.5,28.0,0.87,mid,L3,warning
73.39,0.752,33.49,8.6,26.0,1.24,senior,L3,normal
85.92,2.727,26.98,11.0,28.0,5.71,mid,L2,failure
70.5,1.778,40.06,13.3,35.0,2.38,senior,L2,normal
82.1,2.462,32.91,15.2,26.0,0.1,junior,L1,failure
85.22,2.908,24.27,6.0,2.0,3.3,mid,L1,warning
81.82,1.401,38.9,7.8,33.0,3.69,mid,L4,warning
77.97,2.412,26.31,12.7,16.0,4.54,senior,L4,warning
88.59,1.16,29.57,15.0,1.0,1.78,mid,L2,normal
81.46,1.716,37.17,16.0,21.0,2.46,senior,L3,normal
72.94,1.516,40.01,17.7,6.0,2.11,mid,L3,normal
74.86,1.399,31.03,24.0,10.0,4.1,senior,L2,normal
92.72,2.044,42.36,11.3,20.0,4.77,mid,L1,failure
59.1,3.207,39.91,12.5,21.0,2.14,mid,L2,normal
66.91,1.875,22.6,15.2,35.0,4.28,senior,L4,warning
82.63,2.478,31.22,14.2,33.0,3.51,mid,L3,warning
70.4,1.174,24.75,14.2,26.0,4.32,mid,L3,normal
68.89,2.526,31.24,11.7,15.0,1.99,mid,L1,normal
81.97,1.342,44.83,17.6,36.0,2.36,mid,L4,warning
62.27,1.395,18.46,16.9,22.0,2.44,mid,L3,normal
84.41,1.778,32.84,10.3,31.0,2.61,mid,L1,warning
74.92,1.865,24.7,12.3,25.0,4.77,junior,L3,warning
62.71,1.464,26.6,13.1,50.0,4.21,mid,L3,normal
69.57,1.887,33.17,21.0,41.0,2.69,senior,L3,warning
64.41,2.952,28.86,13.4,33.0,1.99,senior,L4,warning
89.36,2.784,15.0,16.5,20.0,2.38,junior,L4,failure
67.11,1.46,26.08,16.0,42.0,2.11,junior,L3,normal
53.3,3.31,32.81,12.0,21.0,3.1,junior,L3,warning
69.02,2.283,22.35,15.4,42.0,0.73,mid,L2,normal
63.84,1.801,39.3,12.9,15.0,1.36,mid,L3,normal
51.56,1.924,46.59,19.5,16.0,1.91,senior,L2,normal
62.44,2.782,34.2,11.2,39.0,2.56,mid,L1,warning
68.63,1.705,31.12,12.9,24.0,3.81,mid,L3,warning
87.57,1.177,30.54,15.6,30.0,2.24,junior,L1,warning
83.11,1.48,32.2,8.0,18.0,0.1,mid,L3,normal
85.48,4.385,29.44,11.3,31.0,1.65,mid,L4,failure
78.04,1.933,30.87,17.0,25.0,0.1,junior,L4,normal
82.07,0.708,38.22,13.9,1.0,1.63,junior,L3,normal
78.1,0.446,41.79,18.8,37.0,3.09,mid,L4,normal
81.98,0.867,32.9,13.0,31.0,2.3,senior,L3,normal
79.37,2.015,27.5,4.5,46.0,3.98,senior,L2,normal
66.95,3.568,22.87,11.8,53.0,3.2,junior,L2,failure
68.34,1.74,34.64,19.3,22.0,1.35,mid,L1,normal
79.5,2.952,37.67,19.1,23.0,2.91,mid,L2,failure
84.93,1.822,20.09,15.5,27.0,4.4,mid,L2,warning
71.63,2.461,40.16,10.4,9.0,1.48,junior,L2,warning
83.49,2.519,29.27,14.1,21.0,2.65,junior,L3,warning
73.95,2.167,26.92,11.9,49.0,3.4,mid,L3,warning
79.82,1.367,28.01,12.0,28.0,5.66,mid,L1,warning
82.67,0.602,20.27,11.1,28.0,3.09,senior,L2,normal
76.09,1.242,34.41,12.5,19.0,3.62,mid,L1,warning
77.66,1.814,28.22,9.4,32.0,0.59,junior,L2,normal
82.14,1.087,34.85,10.3,39.0,3.26,junior,L4,warning
70.27,1.125,22.5,13.7,36.0,4.81,mid,L1,normal
70.83,2.149,32.47,17.9,28.0,3.04,mid,L2,warning
56.55,1.952,33.48,11.7,29.0,0.1,mid,L3,normal
63.81,1.69,34.71,19.0,14.0,0.28,mid,L3,normal
80.41,2.092,45.99,16.7,27.0,4.73,mid,L3,failure
77.34,2.674,29.75,16.9,22.0,3.01,mid,L2,warning
86.14,1.737,30.22,11.2,12.0,2.85,senior,L4,normal
109.0,2.12,29.18,12.7,34.0,2.52,mid,L1,failure
76.68,1.733,33.9,16.7,23.0,3.12,mid,L2,warning
94.51,1.648,36.24,15.0,40.0,1.64,mid,L1,normal
67.16,3.652,29.98,21.5,32.0,3.44,senior,L3,failure
73.66,1.646,43.29,14.2,36.0,2.72,junior,L4,warning
86.24,1.389,44.99,15.4,22.0,1.35,mid,L1,failure
63.14,3.104,32.72,12.2,17.0,3.33,mid,L3,normal
61.99,2.144,37.36,6.2,15.0,3.45,mid,L1,normal
70.27,2.254,31.58,11.8,27.0,5.53,mid,L4,warning
84.29,1.608,24.19,18.3,21.0,4.92,mid,L1,failure
90.01,0.677,39.03,14.4,18.0,1.04,senior,L4,normal
76.01,1.858,30.51,16.6,42.0,3.39,mid,L3,warning
76.76,2.448,25.18,18.8,50.0,2.69,mid,L1,failure
79.41,2.769,25.56,18.1,17.0,3.62,mid,L3,warning
63.9,2.25,31.43,13.8,32.0,2.23,junior,L1,normal
87.52,1.664,39.27,18.6,54.0,4.58,mid,L3,failure
73.01,2.916,25.96,16.5,20.0,4.39,mid,L4,warning
73.48,1.815,34.08,18.2,23.0,1.21,mid,L1,normal
68.03,3.446,27.54,19.9,41.0,2.31,junior,L3,failure
72.85,2.21,25.56,11.8,35.0,2.61,senior,L3,warning
60.05,1.429,34.88,15.9,22.0,5.04,mid,L4,normal
82.02,2.433,15.67,14.8,30.0,4.85,junior,L2,failure
76.56,1.597,26.2,8.6,19.0,1.81,senior,L1,normal
58.25,2.548,19.73,20.3,27.0,0.61,junior,L4,normal
82.66,1.82,34.0,8.5,1.0,3.63,junior,L2,warning
91.31,1.702,50.74,16.0,33.0,5.21,junior,L4,failure
66.97,2.532,33.7,15.2,16.0,2.84,junior,L1,warning
80.58,2.274,30.81,17.1,26.0,3.95,junior,L4,warning
79.13,3.275,39.11,13.8,17.0,2.64,mid,L4,failure
75.21,2.744,37.82,12.6,43.0,3.59,senior,L4,failure
89.95,1.501,42.49,14.6,34.0,2.63,mid,L3,warning
79.45,0.948,25.24,20.8,10.0,3.11,mid,L3,normal
70.95,2.891,33.08,14.5,13.0,1.59,senior,L4,warning
75.45,2.399,37.36,14.0,10.0,0.1,mid,L3,normal
60.47,0.4,34.38,16.7,23.0,3.15,junior,L1,normal
73.04,2.068,26.67,9.5,29.0,2.02,mid,L4,normal
64.67,3.179,36.58,15.6,29.0,2.3,senior,L4,failure
65.38,1.514,38.64,17.2,18.0,3.54,junior,L4,warning
68.04,0.4,33.15,13.5,31.0,4.26,mid,L3,normal
87.04,2.215,30.16,11.7,25.0,5.81,mid,L4,failure
92.83,1.414,26.68,13.2,35.0,1.44,senior,L3,warning
63.8,1.318,32.69,16.8,20.0,0.19,mid,L3,normal
67.82,0.948,32.84,15.7,18.0,2.58,junior,L2,normal
88.64,1.554,21.6,14.1,8.0,3.88,mid,L3,normal
68.24,3.197,31.51,9.0,35.0,1.8,mid,L1,warning
69.84,1.095,29.99,17.1,32.0,3.25,senior,L1,normal
75.81,3.116,35.34,14.4,19.0,3.57,junior,L4,failure
67.88,3.375,36.88,13.4,57.0,3.02,junior,L3,failure
67.89,3.946,42.97,13.6,21.0,4.49,mid,L4,failure
69.97,3.41,31.79,16.3,28.0,1.92,mid,L1,warning
69.02,1.659,33.78,12.1,1.0,3.32,mid,L1,normal
95.84,1.85,24.37,18.4,32.0,3.37,junior,L2,failure
75.71,2.783,24.76,11.6,50.0,1.76,junior,L1,warning
71.56,2.529,40.95,14.8,10.0,4.44,mid,L3,warning
59.39,1.23,36.44,20.6,45.0,1.44,senior,L2,normal
74.96,1.227,48.05,12.3,48.0,2.48,mid,L1,warning
93.33,1.725,25.71,16.0,10.0,4.06,junior,L2,failure
79.7,1.269,28.1,14.9,15.0,1.52,senior,L2,normal
80.75,2.196,31.39,16.3,8.0,2.25,mid,L4,normal
83.11,2.237,37.71,19.8,27.0,1.51,junior,L4,warning
77.57,3.752,26.33,9.5,16.0,0.12,mid,L2,warning
62.66,2.793,24.07,16.7,3.0,1.44,junior,L3,normal
57.84,2.372,29.67,18.3,37.0,1.62,mid,L1,warning
73.98,2.432,34.85,6.0,7.0,4.87,junior,L1,normal
73.28,1.534,30.28,19.8,26.0,4.95,junior,L1,failure
62.77,3.14,31.68,13.3,31.0,0.8,junior,L2,warning
73.49,3.208,33.64,17.7,21.0,4.82,junior,L3,failure
64.1,2.497,42.2,14.2,33.0,0.84,senior,L3,normal
85.59,2.672,43.58,11.6,29.0,1.41,senior,L3,failure
68.36,1.809,26.57,10.6,30.0,3.05,junior,L3,normal
60.59,2.544,31.7,11.5,35.0,2.78,senior,L1,warning
75.04,2.182,22.98,21.3,27.0,1.76,mid,L4,normal
74.49,3.067,31.82,22.4,37.0,2.8,junior,L3,failure
68.81,1.408,29.75,12.1,23.0,1.93,senior,L3,normal
59.54,1.929,29.34,9.0,33.0,1.03,mid,L2,normal
83.98,1.82,16.28,12.5,24.0,2.03,mid,L4,normal
78.75,0.902,33.99,14.8,13.0,3.53,mid,L3,warning
85.78,2.915,38.77,11.6,46.0,2.43,junior,L4,failure
72.46,2.281,42.79,7.3,33.0,2.5,mid,L1,normal
85.48,1.663,35.68,11.7,40.0,0.81,mid,L1,normal
79.3,2.707,31.45,19.5,44.0,1.15,junior,L1,failure
97.97,2.02,38.96,17.9,36.0,1.83,senior,L3,failure
71.67,1.386,38.82,15.3,26.0,3.98,senior,L3,normal
92.51,0.919,33.54,15.2,18.0,2.77,junior,L1,warning
48.3,2.265,28.59,18.2,26.0,2.48,junior,L1,warning
59.53,2.648,31.06,15.7,32.0,2.69,junior,L1,failure
73.56,2.065,37.38,19.1,37.0,2.89,mid,L3,warning
79.04,0.926,38.96,11.6,40.0,1.59,mid,L3,warning
93.38,2.08,24.36,18.4,47.0,2.23,junior,L3,failure
75.01,3.415,27.95,21.0,26.0,3.54,mid,L1,failure
72.01,1.831,38.61,14.3,19.0,0.38,mid,L3,normal
82.75,0.88,30.29,19.1,42.0,1.65,mid,L1,normal
88.68,2.351,31.42,13.2,24.0,2.58,mid,L4,warning
100.63,2.607,25.27,14.5,17.0,2.52,mid,L2,failure
69.89,0.934,31.37,8.9,28.0,3.2,senior,L4,normal
66.17,2.173,33.84,17.4,22.0,3.81,mid,L3,warning
66.13,3.695,28.65,7.5,1.0,3.39,junior,L3,failure
84.36,1.068,36.88,10.8,33.0,0.1,junior,L4,normal
71.54,1.81,35.3,11.0,15.0,1.77,mid,L2,normal
72.08,1.553,28.11,8.8,47.0,0.33,junior,L3,warning
80.72,1.32,41.35,14.8,8.0,2.75,mid,L3,warning
77.16,1.364,28.22,13.4,6.0,1.2,mid,L4,normal
63.07,1.061,26.12,18.1,20.0,4.89,senior,L4,normal
81.91,2.644,28.88,17.9,26.0,2.26,junior,L4,warning
68.89,1.643,57.12,9.8,15.0,1.15,mid,L1,normal
75.72,1.611,45.89,5.2,37.0,3.44,senior,L2,warning
75.0,1.326,27.26,23.0,33.0,2.84,senior,L4,normal
86.09,2.232,38.42,12.7,13.0,2.53,mid,L4,failure
74.54,1.742,36.29,12.8,36.0,2.14,junior,L1,normal
61.93,3.834,29.24,19.4,15.0,2.72,junior,L1,warning
97.45,3.056,33.17,7.5,5.0,2.94,junior,L3,failure
72.7,3.088,29.58,19.2,18.0,1.52,junior,L1,warning
90.15,1.677,29.36,17.7,34.0,1.51,junior,L3,failure
80.88,2.708,32.44,16.1,12.0,3.29,mid,L4,warning
96.07,2.982,27.11,8.7,36.0,4.87,mid,L4,failure
73.18,2.305,30.05,4.6,13.0,2.23,senior,L2,normal
72.48,2.915,36.49,14.1,46.0,1.64,senior,L3,failure
60.91,0.643,30.48,6.0,11.0,2.64,senior,L4,normal
65.78,2.202,22.38,16.9,27.0,2.11,junior,L2,normal
71.01,2.169,34.81,8.2,51.0,1.4,mid,L1,warning
91.22,0.852,29.23,9.0,35.0,1.09,mid,L1,normal
82.3,2.216,35.25,12.3,51.0,1.22,mid,L1,failure
62.68,2.008,21.38,9.3,1.0,1.97,junior,L1,normal
88.22,0.44,29.87,14.4,43.0,0.93,mid,L4,warning
74.59,2.023,43.0,22.4,6.0,3.82,mid,L1,warning
93.85,1.79,44.33,23.2,6.0,4.04,junior,L4,failure
78.2,2.276,28.48,12.6,46.0,2.98,mid,L3,warning
71.05,2.021,36.56,10.5,22.0,2.65,mid,L2,normal
76.09,2.049,36.72,8.6,30.0,3.87,mid,L4,warning
62.68,2.595,33.19,11.4,1.0,2.04,mid,L3,normal
74.91,2.313,34.68,7.9,1.0,0.5,mid,L3,normal
78.47,3.415,40.63,5.0,41.0,3.9,mid,L1,failure
77.94,2.326,25.47,6.8,16.0,6.02,senior,L1,normal
56.5,0.735,33.88,14.7,37.0,3.48,senior,L3,normal
85.61,0.4,39.25,10.9,1.0,2.9,senior,L4,normal
76.78,1.859,32.94,7.5,25.0,1.77,junior,L3,warning
70.22,2.249,30.92,5.7,26.0,4.13,senior,L4,normal
92.68,1.923,17.01,9.9,43.0,3.45,junior,L4,warning
81.61,2.212,26.02,18.0,33.0,3.11,junior,L4,failure
94.58,2.054,20.63,15.2,2.0,1.36,junior,L3,normal
77.77,1.883,26.41,14.7,28.0,5.48,junior,L3,failure
74.91,1.712,28.42,13.9,34.0,4.28,mid,L1,normal
90.44,2.97,33.34,12.6,27.0,3.72,junior,L2,failure
84.28,2.104,34.06,15.4,30.0,2.0,mid,L1,warning
51.67,1.982,40.45,8.7,32.0,4.66,mid,L2,warning
82.53,1.121,24.34,18.2,35.0,3.13,senior,L3,normal
85.25,1.354,32.52,17.3,14.0,4.6,mid,L4,normal
84.66,1.896,40.49,15.0,7.0,3.37,senior,L2,warning
83.02,0.855,42.1,8.1,24.0,2.72,mid,L4,normal
88.59,2.588,29.0,11.5,19.0,2.11,mid,L2,warning
80.5,1.903,30.31,10.6,25.0,0.97,senior,L3,normal
79.25,2.809,38.39,13.4,15.0,3.62,junior,L3,failure
77.34,1.848,27.59,10.1,17.0,2.44,senior,L1,normal
67.58,1.712,33.93,19.2,19.0,1.94,mid,L4,normal
98.04,2.064,36.66,17.8,9.0,3.86,mid,L1,failure
81.81,2.142,39.04,13.8,24.0,3.01,mid,L4,warning
75.47,1.753,28.08,13.6,11.0,1.78,mid,L1,normal
90.36,2.208,34.75,13.1,44.0,1.81,mid,L2,warning
90.76,2.881,20.34,17.0,7.0,4.07,senior,L4,failure
85.28,4.056,27.39,19.8,25.0,2.23,junior,L4,failure
98.25,2.223,27.61,14.8,29.0,1.48,senior,L4,failure
80.99,0.602,34.69,19.9,20.0,4.85,junior,L4,warning
61.25,2.197,33.19,5.3,33.0,1.65,junior,L2,normal
62.0,2.457,19.45,15.9,21.0,0.1,mid,L1,normal
73.71,1.199,28.95,12.8,33.0,3.56,senior,L3,normal
76.22,1.954,30.11,8.0,31.0,2.36,junior,L3,warning
81.53,1.488,27.4,13.4,41.0,4.77,mid,L3,warning
75.79,3.132,31.94,8.1,35.0,1.54,junior,L1,failure
69.95,1.472,18.03,17.0,34.0,3.9,junior,L2,warning
84.91,0.944,26.49,17.3,22.0,1.19,junior,L3,normal
69.21,2.758,33.83,10.9,31.0,2.07,mid,L1,warning
83.2,2.293,32.03,15.6,14.0,0.32,junior,L1,warning
66.81,1.432,37.31,19.0,49.0,2.63,mid,L2,warning
76.39,2.973,31.94,12.7,28.0,0.1,mid,L3,warning
100.44,1.853,34.24,24.0,37.0,1.46,junior,L2,failure
74.24,1.811,30.98,16.4,8.0,2.8,junior,L2,warning
70.37,1.488,29.7,14.5,35.0,0.42,junior,L3,normal
83.6,1.811,33.55,16.8,21.0,3.57,junior,L1,failure
81.07,2.037,27.59,14.5,36.0,2.69,mid,L1,warning
85.55,2.849,35.57,13.2,18.0,2.7,junior,L3,failure
85.81,2.488,36.76,18.9,28.0,1.69,mid,L1,failure
86.43,1.964,30.14,13.3,32.0,2.14,senior,L3,warning
82.11,0.834,27.19,13.0,35.0,1.2,senior,L3,normal
68.19,2.326,23.68,13.5,9.0,2.18,senior,L1,normal
76.58,2.357,34.03,16.0,23.0,4.45,junior,L3,failure
79.54,1.566,21.26,14.7,51.0,2.65,senior,L4,warning
76.99,2.556,30.36,15.4,39.0,1.56,mid,L2,normal
92.82,1.793,28.0,14.0,29.0,0.54,mid,L1,normal
72.45,1.587,29.25,17.3,19.0,2.51,mid,L2,normal
89.53,1.414,28.56,12.7,20.0,4.11,junior,L3,warning
52.59,2.186,36.56,9.1,19.0,1.32,mid,L3,normal
92.49,3.155,27.46,13.8,7.0,4.4,junior,L2,failure
86.01,1.957,40.99,16.4,15.0,2.21,mid,L3,warning
81.84,1.235,26.54,7.9,14.0,2.95,mid,L3,normal
98.78,2.457,34.72,11.8,23.0,4.18,mid,L2,failure
82.89,0.882,32.02,11.2,3.0,3.07,mid,L4,normal
72.91,1.574,33.07,17.2,44.0,2.65,mid,L1,warning
74.14,1.605,32.58,10.5,42.0,2.59,mid,L1,warning
78.14,2.636,38.4,17.4,39.0,2.41,mid,L3,warning
72.86,2.643,32.33,16.1,33.0,2.41,senior,L4,warning
75.22,2.615,30.61,18.3,41.0,2.96,mid,L4,failure
64.01,2.623,41.39,18.9,32.0,2.42,junior,L1,failure
72.62,1.621,26.2,12.3,25.0,2.5,mid,L2,normal
57.25,1.327,35.15,23.2,43.0,3.67,junior,L2,warning
82.29,2.329,44.69,14.6,25.0,1.76,senior,L4,normal
96.13,2.528,22.06,15.4,20.0,0.99,mid,L1,warning
85.77,1.1,31.47,17.4,22.0,1.05,senior,L2,normal
86.9,2.571,25.65,17.7,28.0,1.53,mid,L1,warning
90.43,1.006,29.95,12.6,41.0,2.48,senior,L3,normal
65.68,3.026,18.97,9.0,26.0,5.06,senior,L4,normal
97.34,2.28,41.09,16.5,18.0,3.98,mid,L3,failure
67.41,2.175,35.27,12.6,32.0,4.13,mid,L1,warning
102.38,2.388,32.52,22.7,26.0,2.76,mid,L2,failure
82.02,2.577,27.8,16.3,26.0,2.85,mid,L4,warning
68.47,1.471,28.03,14.0,34.0,1.06,mid,L1,normal
84.64,2.881,28.8,2.0,31.0,3.9,mid,L4,failure
90.99,1.143,32.45,13.4,29.0,2.44,senior,L2,normal
75.06,2.45,33.65,15.4,31.0,2.03,mid,L1,warning
82.32,2.537,25.15,13.9,27.0,5.83,mid,L3,warning
66.02,2.278,35.74,17.4,16.0,0.69,senior,L4,normal
86.5,1.909,29.4,17.1,25.0,3.13,junior,L4,failure
75.5,2.874,40.77,9.0,11.0,5.91,junior,L1,failure
70.99,1.79,42.53,10.8,37.0,4.64,junior,L2,failure
80.2,0.779,21.3,14.3,35.0,3.79,junior,L2,warning
82.83,2.619,35.98,18.4,32.0,2.28,mid,L3,warning
80.8,1.266,33.1,9.9,18.0,2.39,mid,L2,normal
84.04,1.038,34.87,12.5,1.0,1.89,mid,L3,normal
82.16,2.029,35.37,13.2,26.0,1.8,mid,L4,normal
67.46,2.938,35.05,19.0,42.0,3.15,mid,L4,failure
87.91,2.126,35.19,22.5,1.0,2.3,mid,L3,failure
67.71,1.535,38.23,14.1,19.0,4.13,senior,L3,normal
86.14,2.934,35.48,12.7,1.0,0.72,senior,L1,normal
72.59,2.872,33.32,11.3,35.0,2.51,junior,L1,failure
79.47,1.84,31.33,18.7,43.0,3.39,mid,L4,warning
82.33,2.69,26.81,12.8,47.0,4.93,mid,L4,failure
73.0,2.421,15.0,15.9,33.0,4.41,junior,L2,failure
82.52,2.05,44.84,12.4,16.0,2.74,senior,L3,warning
75.79,3.789,32.51,17.4,41.0,3.43,mid,L4,failure
97.86,0.899,40.28,15.3,31.0,4.88,junior,L4,failure
86.64,1.452,17.63,16.6,11.0,0.43,senior,L4,normal
74.53,1.689,46.54,17.6,29.0,1.84,senior,L2,failure
103.9,1.344,23.51,15.0,46.0,1.96,junior,L3,failure
79.08,1.962,31.15,7.7,9.0,1.75,mid,L3,normal
69.3,2.022,39.67,15.5,20.0,4.89,junior,L3,failure
88.37,2.225,27.5,13.9,49.0,1.96,mid,L2,failure
79.85,2.109,34.68,21.7,26.0,1.93,junior,L1,failure
71.36,2.077,31.46,14.0,39.0,1.93,senior,L4,normal
71.28,2.384,37.91,15.5,48.0,4.02,junior,L2,failure
85.65,3.35,33.86,17.7,36.0,0.93,mid,L4,failure
61.06,0.4,26.87,9.5,18.0,2.43,mid,L2,normal
79.42,2.058,21.79,18.9,19.0,0.1,junior,L2,normal
81.85,0.76,31.8,10.8,31.0,2.5,junior,L3,warning
76.63,0.643,24.11,12.9,34.0,3.33,mid,L4,normal
84.88,1.648,38.82,7.2,36.0,0.48,senior,L3,normal
72.38,2.487,41.12,20.9,21.0,3.1,mid,L2,failure
77.76,1.388,33.99,11.7,17.0,0.31,junior,L1,normal
77.3,2.326,34.63,9.0,40.0,3.91,senior,L4,warning
66.5,2.656,33.58,16.8,12.0,1.15,mid,L4,normal
85.77,2.115,30.18,18.8,18.0,0.5,junior,L2,warning
80.09,2.347,35.37,22.4,41.0,4.36,mid,L4,failure
77.32,2.007,26.57,13.9,26.0,1.26,junior,L2,warning
81.47,2.524,27.76,19.0,32.0,0.59,mid,L3,warning
89.37,1.937,29.61,15.5,27.0,1.55,junior,L3,warning
87.48,1.64,42.69,10.3,21.0,0.22,mid,L3,normal
71.77,2.844,32.68,13.8,36.0,0.65,mid,L1,warning
87.13,1.851,35.42,18.0,30.0,1.55,senior,L4,warning
67.21,1.681,37.78,2.1,29.0,3.04,mid,L3,normal
84.51,1.551,21.36,23.9,16.0,2.83,mid,L2,warning
83.77,1.285,28.84,19.5,18.0,3.3,senior,L4,normal
91.55,2.918,31.06,18.1,10.0,3.7,junior,L3,failure
56.69,3.782,40.89,9.7,39.0,3.95,junior,L3,failure
88.67,2.246,32.18,17.0,34.0,5.46,junior,L4,failure
77.22,1.051,23.11,14.8,34.0,1.6,mid,L2,normal
82.2,1.436,34.77,15.3,22.0,0.88,mid,L4,normal
79.57,2.117,40.12,13.8,28.0,2.85,mid,L4,warning
75.36,1.716,28.22,12.0,23.0,3.34,mid,L2,normal
83.46,3.374,29.94,10.6,34.0,4.69,mid,L1,failure
68.0,2.092,40.07,12.0,33.0,2.41,senior,L2,warning
81.3,1.951,39.64,9.2,18.0,2.55,junior,L3,normal
90.54,1.871,34.67,13.4,5.0,3.57,senior,L2,normal
84.98,2.676,30.33,15.2,18.0,2.36,mid,L4,failure
80.82,2.651,34.81,14.2,21.0,2.09,mid,L1,failure
88.55,2.658,36.02,11.7,46.0,3.81,junior,L4,failure
75.47,1.7,33.77,13.0,19.0,3.43,mid,L2,warning
87.16,1.701,32.56,23.2,26.0,2.52,senior,L4,failure
91.93,3.727,34.13,12.9,27.0,4.04,mid,L4,failure
89.0,2.832,27.67,16.6,56.0,1.71,senior,L2,failure
67.41,2.041,38.95,18.7,9.0,2.08,mid,L3,normal
76.98,1.588,32.73,17.7,23.0,1.38,junior,L2,normal
82.4,2.285,37.47,12.3,44.0,4.02,mid,L2,failure
78.05,1.871,27.0,22.0,27.0,6.47,mid,L3,failure
72.98,2.886,28.04,14.3,40.0,2.97,mid,L3,warning
63.03,1.928,34.46,12.8,28.0,2.22,senior,L2,normal
69.57,1.004,23.68,18.2,14.0,2.22,senior,L1,normal
72.46,1.16,38.75,16.8,16.0,4.6,mid,L4,normal
71.96,1.779,21.63,8.8,14.0,3.31,mid,L3,normal
62.55,2.232,30.42,7.2,30.0,1.6,junior,L3,normal
76.64,1.944,28.13,12.3,43.0,2.26,mid,L4,failure
65.67,2.136,34.43,18.8,34.0,2.09,junior,L3,failure
69.37,2.049,27.69,11.1,28.0,5.33,mid,L3,warning
81.37,0.745,29.69,15.6,7.0,0.2,mid,L2,normal
73.72,2.38,44.33,11.6,13.0,0.1,mid,L1,normal
79.9,1.164,30.41,6.5,6.0,1.56,mid,L3,normal
69.37,1.239,28.12,5.3,34.0,2.54,mid,L1,normal
89.36,1.987,32.01,8.5,41.0,0.39,mid,L1,warning
90.69,1.022,18.8,13.2,10.0,3.63,mid,L1,warning
56.79,2.646,27.63,10.1,30.0,3.1,mid,L4,warning
77.62,2.074,28.49,21.3,17.0,0.1,junior,L4,normal
87.55,2.863,40.62,12.4,32.0,0.57,mid,L3,failure
79.39,0.4,39.28,17.9,30.0,3.41,mid,L4,normal
78.7,1.445,37.24,15.2,19.0,4.2,mid,L4,normal
96.03,2.822,18.79,19.1,10.0,2.44,mid,L2,warning
80.0,1.591,29.24,15.9,11.0,3.52,mid,L1,normal
74.68,4.984,31.1,10.1,25.0,2.98,junior,L3,failure
87.15,1.688,31.15,13.7,24.0,3.06,junior,L3,warning
57.89,2.243,31.19,12.4,33.0,1.65,junior,L4,normal
58.77,3.95,28.61,16.1,27.0,3.2,senior,L1,warning
77.21,1.836,22.47,14.6,59.0,4.06,mid,L2,failure
70.21,3.953,24.85,12.7,42.0,2.32,mid,L3,failure
77.27,1.502,37.5,14.8,32.0,2.31,mid,L2,normal
77.64,2.631,27.74,8.2,14.0,0.1,junior,L4,normal
66.78,2.448,45.13,17.6,40.0,0.1,senior,L2,warning
99.97,2.266,32.1,16.3,47.0,3.48,junior,L4,failure
76.59,2.051,33.06,10.3,18.0,1.03,mid,L3,normal
83.58,2.365,32.52,12.6,18.0,1.91,senior,L2,warning
99.05,0.833,36.64,9.7,9.0,1.36,mid,L4,normal
70.29,1.145,23.66,13.5,43.0,3.2,mid,L1,normal
67.64,1.083,31.09,8.4,16.0,2.55,mid,L1,normal
102.0,2.705,36.2,16.5,25.0,4.82,junior,L3,failure
86.43,2.476,35.74,8.3,54.0,1.32,senior,L1,failure
62.16,1.655,24.78,21.5,20.0,2.33,senior,L2,normal
80.23,1.272,36.0,9.1,33.0,5.12,mid,L4,warning
75.16,1.701,32.28,14.9,13.0,0.34,senior,L2,normal
71.05,1.07,19.1,6.1,25.0,0.43,mid,L3,normal
89.69,0.513,24.29,17.8,21.0,1.48,junior,L4,normal
89.12,2.706,33.2,14.4,15.0,4.49,junior,L1,failure
85.47,2.413,23.79,19.3,25.0,1.78,junior,L3,failure
78.51,2.016,40.22,12.0,19.0,3.0,mid,L4,warning
96.69,2.262,38.42,12.6,24.0,0.1,junior,L1,failure
82.62,2.499,17.62,12.4,36.0,4.22,junior,L1,failure
44.8,1.257,38.73,12.6,19.0,2.37,junior,L1,normal
69.96,3.374,35.33,21.4,33.0,3.46,mid,L1,failure
79.23,2.335,29.42,19.5,31.0,3.36,senior,L3,failure
72.6,1.521,30.13,16.0,39.0,2.03,mid,L1,normal
83.4,1.228,26.15,18.6,11.0,3.38,senior,L2,normal
76.91,1.407,40.5,11.3,23.0,3.19,mid,L1,normal
102.58,0.927,39.66,19.5,27.0,1.69,mid,L2,warning
84.05,2.15,43.07,10.9,16.0,5.08,junior,L2,failure
75.33,0.562,32.7,19.9,44.0,2.87,mid,L4,normal
77.73,2.069,25.01,16.1,38.0,0.9,mid,L3,normal
55.73,1.75,46.14,8.4,37.0,2.01,senior,L4,normal
75.8,2.155,35.65,3.4,31.0,3.31,senior,L3,warning
81.67,1.28,42.71,13.1,4.0,3.07,junior,L4,normal
67.67,2.53,30.47,8.4,48.0,4.14,senior,L1,warning
62.2,1.745,32.65,14.7,23.0,0.59,mid,L3,normal
88.78,1.391,35.73,6.9,49.0,1.1,mid,L3,normal
70.52,1.454,35.14,11.0,57.0,3.88,mid,L2,warning
62.96,2.261,31.7,18.4,15.0,3.96,senior,L2,normal
83.19,3.042,35.73,11.7,23.0,1.49,junior,L3,failure
62.82,2.451,38.72,16.6,26.0,7.39,mid,L2,warning
78.49,2.14,15.0,9.0,1.0,3.28,mid,L1,normal
87.66,1.277,30.67,16.2,6.0,2.53,junior,L3,warning
70.16,1.881,27.08,7.3,35.0,3.09,junior,L4,normal
78.73,1.663,22.65,7.7,42.0,2.25,junior,L4,warning
50.01,0.932,39.13,11.5,43.0,3.5,senior,L3,normal
82.11,2.579,30.25,13.8,24.0,3.14,senior,L3,failure
79.59,2.624,23.31,12.4,31.0,3.91,mid,L3,warning
75.07,1.055,34.55,9.5,39.0,2.94,mid,L3,warning
70.72,2.192,27.06,10.0,10.0,2.77,junior,L3,warning
75.29,1.658,27.52,17.2,38.0,3.04,junior,L1,normal
79.67,1.49,32.4,15.7,23.0,4.35,mid,L1,warning
84.95,2.243,27.69,18.8,13.0,3.75,mid,L3,warning
56.08,1.811,36.07,12.6,12.0,2.47,mid,L1,normal
60.58,3.399,45.71,7.7,41.0,1.36,junior,L2,failure
73.57,2.171,27.32,12.6,21.0,2.75,mid,L2,normal
92.75,3.026,27.9,14.0,30.0,1.69,mid,L4,failure
78.46,1.676,40.13,9.1,26.0,4.67,mid,L1,warning
69.95,1.675,33.47,10.8,1.0,2.09,junior,L4,normal
89.16,0.846,24.33,17.6,1.0,0.82,mid,L4,normal
76.34,2.823,26.23,17.7,28.0,1.84,mid,L4,warning
96.01,2.657,37.87,16.0,20.0,3.69,junior,L2,failure
70.41,1.096,41.87,17.9,22.0,3.9,mid,L4,normal
76.71,1.396,37.19,12.6,26.0,0.44,mid,L1,normal
81.89,3.04,31.84,12.5,28.0,3.57,junior,L3,failure
56.71,2.612,22.75,14.8,11.0,3.14,mid,L2,normal
77.67,2.977,21.04,12.0,26.0,2.72,mid,L1,normal
62.38,1.354,44.29,17.4,14.0,3.08,senior,L1,normal
73.51,2.69,31.84,21.3,31.0,2.7,senior,L3,failure
65.61,1.118,29.76,10.4,22.0,2.15,junior,L3,normal
72.67,1.026,22.9,9.8,40.0,5.64,mid,L4,warning
73.95,1.938,15.0,11.4,39.0,1.93,mid,L2,normal
101.86,2.57,26.14,7.0,41.0,1.9,junior,L1,failure
61.19,1.681,35.29,12.8,33.0,3.64,mid,L4,normal
84.03,1.994,31.89,11.1,30.0,0.1,senior,L3,normal
90.76,2.542,34.2,15.5,43.0,5.36,junior,L4,failure
79.56,1.209,38.75,10.0,49.0,2.35,junior,L3,warning
80.48,2.601,32.29,14.8,35.0,3.37,junior,L1,failure
90.49,1.11,30.43,12.2,44.0,3.86,senior,L2,warning
78.69,1.545,34.74,16.9,1.0,2.63,senior,L3,normal
68.66,2.2,31.21,13.1,24.0,4.24,junior,L1,warning
75.18,1.658,30.28,7.1,22.0,2.02,senior,L2,normal
77.96,2.288,34.28,12.8,17.0,4.16,senior,L3,warning
80.49,1.393,25.93,13.2,28.0,2.6,senior,L4,normal
86.73,2.086,36.28,18.5,28.0,6.05,mid,L4,failure
66.88,1.015,22.98,17.2,28.0,0.92,junior,L2,normal
76.43,2.834,40.55,13.8,41.0,4.05,senior,L1,failure
74.86,1.554,29.02,15.3,32.0,3.62,mid,L1,warning
76.68,1.105,28.75,12.9,23.0,0.58,mid,L2,normal
87.87,2.037,34.22,13.9,41.0,2.86,senior,L3,warning
61.82,0.4,44.23,9.3,18.0,6.14,junior,L1,normal
86.09,2.691,26.55,17.0,13.0,4.72,senior,L4,warning
79.53,1.6,37.47,13.1,47.0,3.88,mid,L3,failure
89.23,1.742,22.14,6.1,23.0,1.36,junior,L4,normal
74.28,1.728,32.88,19.0,12.0,5.68,junior,L3,warning
82.5,2.457,38.01,5.4,41.0,1.8,mid,L1,warning
105.03,0.4,32.73,11.6,39.0,2.42,senior,L2,normal
61.59,3.118,36.39,16.8,21.0,5.31,mid,L4,warning
97.1,0.4,40.37,17.0,11.0,3.77,mid,L3,normal
70.08,2.616,28.63,13.2,23.0,1.64,junior,L3,failure
88.86,1.814,48.43,12.9,32.0,1.59,senior,L4,failure
89.17,2.059,33.82,9.3,36.0,2.18,senior,L1,failure
95.3,1.383,26.59,14.3,27.0,3.44,junior,L3,warning
71.95,2.652,34.84,19.7,32.0,1.43,mid,L4,failure
86.17,0.888,42.2,16.2,29.0,2.2,junior,L2,normal
73.43,0.654,38.14,10.0,32.0,0.9,senior,L1,normal
70.41,0.663,43.96,13.2,39.0,2.16,senior,L2,normal
84.3,2.769,25.72,17.3,38.0,2.0,mid,L4,failure
70.23,2.712,25.33,18.0,34.0,2.55,mid,L1,failure
73.76,1.303,45.23,14.6,19.0,4.51,mid,L3,normal
51.93,2.532,29.39,16.7,37.0,0.1,junior,L3,warning
61.34,1.713,35.64,11.3,8.0,2.79,junior,L4,normal
85.9,1.099,29.49,14.2,23.0,3.3,junior,L4,warning
70.5,2.413,33.5,13.7,24.0,3.44,mid,L2,warning
58.98,2.006,33.71,7.7,34.0,4.8,senior,L3,warning
83.45,2.438,30.55,15.1,6.0,0.94,mid,L4,normal
79.15,2.062,18.48,12.2,40.0,2.97,junior,L2,warning
99.91,2.166,28.53,10.1,19.0,4.38,mid,L3,failure
85.45,1.257,29.52,15.5,23.0,2.43,senior,L3,normal
73.88,1.943,42.59,16.5,23.0,5.38,mid,L4,warning
67.87,2.397,29.91,15.7,24.0,0.1,mid,L2,normal
64.7,1.439,26.39,7.7,23.0,0.3,senior,L3,normal
61.82,1.175,31.68,12.7,21.0,1.96,mid,L3,normal
96.96,2.621,36.55,17.2,18.0,0.56,senior,L1,warning
76.43,3.243,27.7,11.4,15.0,2.62,junior,L2,warning
88.08,1.975,44.18,14.0,40.0,3.19,senior,L2,failure
108.89,0.499,39.55,12.4,50.0,5.64,mid,L3,failure
100.05,1.951,34.46,16.8,31.0,5.06,junior,L2,failure
68.83,2.496,29.83,12.5,51.0,1.68,senior,L3,warning
67.46,1.017,28.98,12.9,26.0,2.56,senior,L3,normal
68.63,0.681,39.91,14.6,36.0,4.63,mid,L3,warning
79.67,1.539,35.86,24.0,27.0,0.47,junior,L3,normal
95.76,0.4,27.55,15.6,14.0,3.08,mid,L3,normal
98.26,2.251,32.04,15.8,29.0,4.59,junior,L4,failure
73.28,2.739,32.86,8.6,17.0,4.08,mid,L2,warning
77.92,1.37,20.04,12.6,30.0,1.57,mid,L4,normal
87.07,3.05,25.54,13.6,27.0,2.1,junior,L4,failure
76.72,2.082,22.81,10.3,20.0,3.46,junior,L2,warning
69.87,1.062,22.56,24.0,27.0,3.52,junior,L3,warning
75.54,2.225,30.43,16.3,3.0,3.48,mid,L1,normal
68.39,1.547,38.59,11.3,14.0,0.73,junior,L4,normal
78.05,2.156,34.77,16.9,38.0,1.21,mid,L1,warning
64.76,2.114,21.08,7.9,39.0,2.69,junior,L1,normal
89.09,2.741,33.61,18.5,19.0,3.15,senior,L2,failure
79.32,1.29,34.91,22.8,17.0,2.83,junior,L4,warning
78.8,1.355,36.41,18.3,25.0,2.65,senior,L3,normal
74.91,4.066,34.69,10.8,39.0,0.75,mid,L3,failure
64.57,1.938,20.9,12.8,24.0,2.5,senior,L3,normal
47.31,0.971,44.88,11.8,40.0,3.9,mid,L4,normal
74.78,1.703,32.07,14.9,29.0,2.44,mid,L1,normal
62.57,2.98,33.22,10.6,18.0,1.67,senior,L3,warning
63.46,1.582,24.46,17.3,37.0,5.26,senior,L4,normal
79.44,1.793,19.43,11.3,37.0,3.43,junior,L1,warning
66.92,0.976,32.11,12.2,30.0,0.8,mid,L3,normal
84.19,2.36,39.27,15.6,19.0,5.24,mid,L2,failure
90.31,1.311,35.8,9.4,14.0,2.7,mid,L1,normal
60.33,1.608,43.13,14.5,49.0,3.89,senior,L2,warning
86.35,1.023,36.47,15.4,11.0,4.5,mid,L4,normal
71.6,2.741,38.01,12.3,35.0,4.17,mid,L2,failure
85.55,2.141,35.11,19.1,27.0,3.55,junior,L4,failure
85.31,1.16,35.48,13.1,33.0,2.0,mid,L4,warning
55.16,1.435,31.94,15.6,18.0,0.1,mid,L1,normal
75.17,1.076,27.74,19.5,21.0,3.82,junior,L1,warning
78.81,1.475,34.49,10.0,1.0,0.57,mid,L1,normal
72.13,2.037,20.94,11.6,31.0,4.8,mid,L3,warning
76.38,2.336,30.98,17.7,27.0,0.33,mid,L2,warning
60.08,1.582,44.29,20.1,27.0,5.04,junior,L2,warning
95.45,1.615,32.03,20.2,14.0,2.59,junior,L4,warning
73.82,1.392,22.13,17.3,45.0,2.61,mid,L3,warning
68.09,2.292,35.9,7.1,15.0,4.91,senior,L1,normal
76.83,2.363,34.61,13.3,37.0,3.53,mid,L3,failure
70.78,2.989,24.45,16.6,21.0,0.22,mid,L4,normal
82.67,2.262,45.69,19.8,22.0,2.99,senior,L4,failure
66.91,0.643,40.56,18.5,27.0,5.38,mid,L2,normal
80.95,2.543,43.16,15.4,47.0,1.79,mid,L2,warning
81.09,1.561,30.0,11.8,31.0,0.75,mid,L4,warning
45.58,0.814,30.04,5.1,29.0,5.73,mid,L4,normal
79.23,3.293,28.09,15.1,12.0,0.36,senior,L2,warning
67.04,1.448,34.3,10.8,9.0,2.76,junior,L3,normal
77.03,3.023,22.82,17.2,22.0,3.07,senior,L1,warning
77.04,1.094,31.98,16.1,34.0,3.62,mid,L2,normal
69.19,1.604,39.6,19.5,19.0,1.23,junior,L2,normal
80.78,2.203,26.16,18.3,29.0,4.18,junior,L4,failure
75.68,2.85,34.5,16.5,29.0,2.32,senior,L3,warning
90.63,1.024,27.59,10.8,22.0,2.17,junior,L4,warning
58.21,2.491,43.2,17.8,11.0,3.94,senior,L3,normal
87.96,2.57,32.3,19.0,23.0,0.54,senior,L1,failure
77.43,1.146,40.06,3.2,35.0,1.64,junior,L3,normal
80.79,2.413,31.61,14.0,32.0,3.19,mid,L2,failure
66.48,2.978,25.91,11.1,30.0,4.56,senior,L2,warning
70.66,2.726,24.44,24.0,5.0,4.59,junior,L3,failure
79.05,1.189,31.47,16.8,46.0,3.73,junior,L3,failure
79.71,1.416,33.76,11.9,25.0,4.21,mid,L3,normal
84.63,0.4,40.36,20.8,57.0,3.5,mid,L4,failure
80.68,1.984,26.92,11.7,36.0,4.23,mid,L3,failure
83.83,1.4,38.29,13.2,38.0,2.02,senior,L2,normal
67.39,1.375,38.49,11.8,40.0,3.35,junior,L4,warning
86.1,0.4,43.47,17.7,21.0,2.72,senior,L2,normal
71.01,1.358,31.25,12.5,45.0,1.21,mid,L1,normal
73.43,3.934,18.69,15.9,7.0,2.03,mid,L4,warning
59.88,2.236,18.84,13.0,24.0,1.69,mid,L4,normal
83.0,1.485,19.26,12.3,25.0,3.41,junior,L1,normal
75.5,2.917,28.61,12.7,20.0,3.86,mid,L3,warning
67.07,2.022,26.22,10.5,14.0,1.89,mid,L4,normal
65.65,1.824,36.06,14.6,24.0,3.13,mid,L2,warning
73.21,1.194,36.11,16.1,20.0,4.21,junior,L3,normal
60.43,1.178,29.65,19.0,38.0,2.32,junior,L2,warning
60.64,2.276,15.83,18.6,38.0,2.06,mid,L1,warning
81.8,2.036,40.64,19.2,17.0,2.32,mid,L4,failure
104.29,1.89,39.98,17.3,15.0,4.0,senior,L2,warning
89.58,2.136,39.04,16.3,34.0,4.44,senior,L3,failure
70.96,3.066,19.69,8.9,13.0,4.28,mid,L2,normal
83.47,3.07,28.58,16.9,11.0,2.7,junior,L3,failure
75.94,1.906,39.85,10.0,42.0,2.97,junior,L4,warning
71.21,2.506,33.67,14.9,28.0,4.58,mid,L1,warning
83.01,2.295,27.21,10.3,21.0,4.15,mid,L3,warning
71.58,2.31,26.34,11.8,20.0,5.25,mid,L1,warning
71.44,2.293,46.14,12.0,14.0,3.99,senior,L1,warning
69.14,1.623,31.35,20.6,11.0,4.05,mid,L3,warning
74.54,3.309,40.85,11.4,19.0,2.76,mid,L2,warning
68.27,3.026,31.54,11.8,33.0,0.62,mid,L1,warning
61.83,3.135,36.11,15.8,17.0,3.25,junior,L4,failure
84.68,3.275,36.93,8.3,13.0,2.03,mid,L2,warning
63.8,3.241,29.13,11.5,24.0,2.37,mid,L1,warning
85.1,2.508,42.87,13.9,23.0,2.15,junior,L4,warning
80.57,2.645,41.81,6.0,41.0,2.49,senior,L1,failure
85.75,1.855,33.17,8.2,32.0,4.73,mid,L4,warning
86.43,1.67,26.99,13.7,42.0,4.27,junior,L2,failure
75.36,1.051,29.35,16.7,42.0,3.58,junior,L2,normal
78.64,0.702,38.24,10.6,24.0,6.12,junior,L2,normal
72.33,1.021,44.03,20.3,36.0,2.86,junior,L2,warning
91.85,2.08,36.07,15.3,20.0,0.1,junior,L4,warning
94.37,2.213,28.06,18.6,51.0,3.12,senior,L4,failure
82.95,1.695,34.58,10.2,41.0,1.58,mid,L2,warning
73.04,2.2,23.99,7.4,28.0,1.08,mid,L4,normal
75.78,1.594,32.98,10.5,6.0,0.21,junior,L1,normal
70.46,1.944,40.39,9.7,27.0,0.73,senior,L2,warning
71.43,1.461,30.92,17.9,16.0,0.94,mid,L1,normal
59.93,2.413,49.3,17.5,4.0,2.02,junior,L2,warning
80.6,3.355,38.84,14.5,49.0,2.82,junior,L4,failure
84.03,2.357,35.38,15.5,25.0,2.44,mid,L1,warning
80.31,2.402,39.0,15.3,35.0,3.68,senior,L4,failure
63.4,2.184,30.41,9.9,10.0,3.7,junior,L1,normal
74.13,2.5,29.24,24.0,25.0,3.86,mid,L2,failure
62.91,2.465,30.56,11.1,21.0,7.42,senior,L4,warning
91.93,1.759,30.95,16.2,20.0,2.15,senior,L4,warning
84.06,2.04,22.32,6.6,37.0,2.53,senior,L4,normal
65.63,2.725,32.51,12.6,14.0,1.63,junior,L2,warning
83.95,2.02,30.04,14.7,11.0,0.95,senior,L3,normal
95.97,1.135,35.88,16.7,9.0,4.53,mid,L1,warning
75.82,2.471,15.27,17.4,7.0,2.75,senior,L3,normal
81.95,1.607,29.3,16.0,28.0,4.8,junior,L2,warning
84.03,1.022,35.96,15.8,14.0,3.91,mid,L2,warning
72.7,1.413,31.54,9.2,43.0,3.61,senior,L2,normal
85.18,2.41,32.34,2.0,40.0,3.52,junior,L2,failure
86.54,2.043,25.03,13.6,15.0,3.71,junior,L2,normal
84.07,2.627,21.8,8.8,14.0,0.1,junior,L4,warning
60.51,1.734,34.36,16.6,18.0,1.03,junior,L2,normal
90.06,0.4,26.94,15.0,8.0,2.86,mid,L1,normal
72.53,1.838,40.72,12.7,10.0,2.83,senior,L2,normal
103.88,2.087,50.77,16.4,38.0,1.1,junior,L4,failure
85.32,0.923,30.4,15.0,40.0,2.75,mid,L2,normal
60.23,2.599,32.58,11.6,26.0,2.51,senior,L3,warning
76.72,0.812,34.9,13.0,21.0,5.2,mid,L3,normal
65.35,2.326,37.27,9.8,45.0,3.17,junior,L1,warning
82.36,2.754,28.43,12.0,40.0,0.1,junior,L1,failure
86.53,1.966,33.89,18.8,33.0,5.39,senior,L3,failure
60.05,1.982,28.39,16.1,23.0,3.74,mid,L3,normal
61.14,2.193,33.02,14.6,40.0,2.01,mid,L1,normal
84.49,1.865,27.56,17.2,52.0,2.76,junior,L2,failure
61.04,2.507,36.38,13.6,21.0,5.66,junior,L2,warning
84.33,2.786,20.36,13.8,12.0,4.55,mid,L4,warning
77.43,1.094,44.83,11.5,5.0,2.14,junior,L4,normal
64.72,1.87,30.31,20.1,23.0,1.1,junior,L4,normal
62.72,2.77,30.68,14.5,23.0,4.93,senior,L3,warning
81.08,1.982,39.05,11.7,39.0,3.24,junior,L1,failure
64.69,2.726,16.99,14.9,33.0,3.07,mid,L2,warning
66.52,1.652,19.73,18.2,32.0,3.25,mid,L2,warning
87.98,2.029,36.66,8.8,16.0,3.9,senior,L4,normal
78.79,1.258,37.57,11.0,47.0,0.73,junior,L2,normal
71.52,2.991,34.75,14.5,14.0,1.1,junior,L3,normal
89.55,1.867,28.11,14.1,22.0,4.76,senior,L4,warning
73.09,2.151,24.89,14.5,38.0,3.2,mid,L4,warning
57.06,2.233,48.58,12.8,42.0,4.01,mid,L3,warning
74.26,1.463,40.45,13.9,58.0,1.62,senior,L4,warning
74.2,1.346,18.95,15.5,8.0,3.59,senior,L4,normal
66.05,1.714,43.13,12.8,28.0,2.71,mid,L2,normal
102.29,2.501,22.55,14.3,31.0,2.09,mid,L4,failure
61.03,1.288,47.09,21.1,25.0,3.39,mid,L2,warning
65.1,1.942,35.2,9.1,26.0,3.23,senior,L4,warning
66.46,1.395,33.72,16.7,14.0,4.66,mid,L3,normal
72.75,3.508,41.94,16.2,23.0,1.31,mid,L1,failure
67.8,2.843,24.14,15.5,27.0,3.92,senior,L1,warning
73.09,2.536,29.07,7.9,41.0,1.41,junior,L4,warning
73.3,2.934,29.8,13.0,16.0,2.0,mid,L2,normal
80.35,1.776,27.02,16.6,16.0,1.95,senior,L4,normal
74.61,1.943,34.8,20.2,23.0,4.07,junior,L4,warning
63.48,1.526,39.0,12.5,39.0,3.93,mid,L3,normal
70.13,2.595,28.59,22.5,51.0,1.83,junior,L4,failure
78.27,1.772,22.45,20.2,42.0,4.13,junior,L4,failure
69.81,1.004,34.93,12.6,39.0,4.26,junior,L2,warning
86.39,2.46,33.47,21.1,22.0,1.62,mid,L3,warning
77.46,1.295,28.96,10.8,16.0,2.21,junior,L3,normal
100.23,1.766,26.85,7.7,30.0,3.51,senior,L3,warning
76.26,1.725,35.46,10.9,41.0,1.25,mid,L4,warning
72.98,3.206,40.85,16.1,27.0,5.09,mid,L4,failure
87.84,2.526,34.8,11.5,30.0,3.68,mid,L4,failure
104.76,1.581,33.76,13.8,31.0,3.0,senior,L2,failure
99.88,2.526,30.25,17.5,17.0,2.94,mid,L1,failure
82.29,0.613,22.25,15.7,29.0,3.44,mid,L2,normal
74.75,2.015,34.08,18.2,29.0,3.41,senior,L3,warning
70.4,1.448,36.33,9.4,36.0,3.41,senior,L2,normal
83.06,2.33,31.19,10.8,32.0,3.62,junior,L4,warning
65.18,1.431,29.46,11.1,27.0,2.32,senior,L3,normal
58.11,0.788,37.91,16.0,28.0,3.54,senior,L4,normal
77.76,2.192,36.64,8.5,20.0,1.11,mid,L4,normal
76.69,2.387,25.85,15.0,29.0,3.48,mid,L3,normal
97.72,1.802,35.44,16.5,19.0,3.32,mid,L3,warning
96.64,1.576,22.07,17.8,14.0,2.06,junior,L2,warning
86.69,2.491,34.91,14.9,38.0,2.28,mid,L1,warning
79.86,1.871,35.52,14.5,14.0,4.63,senior,L2,normal
84.44,1.262,33.88,19.7,51.0,0.1,mid,L2,normal
67.73,2.093,37.55,6.1,35.0,2.08,mid,L2,normal
58.89,0.4,27.37,16.8,36.0,2.84,senior,L1,normal
67.03,0.919,30.91,14.2,14.0,1.68,senior,L2,normal
82.85,3.16,24.73,12.7,19.0,2.02,senior,L3,warning
79.73,0.869,43.44,13.7,25.0,1.38,senior,L1,normal
72.26,1.454,48.26,12.2,26.0,6.03,mid,L4,warning
83.64,3.232,22.68,22.1,11.0,1.93,mid,L3,failure
63.04,2.337,19.47,10.6,26.0,0.1,senior,L3,normal
71.53,2.684,31.58,13.8,25.0,4.34,junior,L2,failure
93.07,1.474,42.16,15.2,32.0,1.42,junior,L1,failure
92.27,1.894,31.57,10.5,40.0,1.76,mid,L2,failure
61.27,2.007,31.21,19.8,21.0,5.45,mid,L3,failure
94.54,1.349,26.63,18.2,39.0,3.18,mid,L3,failure
84.39,2.548,35.24,15.8,23.0,2.88,mid,L4,failure
77.5,1.851,34.21,13.1,33.0,1.33,mid,L3,warning
79.75,2.49,42.64,20.2,47.0,1.03,mid,L2,failure
101.13,1.595,35.63,7.9,19.0,0.84,junior,L4,warning
87.53,1.154,30.79,9.5,29.0,4.39,mid,L4,normal
88.68,2.582,32.44,10.8,20.0,4.45,mid,L4,failure
92.73,1.315,39.75,8.3,31.0,2.6,junior,L3,warning
68.54,2.708,34.98,13.9,8.0,4.58,senior,L1,warning
64.41,2.755,34.57,10.7,19.0,3.45,mid,L3,warning
72.26,1.818,43.37,12.6,25.0,1.93,senior,L1,normal
70.23,2.289,30.89,17.5,39.0,5.25,senior,L3,failure
55.56,1.76,32.46,12.6,32.0,1.03,senior,L4,normal
58.75,1.809,38.65,24.0,44.0,1.1,mid,L1,failure
53.52,3.082,33.02,5.8,11.0,1.63,junior,L1,normal
93.67,2.454,34.85,13.1,1.0,2.27,mid,L3,normal
79.17,2.433,34.61,18.1,27.0,3.47,junior,L2,failure
79.63,1.103,31.99,10.4,28.0,0.1,mid,L1,normal
82.6,1.329,39.46,13.7,16.0,2.39,junior,L2,warning
90.77,1.111,31.61,9.7,30.0,4.55,senior,L3,normal
68.05,1.942,34.43,12.8,34.0,4.43,senior,L4,warning
73.86,2.957,26.3,14.7,19.0,0.1,mid,L3,warning
64.35,2.324,15.0,12.0,18.0,2.87,mid,L4,normal
85.81,2.793,34.2,16.6,43.0,0.54,junior,L3,failure
77.87,1.09,33.55,14.9,32.0,1.75,mid,L3,warning
74.21,2.712,37.5,13.9,6.0,2.41,junior,L4,failure
82.26,1.538,32.34,17.1,28.0,1.59,mid,L3,warning
81.71,1.106,35.24,15.6,36.0,3.91,mid,L2,normal
73.39,1.229,31.2,21.3,36.0,1.59,mid,L1,warning
73.38,0.847,32.14,12.7,40.0,1.05,junior,L4,normal
74.86,1.435,28.03,20.6,30.0,3.23,senior,L3,normal
72.96,1.826,27.46,14.0,25.0,3.58,senior,L1,warning
68.15,2.301,38.96,20.0,19.0,5.29,mid,L2,warning
71.36,2.917,31.11,17.1,16.0,4.56,mid,L3,warning
73.78,2.658,28.14,16.0,26.0,3.31,senior,L1,warning
66.27,2.427,28.53,16.3,22.0,2.17,mid,L3,normal
72.25,1.379,30.36,15.1,29.0,4.84,mid,L1,warning
78.96,2.955,43.34,6.1,12.0,0.1,junior,L1,warning
76.17,2.788,38.13,14.7,25.0,3.23,mid,L3,failure
104.09,2.126,36.21,18.3,50.0,0.42,mid,L4,failure
63.24,2.301,24.06,14.5,31.0,5.84,junior,L1,failure
72.5,2.088,37.48,14.5,40.0,2.97,mid,L4,normal
76.02,3.144,44.0,17.3,42.0,3.18,mid,L4,failure
67.63,2.029,32.78,11.6,26.0,2.49,senior,L4,normal
75.09,1.621,36.78,9.9,15.0,1.88,junior,L1,normal
86.11,1.978,34.03,12.7,38.0,3.69,senior,L1,warning
75.89,1.682,35.65,12.2,32.0,4.56,mid,L4,warning
75.61,3.078,44.05,7.1,32.0,4.89,mid,L4,failure
66.17,1.351,32.58,10.3,2.0,5.54,mid,L1,normal
78.89,2.891,22.58,11.5,21.0,7.14,senior,L3,failure
92.48,2.21,30.2,6.6,39.0,3.39,mid,L1,failure
91.45,1.627,31.0,12.3,16.0,1.2,mid,L4,normal
79.45,2.982,36.4,11.9,19.0,0.1,mid,L4,warning
85.87,2.208,40.62,16.5,50.0,3.95,mid,L3,failure
88.6,2.842,38.9,15.7,36.0,3.87,mid,L4,failure
85.31,1.474,28.81,13.1,29.0,7.33,senior,L3,warning
65.97,0.861,34.22,12.3,16.0,3.26,mid,L2,normal
62.16,1.844,26.37,13.3,41.0,2.78,junior,L4,warning
72.0,2.631,29.89,21.3,46.0,2.43,senior,L2,failure
96.27,2.131,29.32,4.9,29.0,2.6,senior,L1,warning
110.69,3.25,36.64,10.7,20.0,2.3,mid,L4,failure
66.78,1.779,17.78,16.7,34.0,0.48,junior,L2,normal
73.82,1.734,28.16,19.9,27.0,2.33,mid,L1,warning
100.13,1.824,26.57,8.8,44.0,1.53,junior,L4,failure
84.07,2.432,37.37,10.9,21.0,2.07,senior,L4,normal
83.97,1.942,37.09,14.6,11.0,2.03,mid,L2,warning
68.37,1.739,36.24,14.0,1.0,3.14,junior,L4,warning
72.21,1.211,37.29,18.1,27.0,1.55,junior,L2,normal
62.31,2.542,30.1,12.5,26.0,2.75,junior,L2,warning
69.95,1.895,37.96,12.4,40.0,5.15,junior,L1,warning
100.8,0.451,30.46,16.7,50.0,1.01,mid,L3,warning
72.79,1.239,34.94,20.2,36.0,4.82,junior,L2,failure
93.99,1.52,43.17,18.4,20.0,1.86,senior,L2,normal
75.66,2.463,41.73,16.1,22.0,3.15,senior,L2,failure
44.06,1.645,38.77,8.2,13.0,2.13,junior,L2,normal
56.97,2.012,32.72,17.6,23.0,3.78,mid,L4,warning
64.49,1.708,35.86,14.1,34.0,2.35,mid,L2,normal
81.7,1.574,37.33,17.1,19.0,4.93,mid,L3,warning
59.55,1.898,38.22,11.3,25.0,6.32,mid,L1,warning
73.9,0.734,35.5,11.8,21.0,2.81,mid,L1,normal
74.2,2.379,28.15,17.7,22.0,1.99,mid,L2,warning
71.42,0.573,35.06,10.3,2.0,2.6,junior,L1,normal
78.68,3.217,33.11,17.8,37.0,1.19,mid,L4,failure
67.89,2.488,24.67,15.9,36.0,1.39,junior,L4,failure
58.35,2.467,31.71,14.0,35.0,0.58,mid,L1,normal
64.28,3.01,41.02,15.7,47.0,2.98,mid,L2,failure
75.55,2.588,25.64,17.8,35.0,0.53,junior,L1,failure
81.39,3.179,38.23,9.2,29.0,0.81,junior,L1,warning
82.21,2.425,31.32,18.4,24.0,4.19,mid,L4,failure
71.05,3.228,30.83,22.9,34.0,3.53,mid,L2,failure
90.37,1.463,31.9,11.8,16.0,2.22,mid,L1,warning
75.05,2.757,35.58,9.6,30.0,0.98,junior,L1,failure
70.12,3.221,38.25,14.2,53.0,4.53,junior,L2,failure
73.19,1.828,32.81,15.3,18.0,3.28,junior,L2,normal
70.7,3.084,29.35,14.2,18.0,0.1,senior,L4,normal
80.84,1.147,32.77,14.3,30.0,2.67,junior,L2,warning
93.18,2.8,32.72,14.8,18.0,1.76,mid,L4,failure
56.9,1.164,36.55,17.5,37.0,3.86,junior,L1,warning
60.74,1.844,34.2,6.1,16.0,3.45,mid,L4,normal
62.2,3.036,25.09,20.5,30.0,0.21,mid,L4,normal
71.04,1.591,36.45,11.9,35.0,1.59,mid,L3,normal
63.47,1.391,47.3,16.9,14.0,1.8,senior,L4,normal
56.46,1.839,30.69,14.5,30.0,3.3,senior,L1,normal
67.45,2.019,40.84,15.0,18.0,3.11,mid,L3,failure
57.99,2.759,29.91,12.6,3.0,1.68,mid,L2,normal
61.52,0.4,32.48,15.5,15.0,3.78,mid,L4,normal
88.13,2.757,23.29,17.7,30.0,5.22,mid,L4,failure
76.39,2.698,22.98,12.2,45.0,4.2,senior,L3,failure
73.19,2.892,34.6,15.8,6.0,4.79,junior,L1,failure
91.18,1.586,29.86,6.0,23.0,4.21,mid,L1,warning
66.81,1.999,35.45,19.1,47.0,2.84,mid,L3,warning
65.44,1.778,37.53,14.6,12.0,4.05,mid,L2,normal
60.18,1.825,31.71,11.1,32.0,3.41,mid,L3,normal
92.41,2.771,27.62,17.2,13.0,3.67,mid,L3,failure
83.98,1.925,29.49,14.8,19.0,0.81,senior,L3,normal
82.26,1.583,37.6,20.4,35.0,0.1,junior,L2,warning
88.95,2.292,32.86,8.4,33.0,2.35,junior,L3,failure
89.13,4.238,37.42,9.5,25.0,2.63,mid,L4,failure
60.19,2.586,28.6,15.0,30.0,0.81,junior,L4,warning
95.54,1.866,42.54,15.9,42.0,1.85,junior,L1,failure
64.58,2.983,35.57,18.5,15.0,2.57,mid,L3,failure
75.81,1.729,38.59,11.1,22.0,4.39,senior,L1,normal
94.48,1.298,16.79,13.5,1.0,1.75,junior,L1,normal
73.32,1.764,16.46,11.3,4.0,3.15,mid,L3,normal
85.95,2.058,31.22,18.5,37.0,0.1,mid,L4,warning
73.26,2.099,47.03,12.2,21.0,2.57,junior,L1,normal
76.26,2.558,33.85,12.5,40.0,3.39,junior,L1,failure
51.04,1.684,23.65,14.5,23.0,2.39,senior,L2,normal
73.59,3.167,34.1,15.1,26.0,5.69,mid,L2,failure
54.35,1.572,28.55,21.0,22.0,0.1,mid,L1,normal
62.92,1.224,33.9,20.5,19.0,0.1,mid,L3,normal
74.25,1.211,38.23,15.3,40.0,1.85,mid,L2,normal
66.8,1.989,34.99,14.1,41.0,1.92,senior,L3,warning
81.34,0.855,34.63,11.6,53.0,2.4,mid,L3,normal
63.58,1.73,39.53,18.3,20.0,3.86,mid,L3,normal
89.12,2.936,39.96,13.1,6.0,1.56,mid,L3,warning
78.34,1.901,35.79,16.9,26.0,2.78,mid,L4,normal
87.13,2.033,27.69,15.0,28.0,4.28,junior,L4,failure
70.86,1.041,32.65,11.3,45.0,3.22,mid,L1,normal
66.19,2.787,36.93,17.3,25.0,4.25,junior,L4,failure
74.06,2.323,32.89,17.3,18.0,2.19,senior,L2,failure
79.98,2.359,33.75,8.5,22.0,2.04,mid,L3,warning
87.82,1.282,39.01,14.2,27.0,3.94,mid,L2,warning
91.03,3.127,33.82,17.1,14.0,1.35,senior,L4,warning
75.35,1.749,37.08,7.5,36.0,2.85,junior,L1,warning
77.88,3.0,34.71,14.7,34.0,4.32,mid,L3,failure
74.43,1.093,39.5,17.4,23.0,0.94,senior,L4,normal
81.85,2.324,35.76,14.9,29.0,4.84,junior,L1,failure
93.04,2.019,44.61,12.2,7.0,4.44,mid,L2,warning
67.92,0.876,27.97,12.4,31.0,2.49,mid,L1,normal
72.41,2.95,30.38,11.2,30.0,2.78,junior,L1,failure
66.74,2.23,43.42,6.5,34.0,2.22,senior,L3,warning
81.74,1.748,24.04,14.6,33.0,4.42,mid,L2,normal
72.94,2.65,28.07,16.3,22.0,1.8,mid,L2,normal
93.08,0.89,33.04,17.8,20.0,2.09,junior,L3,warning
49.68,2.151,27.64,12.1,30.0,3.36,junior,L2,normal
77.65,2.133,46.18,18.3,27.0,4.49,senior,L4,failure
58.63,0.916,43.08,11.8,13.0,7.51,mid,L4,normal
82.34,2.876,29.38,14.2,9.0,2.05,senior,L2,warning
56.17,1.55,28.96,17.3,12.0,5.7,mid,L3,normal
46.01,1.455,35.04,23.1,36.0,2.1,mid,L3,normal
76.91,2.457,25.64,19.2,32.0,0.92,junior,L2,failure
81.35,1.571,45.5,12.2,19.0,0.64,mid,L4,warning
100.48,2.617,28.32,16.5,8.0,3.48,junior,L4,failure
95.4,2.599,38.81,8.0,4.0,4.57,mid,L1,failure
66.25,2.127,27.42,10.3,41.0,0.1,mid,L1,normal
85.67,3.131,37.18,19.0,59.0,2.83,senior,L1,failure
60.29,0.822,30.89,19.3,42.0,3.44,mid,L4,normal
70.38,2.95,25.22,6.7,31.0,3.47,mid,L1,failure
74.83,1.231,42.57,14.8,32.0,3.67,mid,L3,normal
62.14,1.547,34.24,6.2,32.0,2.67,mid,L1,normal
71.57,2.596,31.09,18.5,38.0,2.16,senior,L3,failure
68.54,2.287,40.5,13.4,26.0,1.15,junior,L3,normal
66.98,1.071,36.37,20.1,8.0,0.57,senior,L2,normal
86.86,2.408,39.86,11.7,29.0,0.65,mid,L2,warning
71.89,2.446,29.88,6.8,31.0,4.81,senior,L2,warning
55.4,1.651,40.1,13.1,28.0,3.4,mid,L2,normal
91.39,2.34,42.17,13.9,25.0,2.41,junior,L3,warning
72.54,3.409,22.15,21.3,25.0,2.89,mid,L1,failure
63.67,2.94,23.08,12.6,32.0,4.45,senior,L3,failure
90.21,1.491,16.95,20.8,42.0,3.74,mid,L4,warning
79.44,1.845,31.74,12.5,30.0,2.12,mid,L4,warning
67.91,0.588,35.88,22.4,15.0,2.83,junior,L2,normal
60.71,2.203,28.31,17.7,28.0,3.11,mid,L4,normal
83.03,0.964,48.5,19.3,36.0,0.1,mid,L2,warning
79.22,1.028,16.03,12.5,35.0,1.91,mid,L3,normal
99.89,2.647,29.73,12.1,19.0,0.46,mid,L3,warning
89.69,0.961,28.27,14.5,32.0,2.93,junior,L1,warning
59.82,2.044,31.37,17.4,2.0,1.92,junior,L4,normal
86.67,4.09,27.93,2.5,2.0,4.02,junior,L4,failure
83.94,0.417,37.65,24.0,17.0,4.99,senior,L4,warning
72.92,2.195,30.96,17.5,23.0,5.26,mid,L3,warning
76.99,2.888,31.31,8.6,55.0,3.77,mid,L4,failure
70.04,1.973,32.6,18.1,2.0,3.3,mid,L4,normal
75.96,1.84,38.29,8.7,45.0,3.38,mid,L1,warning
79.01,3.286,33.17,12.8,10.0,3.81,mid,L1,failure
76.77,1.263,33.99,8.5,17.0,2.43,junior,L3,normal
89.11,3.214,32.59,12.3,28.0,1.47,mid,L1,failure
86.59,2.98,33.03,11.0,42.0,4.15,senior,L4,failure
74.39,2.965,27.21,18.4,33.0,4.14,senior,L2,failure
58.67,0.542,33.12,16.1,30.0,1.79,senior,L2,normal
95.51,3.11,26.9,15.5,19.0,0.26,senior,L1,failure
69.64,2.739,26.58,12.6,26.0,4.07,mid,L1,warning
88.12,2.775,20.02,10.6,24.0,0.95,junior,L4,warning
50.39,0.575,29.84,9.0,4.0,3.06,mid,L4,normal
91.23,2.133,33.79,11.3,41.0,5.27,junior,L4,failure
76.67,2.805,29.73,13.5,7.0,0.18,junior,L1,normal
68.96,1.315,39.14,12.8,54.0,1.18,mid,L4,normal
82.67,2.712,38.4,17.1,23.0,2.48,junior,L3,failure
78.34,1.012,39.64,9.3,44.0,3.53,junior,L4,warning
70.6,1.956,26.83,9.6,13.0,4.6,mid,L3,normal
90.48,1.897,30.74,19.6,16.0,2.86,mid,L1,warning
64.23,1.421,32.81,14.9,14.0,1.28,senior,L1,normal
73.51,2.493,36.43,10.1,35.0,3.13,mid,L4,failure
64.76,0.849,37.49,14.5,31.0,5.47,mid,L4,normal
56.53,3.261,38.44,13.7,15.0,2.81,senior,L4,normal
45.89,1.779,40.98,16.9,31.0,5.38,mid,L1,normal
80.56,2.791,30.99,14.9,27.0,0.47,senior,L3,normal
82.82,2.559,32.22,12.4,36.0,0.77,junior,L3,failure
72.98,0.967,31.39,12.1,54.0,4.58,mid,L1,normal
73.27,1.156,32.12,17.7,30.0,0.3,mid,L1,normal
47.9,1.842,33.63,15.4,12.0,2.4,senior,L3,normal
82.41,3.586,31.4,17.7,33.0,2.18,junior,L2,failure
87.06,3.006,33.32,11.5,22.0,2.81,mid,L3,warning
72.53,1.986,32.74,8.6,41.0,2.23,senior,L2,warning
56.72,1.138,28.67,10.1,29.0,2.28,mid,L3,normal
76.35,2.964,24.1,15.1,27.0,3.49,junior,L3,warning
90.06,0.893,24.45,12.1,26.0,3.88,senior,L1,normal
84.68,0.777,43.18,9.2,40.0,4.17,mid,L1,warning
80.6,1.134,26.25,14.8,26.0,0.1,mid,L1,normal
98.07,4.074,29.93,14.6,37.0,5.35,junior,L3,failure
77.83,0.4,24.92,13.8,22.0,3.42,senior,L1,normal
60.57,2.978,30.79,3.8,27.0,1.57,mid,L3,normal
89.76,3.613,41.7,12.1,9.0,2.48,mid,L3,failure
55.3,2.279,30.86,13.1,19.0,1.15,senior,L3,normal
80.25,2.65,27.16,17.6,30.0,3.09,junior,L4,failure
71.04,3.271,40.22,19.1,24.0,3.81,junior,L2,failure
78.74,1.701,38.07,11.6,47.0,1.65,junior,L1,warning
78.33,1.196,42.29,16.1,34.0,1.19,junior,L2,normal
62.69,1.964,24.03,12.1,18.0,4.52,senior,L3,warning
72.33,1.444,24.31,19.1,35.0,4.7,mid,L2,warning
91.75,0.959,29.77,14.8,29.0,3.06,mid,L4,normal
96.25,2.312,30.56,20.8,1.0,1.79,junior,L2,warning
84.45,2.734,29.74,9.5,32.0,2.97,junior,L2,failure
68.6,2.241,37.84,13.5,44.0,3.89,mid,L4,failure
78.28,2.601,29.39,15.9,25.0,2.01,mid,L3,warning
76.99,1.58,40.36,17.3,20.0,3.89,senior,L3,normal
71.05,2.366,29.14,17.9,30.0,0.1,junior,L1,normal
95.05,1.748,37.76,16.1,24.0,0.98,mid,L1,warning
75.86,0.575,28.5,16.8,27.0,2.55,senior,L3,normal
60.73,2.35,33.07,10.0,18.0,2.21,senior,L4,normal
78.88,1.738,26.15,11.7,14.0,2.67,junior,L4,normal
78.25,2.455,28.4,20.4,19.0,0.44,mid,L4,warning
53.21,2.928,26.18,17.3,19.0,3.8,mid,L3,normal
81.48,1.319,37.82,17.2,33.0,3.33,senior,L3,normal
69.5,1.238,39.05,17.8,36.0,3.72,junior,L2,warning
84.82,2.357,43.93,13.9,35.0,3.42,mid,L4,failure
71.11,1.813,49.1,14.5,10.0,2.21,mid,L2,normal
70.23,1.274,37.47,18.1,39.0,2.04,junior,L3,normal
82.92,2.531,26.47,15.9,37.0,2.91,junior,L4,failure
92.03,0.787,26.88,14.5,17.0,1.81,junior,L2,warning
75.67,1.887,23.56,16.6,21.0,4.96,senior,L1,normal
75.65,3.134,34.08,11.3,20.0,1.34,senior,L4,warning
74.78,2.287,37.5,3.8,10.0,3.73,mid,L1,normal
70.39,1.593,39.7,9.4,28.0,0.1,mid,L3,normal
77.53,0.469,34.31,12.1,6.0,4.22,mid,L2,normal
88.01,2.556,31.53,12.3,33.0,0.1,senior,L2,warning
74.53,1.339,32.02,16.0,30.0,5.01,mid,L2,warning
59.2,1.468,37.78,6.1,22.0,2.11,senior,L3,normal
85.24,2.431,31.6,7.0,34.0,0.1,junior,L1,failure
91.09,1.299,21.26,14.0,29.0,3.38,senior,L2,failure
73.94,1.171,36.52,13.6,20.0,2.63,senior,L1,normal
70.17,1.322,31.44,12.6,27.0,0.1,mid,L4,normal
80.81,0.913,37.35,13.5,16.0,0.1,junior,L1,normal
81.8,3.341,43.81,8.4,35.0,3.31,mid,L2,failure
78.75,2.022,31.44,23.9,26.0,3.47,mid,L4,warning
71.82,1.596,30.55,15.0,36.0,3.95,mid,L4,warning
64.7,1.167,31.18,13.6,39.0,3.68,junior,L4,warning
94.47,3.34,43.18,12.1,34.0,4.68,mid,L1,failure
58.06,1.939,33.95,13.6,27.0,2.39,senior,L2,normal
83.37,1.761,29.37,11.4,24.0,1.51,mid,L2,warning
69.33,1.711,43.73,18.8,19.0,3.92,junior,L4,normal
74.83,1.665,24.55,15.8,46.0,4.04,mid,L3,warning
75.26,2.314,35.49,19.8,29.0,2.0,junior,L3,failure
85.86,3.229,31.72,19.9,27.0,4.19,mid,L2,failure
73.84,2.028,41.12,14.0,1.0,4.29,mid,L4,warning
59.63,1.949,31.53,16.5,23.0,3.72,senior,L2,normal
70.33,3.222,27.31,7.1,31.0,3.44,senior,L4,warning
56.7,2.119,27.39,18.1,31.0,2.71,mid,L3,normal
64.27,1.721,22.86,13.2,29.0,1.64,junior,L3,normal
80.03,2.643,33.4,13.9,19.0,2.21,mid,L4,warning
68.11,2.293,24.87,15.3,19.0,0.9,mid,L3,normal
87.78,1.829,37.2,18.6,20.0,4.21,mid,L2,failure
68.55,2.047,32.26,12.4,33.0,2.66,junior,L2,warning
76.82,3.481,24.42,21.9,29.0,1.77,mid,L1,failure
64.27,2.495,29.06,12.1,46.0,4.04,mid,L4,warning
63.18,3.977,34.43,16.6,34.0,2.18,mid,L4,failure
104.7,2.187,39.78,11.7,31.0,0.69,junior,L1,warning
79.54,2.601,34.8,12.5,11.0,3.22,junior,L1,warning
78.76,1.968,37.62,13.0,23.0,2.58,junior,L2,warning
97.21,0.991,42.61,14.7,45.0,2.71,junior,L2,failure
72.88,1.209,40.38,14.8,29.0,1.06,junior,L4,normal
98.0,2.278,23.31,18.8,6.0,1.82,mid,L1,failure
78.04,1.231,41.77,7.7,34.0,0.16,mid,L4,normal
82.69,1.551,38.76,11.4,55.0,1.08,junior,L2,failure
104.84,0.475,29.62,9.6,39.0,3.73,junior,L2,failure
74.65,1.932,29.45,6.1,1.0,0.82,mid,L3,normal
73.77,0.653,30.93,17.1,58.0,5.83,mid,L1,warning
82.56,2.342,29.75,11.6,32.0,2.34,senior,L3,warning
70.13,1.958,45.25,18.5,36.0,3.28,mid,L1,failure
52.75,1.632,25.84,15.3,34.0,4.16,senior,L4,normal
80.35,2.991,28.16,17.4,29.0,3.8,junior,L2,failure
61.0,3.529,27.58,17.4,22.0,0.1,junior,L4,warning
79.64,3.174,20.03,14.7,28.0,4.1,mid,L1,failure
53.92,2.026,27.83,15.6,27.0,3.49,senior,L4,normal
95.07,2.496,29.61,15.6,37.0,4.13,junior,L4,failure
85.07,1.436,31.51,23.3,16.0,3.79,mid,L3,warning
65.28,1.707,32.07,6.7,20.0,2.77,junior,L4,normal
60.4,3.486,41.49,13.4,43.0,3.8,junior,L2,failure
67.55,1.52,47.4,18.6,40.0,1.81,junior,L4,failure
81.35,2.807,30.64,14.3,19.0,5.79,senior,L2,failure
47.26,1.587,49.18,20.5,27.0,3.22,mid,L4,normal
67.78,1.532,37.19,21.5,5.0,3.08,mid,L2,normal
80.94,2.658,18.31,18.1,2.0,1.21,mid,L3,normal
79.62,2.351,33.16,11.2,21.0,2.96,junior,L4,warning
64.63,1.995,42.89,21.4,33.0,1.41,mid,L1,warning
67.61,2.849,39.01,11.4,19.0,3.32,senior,L1,normal
78.84,2.587,31.08,14.8,47.0,4.12,mid,L1,failure
80.54,2.842,32.04,15.5,10.0,3.3,junior,L4,warning
79.91,1.395,26.63,15.0,44.0,4.71,senior,L3,warning
96.71,2.486,34.63,11.6,24.0,5.36,senior,L4,failure
76.8,1.413,39.0,16.6,14.0,3.18,junior,L2,warning
92.65,3.028,16.31,15.1,3.0,2.74,mid,L4,failure
63.13,1.9,28.32,10.2,7.0,4.56,senior,L3,normal
79.64,3.137,29.35,17.6,20.0,4.25,junior,L4,failure
95.93,3.907,23.99,7.8,26.0,1.55,mid,L3,failure
72.66,3.142,34.27,6.5,35.0,3.15,mid,L2,warning
89.93,2.588,36.08,5.9,44.0,2.19,junior,L2,failure
62.5,2.886,39.15,8.5,35.0,4.29,senior,L3,warning
62.31,2.244,39.53,9.0,15.0,3.56,junior,L2,normal
62.26,0.911,35.37,12.0,8.0,1.1,mid,L1,normal
74.87,1.989,24.35,22.1,20.0,0.1,junior,L4,normal
68.79,2.176,37.63,14.4,29.0,1.56,mid,L4,normal
78.27,2.081,32.2,11.8,36.0,2.07,mid,L1,normal
67.78,1.376,38.59,3.7,37.0,2.41,junior,L4,normal
80.56,1.566,36.75,24.0,39.0,2.11,senior,L3,failure
62.27,1.589,42.13,9.5,19.0,0.1,senior,L2,normal
81.85,2.803,36.44,17.1,29.0,0.54,junior,L1,failure
78.59,2.211,33.46,8.4,45.0,4.4,junior,L4,failure
92.36,1.661,42.43,17.6,25.0,5.23,junior,L1,failure
72.64,1.858,38.83,12.1,17.0,3.66,mid,L4,normal
81.83,1.989,34.53,10.1,37.0,3.9,mid,L3,warning
50.35,2.418,25.66,17.1,24.0,3.1,junior,L3,warning
73.3,1.735,21.69,18.3,28.0,2.91,mid,L1,warning
85.24,2.041,35.15,8.2,9.0,4.22,mid,L4,warning
84.12,3.468,40.33,15.9,38.0,4.08,mid,L4,failure
74.59,2.052,33.63,13.1,25.0,4.27,senior,L2,normal
66.74,2.557,40.64,8.0,20.0,5.78,mid,L3,warning
60.28,1.902,40.12,13.6,23.0,4.08,mid,L1,normal
79.62,3.659,21.83,13.3,38.0,4.55,junior,L4,failure
80.66,0.481,37.48,6.8,31.0,0.1,mid,L3,normal
80.99,0.801,30.32,17.3,40.0,5.12,mid,L4,normal
62.11,3.666,40.38,14.7,30.0,1.3,mid,L4,warning
64.71,3.257,39.94,14.2,20.0,2.5,junior,L2,failure
73.64,3.507,30.05,9.3,22.0,0.2,junior,L1,warning
62.66,2.991,23.77,13.7,28.0,3.04,mid,L4,warning
69.79,3.211,35.2,12.6,28.0,3.65,mid,L4,failure
75.62,2.992,24.74,19.8,36.0,2.99,junior,L1,failure
67.96,1.864,30.41,12.6,15.0,3.58,junior,L1,normal
90.03,2.948,33.54,15.5,23.0,3.44,junior,L3,failure
50.97,0.4,35.45,9.2,38.0,2.61,junior,L1,normal
73.31,1.45,31.83,11.8,35.0,5.43,senior,L3,normal
68.61,1.64,34.41,11.9,46.0,2.73,senior,L3,normal
69.05,3.04,40.45,11.3,37.0,1.1,mid,L2,warning
63.54,3.243,34.49,15.7,25.0,1.44,senior,L4,warning
69.89,2.554,39.5,13.4,20.0,3.63,junior,L2,failure
70.27,1.543,34.69,9.7,22.0,2.88,junior,L1,normal
86.81,2.077,31.55,20.1,8.0,3.42,junior,L2,failure
98.03,3.051,29.73,8.4,21.0,1.73,senior,L3,failure
87.74,1.943,24.8,15.2,18.0,0.32,mid,L1,normal
92.94,2.854,28.47,19.9,38.0,3.16,senior,L4,failure
93.73,3.026,16.07,11.0,9.0,1.66,junior,L3,failure
95.57,2.244,29.23,7.5,31.0,4.39,senior,L2,warning
81.96,1.847,51.44,4.9,25.0,3.88,mid,L4,normal
75.56,1.019,39.33,12.2,47.0,3.87,mid,L1,normal
77.75,1.377,29.98,7.3,23.0,2.73,senior,L1,normal
71.47,1.412,22.73,7.1,43.0,3.48,mid,L2,normal
82.14,2.729,33.15,15.5,31.0,1.11,mid,L3,failure
84.49,1.675,31.74,19.8,30.0,3.93,senior,L1,warning
65.25,0.599,29.07,10.1,48.0,4.36,mid,L4,normal
60.2,1.611,29.36,14.9,24.0,0.77,senior,L1,normal
62.54,1.851,27.48,10.2,23.0,0.1,junior,L2,warning
85.38,2.713,26.76,20.4,22.0,3.82,junior,L2,failure
79.39,1.903,27.2,16.8,44.0,3.67,mid,L4,failure
76.08,3.098,28.69,15.8,36.0,2.26,mid,L1,failure
72.96,1.276,38.15,15.1,34.0,2.5,senior,L4,normal
68.67,3.21,32.45,17.3,25.0,0.28,mid,L2,warning
66.21,2.002,31.41,17.7,23.0,2.95,senior,L1,warning
89.65,1.961,39.04,19.3,18.0,3.09,junior,L3,failure
83.63,2.846,30.46,10.8,38.0,4.65,mid,L3,warning
70.19,1.578,34.84,15.0,32.0,3.07,junior,L4,warning
69.91,1.517,32.16,18.1,33.0,6.55,junior,L1,warning
70.29,2.804,25.9,13.2,18.0,2.16,mid,L2,warning
85.73,1.593,27.1,15.9,31.0,2.93,mid,L4,warning
75.39,1.389,25.22,13.7,32.0,3.41,mid,L4,warning
82.9,1.532,32.23,13.6,17.0,0.82,junior,L3,normal
88.58,1.419,30.84,17.9,21.0,5.06,mid,L3,failure
62.36,0.719,30.05,2.0,13.0,2.22,senior,L4,normal
75.99,2.044,41.15,15.7,24.0,3.67,senior,L1,normal
78.85,1.317,40.45,18.0,29.0,3.43,senior,L4,warning
99.02,4.004,30.27,12.9,33.0,4.12,mid,L3,failure
77.76,1.927,39.45,12.8,29.0,3.21,mid,L4,failure
73.22,3.985,30.82,18.8,32.0,2.33,junior,L2,failure
87.12,2.605,31.8,11.3,20.0,1.43,mid,L1,warning
73.81,1.624,35.4,9.5,19.0,3.27,junior,L2,warning
77.7,2.963,39.23,15.0,36.0,3.84,mid,L3,failure
84.25,1.92,15.0,22.6,23.0,2.12,mid,L4,warning
74.12,1.817,27.97,12.7,33.0,2.17,junior,L2,warning
73.19,1.395,42.95,10.0,14.0,0.96,mid,L4,normal
66.52,2.633,22.96,19.7,28.0,4.73,mid,L4,failure
71.35,1.383,34.45,15.6,2.0,5.18,mid,L1,warning
71.37,2.17,22.95,18.4,18.0,3.42,junior,L2,warning
69.84,0.948,29.52,11.4,43.0,1.39,junior,L2,normal
72.75,2.602,31.02,15.0,3.0,2.02,senior,L3,normal
64.78,2.541,24.78,22.4,10.0,2.64,mid,L2,warning
51.54,2.007,31.85,15.7,42.0,2.4,senior,L4,normal
90.12,1.314,38.25,14.7,40.0,2.36,mid,L4,warning
79.74,1.863,26.63,16.7,6.0,1.36,senior,L2,warning
72.62,1.801,27.04,14.6,8.0,2.53,junior,L4,normal
68.87,2.46,30.39,19.1,26.0,1.89,junior,L4,warning
59.51,2.391,29.79,22.3,1.0,3.66,junior,L4,normal
88.49,1.395,31.78,11.5,20.0,0.41,mid,L1,normal
73.56,1.303,32.25,24.0,20.0,4.93,mid,L3,warning
75.64,2.297,35.65,15.3,33.0,3.43,senior,L2,warning
66.19,2.349,31.3,8.1,15.0,0.95,mid,L3,normal
97.01,2.905,29.52,17.5,23.0,3.26,junior,L1,failure
79.03,1.139,33.98,14.9,19.0,0.1,senior,L3,normal
66.88,2.768,32.81,17.2,46.0,1.13,mid,L2,failure
69.83,2.567,36.55,12.8,37.0,5.75,mid,L1,failure
69.66,1.91,22.07,12.7,37.0,1.51,mid,L3,normal
85.44,1.188,36.08,8.1,5.0,4.62,senior,L2,warning
87.3,3.286,36.49,11.5,23.0,2.43,mid,L1,failure
85.75,0.944,16.74,12.7,47.0,2.67,mid,L1,normal
87.67,1.788,34.78,17.5,23.0,2.23,senior,L1,warning
67.05,1.175,37.27,11.3,29.0,3.35,mid,L4,normal
77.83,0.651,16.69,10.3,20.0,3.88,mid,L4,normal
82.45,2.591,30.85,12.2,31.0,2.18,junior,L2,warning
86.0,1.757,40.27,9.4,9.0,2.87,mid,L2,warning
72.48,2.078,36.62,19.4,20.0,2.24,junior,L1,warning
78.55,0.678,20.83,14.8,38.0,0.1,junior,L4,normal
55.09,2.507,26.68,15.9,25.0,3.92,junior,L4,warning
60.61,1.574,29.59,13.5,32.0,2.93,junior,L3,warning
66.9,2.606,28.2,14.8,35.0,3.59,mid,L3,failure
67.53,1.734,32.09,19.2,26.0,5.1,mid,L1,warning
80.11,1.909,21.18,5.0,8.0,2.23,junior,L2,normal
78.55,1.135,40.32,6.6,18.0,0.66,mid,L3,normal
78.81,2.535,39.59,12.9,23.0,3.62,mid,L3,failure
72.31,2.221,38.14,14.9,44.0,2.27,mid,L3,failure
79.05,2.296,39.76,15.3,34.0,3.08,mid,L2,failure
87.7,1.24,30.26,9.9,4.0,0.84,senior,L2,normal
71.72,1.429,31.06,19.1,39.0,0.1,junior,L3,normal
65.1,1.505,30.8,18.9,14.0,3.37,mid,L2,normal
68.05,2.897,39.3,19.2,26.0,6.1,junior,L1,failure
64.83,0.721,43.2,16.5,33.0,4.39,mid,L4,warning
69.5,1.474,32.05,20.7,19.0,6.71,mid,L1,warning
65.67,2.136,45.52,18.3,27.0,5.75,mid,L3,failure
85.33,1.953,27.34,14.3,46.0,2.41,senior,L2,warning
64.98,1.521,35.49,7.8,20.0,3.32,junior,L4,normal
79.7,2.854,24.07,15.0,15.0,1.65,mid,L3,warning
74.22,0.724,30.94,16.7,23.0,0.36,senior,L4,normal
68.6,2.488,32.17,20.1,1.0,1.57,junior,L2,failure
75.06,1.219,30.26,11.4,36.0,2.93,mid,L1,normal
90.44,2.465,24.47,16.2,29.0,4.22,mid,L2,failure
65.47,2.852,23.76,15.1,28.0,0.2,senior,L4,warning
66.7,1.246,27.7,15.7,25.0,0.33,mid,L4,normal
59.79,2.59,44.78,10.8,27.0,0.12,mid,L2,warning
74.02,1.77,30.86,12.4,24.0,4.22,mid,L3,warning
65.08,3.093,27.12,10.1,16.0,2.43,senior,L2,normal
92.82,2.888,25.59,12.5,27.0,5.64,junior,L3,failure
63.58,2.558,30.54,17.5,36.0,4.5,mid,L2,normal
58.24,1.793,42.13,13.8,34.0,1.14,senior,L4,normal
85.06,4.408,37.36,17.1,32.0,1.26,mid,L3,failure
85.08,1.314,25.75,10.0,10.0,4.2,junior,L3,warning
84.63,3.237,28.95,8.9,35.0,2.83,junior,L3,failure
52.65,1.27,26.75,11.4,34.0,2.52,senior,L1,normal
64.73,3.771,38.54,9.3,20.0,5.13,junior,L3,failure
89.07,2.052,18.17,18.3,25.0,2.75,junior,L1,failure
81.95,2.48,29.38,15.9,26.0,5.2,senior,L4,failure
58.54,2.729,28.95,15.2,28.0,1.74,junior,L3,warning
76.58,1.481,31.49,12.5,42.0,2.78,senior,L3,normal
94.47,2.014,26.91,21.5,23.0,2.57,junior,L3,failure
76.47,2.773,33.74,18.7,29.0,1.8,junior,L1,warning
93.25,2.199,20.01,10.7,45.0,2.21,senior,L1,warning
84.13,2.946,39.63,19.2,41.0,3.84,mid,L4,failure
68.62,2.912,28.21,13.1,5.0,2.71,mid,L1,warning
75.23,1.258,27.28,24.0,7.0,3.98,junior,L3,normal
74.85,1.063,33.81,10.0,38.0,0.25,mid,L2,normal
70.64,2.856,41.49,10.0,32.0,2.23,junior,L1,warning
88.34,1.648,24.23,15.5,25.0,0.24,junior,L3,normal
86.75,1.645,26.91,14.1,35.0,0.1,mid,L2,normal
85.3,1.2,45.62,13.1,36.0,2.57,junior,L2,warning
76.18,0.953,28.98,18.8,28.0,1.56,junior,L1,normal
86.88,2.367,30.47,8.9,36.0,2.35,mid,L1,warning
61.74,3.16,29.42,13.0,29.0,4.26,mid,L1,warning
79.15,1.37,23.36,21.7,1.0,4.06,mid,L3,normal
61.1,2.155,38.19,14.5,36.0,1.98,junior,L3,normal
65.58,1.299,36.44,11.4,25.0,1.78,mid,L1,normal
90.9,2.173,25.99,14.2,18.0,1.09,junior,L4,warning
82.36,2.339,18.13,10.5,15.0,1.82,mid,L1,normal
77.22,1.797,30.38,17.4,27.0,4.17,mid,L2,normal
92.81,1.571,34.94,10.5,17.0,1.19,mid,L3,warning
85.94,1.523,32.75,13.8,19.0,4.6,mid,L4,warning
70.31,0.4,30.34,21.0,27.0,1.44,junior,L3,normal
73.35,1.513,40.64,16.2,27.0,1.57,senior,L4,normal
92.58,2.25,35.61,14.5,22.0,3.89,junior,L2,failure
60.7,2.106,29.67,15.2,44.0,3.51,mid,L4,warning
86.96,2.076,32.65,14.8,36.0,2.0,junior,L1,failure
83.13,1.859,51.45,10.4,34.0,2.39,junior,L3,warning
77.98,2.438,36.99,17.9,1.0,3.59,senior,L4,normal
55.28,1.699,29.59,18.1,25.0,2.71,mid,L2,normal
74.46,2.089,33.39,14.1,51.0,0.55,mid,L2,warning
67.78,1.465,23.22,14.0,24.0,2.13,mid,L1,normal
88.4,1.622,43.39,15.5,20.0,2.91,mid,L1,warning
90.27,3.103,39.4,14.7,47.0,0.1,junior,L3,failure
56.87,3.771,33.59,11.8,27.0,4.83,senior,L2,failure
67.68,2.022,46.15,12.0,21.0,5.5,mid,L4,warning
86.74,1.736,17.49,14.7,22.0,4.25,mid,L1,normal
64.93,1.802,37.9,15.8,43.0,1.82,senior,L1,warning
73.66,1.497,36.16,15.9,37.0,1.77,junior,L3,warning
73.93,1.775,23.6,14.8,62.0,1.66,mid,L1,warning
95.67,2.829,20.61,15.1,48.0,2.34,mid,L3,failure
67.73,0.912,45.34,16.0,25.0,4.69,mid,L3,normal
46.78,2.447,30.98,10.5,22.0,1.98,mid,L1,normal
82.61,2.22,23.35,16.6,30.0,1.38,junior,L2,warning
88.08,3.071,34.92,11.7,22.0,2.54,senior,L1,failure
101.01,3.102,23.47,21.8,25.0,2.67,senior,L4,failure
53.8,2.596,41.08,16.4,6.0,3.02,junior,L2,normal
78.12,3.11,40.66,14.5,27.0,3.35,mid,L2,warning
67.42,2.037,28.16,13.6,41.0,1.28,senior,L3,warning
87.18,2.567,38.04,9.6,29.0,3.18,senior,L3,warning
67.27,0.991,32.42,9.9,14.0,2.84,mid,L1,normal
86.83,3.579,27.74,15.9,17.0,2.3,mid,L1,warning
81.8,2.322,37.81,14.0,15.0,2.82,junior,L3,warning
69.53,0.923,44.28,14.1,30.0,6.33,mid,L1,normal
85.15,3.433,22.95,18.8,16.0,1.47,mid,L3,failure
68.72,3.475,32.27,19.5,26.0,3.79,mid,L1,warning
77.75,2.789,33.58,20.2,36.0,2.58,mid,L3,failure
82.77,1.138,28.45,12.4,32.0,3.05,mid,L4,normal
83.53,2.563,43.27,9.0,35.0,2.06,mid,L3,failure
79.14,1.094,35.1,16.3,24.0,2.1,senior,L3,normal
71.42,1.561,33.55,17.2,30.0,4.95,mid,L1,warning
69.42,2.223,31.04,19.7,12.0,2.25,junior,L1,warning
77.99,3.413,24.94,17.3,47.0,2.34,junior,L2,failure
69.78,2.441,39.13,2.0,21.0,5.21,senior,L3,normal
63.12,2.937,29.68,7.9,37.0,2.2,senior,L2,normal
65.51,2.176,37.78,18.3,25.0,1.7,junior,L3,warning
80.99,1.592,21.02,9.7,23.0,2.91,senior,L3,warning
67.7,1.981,22.31,11.9,37.0,5.46,mid,L2,warning
69.13,0.4,35.64,14.9,13.0,5.56,mid,L3,normal
65.82,0.545,38.68,3.6,8.0,2.5,junior,L1,normal
67.07,3.757,25.09,15.5,11.0,3.68,mid,L2,warning
72.67,3.102,34.5,20.6,17.0,1.26,junior,L4,warning
85.32,2.418,25.22,18.2,36.0,1.8,mid,L1,warning
44.52,2.502,34.89,16.8,31.0,2.18,junior,L2,normal
74.67,0.744,19.11,14.1,18.0,4.33,senior,L2,normal
101.07,2.833,36.81,14.3,29.0,3.82,mid,L2,failure
80.63,1.96,25.7,15.3,24.0,2.77,mid,L3,warning
58.65,1.997,30.03,17.3,25.0,0.25,junior,L1,normal
75.26,2.663,33.93,15.0,12.0,3.84,junior,L4,failure
63.85,2.286,20.33,15.7,20.0,1.11,junior,L4,warning
74.81,0.982,41.34,9.6,29.0,2.34,mid,L3,normal
80.03,1.16,16.72,9.1,23.0,4.48,mid,L4,normal
42.0,2.011,38.35,19.5,32.0,0.58,junior,L4,normal
71.41,1.05,38.6,16.9,22.0,3.3,junior,L2,normal
51.29,0.805,32.07,17.4,40.0,3.01,senior,L4,normal
75.67,1.875,24.66,6.0,19.0,3.52,senior,L4,normal
72.41,2.061,35.08,18.4,21.0,4.37,senior,L2,warning
64.1,0.876,31.96,22.1,23.0,1.77,junior,L3,normal
69.58,1.411,34.27,20.8,27.0,0.32,mid,L1,normal
58.83,3.306,33.86,16.3,53.0,2.58,junior,L2,failure
83.37,1.69,29.75,10.5,22.0,3.15,junior,L4,warning
73.42,3.578,33.17,11.4,28.0,1.52,mid,L2,warning
70.26,0.4,36.51,11.8,11.0,0.1,senior,L4,normal
87.35,2.138,30.76,17.5,11.0,2.38,mid,L4,warning
75.97,1.999,31.89,15.4,21.0,3.03,junior,L3,warning
70.73,1.438,30.66,13.8,30.0,4.62,mid,L2,normal
69.7,2.715,32.91,22.0,50.0,3.25,senior,L4,failure
70.9,2.395,38.74,14.9,26.0,2.34,junior,L2,failure
77.16,1.638,41.12,16.6,22.0,3.4,junior,L1,warning
96.92,1.675,15.0,10.3,46.0,4.38,junior,L4,failure
60.46,2.688,42.19,17.8,11.0,3.56,mid,L4,warning
91.97,2.574,28.75,14.0,32.0,2.69,mid,L2,warning
82.72,2.413,36.45,17.5,18.0,4.01,mid,L2,warning
77.99,0.834,34.94,10.7,18.0,3.86,senior,L3,normal
76.1,3.438,34.97,10.6,38.0,4.12,senior,L2,failure
82.58,2.136,29.94,8.3,38.0,0.54,junior,L3,warning
63.63,0.888,27.92,15.6,26.0,1.95,senior,L4,normal
56.29,2.336,38.66,17.5,14.0,0.1,junior,L1,warning
92.78,1.825,41.09,19.2,35.0,0.61,mid,L3,failure
67.7,1.595,32.24,11.5,10.0,1.91,senior,L2,normal
70.12,1.585,29.04,8.8,35.0,0.1,senior,L3,normal
57.13,2.027,24.63,11.9,35.0,3.35,senior,L4,normal
70.27,1.959,17.02,13.7,17.0,2.91,junior,L1,normal
63.57,1.36,27.9,14.6,36.0,2.04,junior,L4,normal
75.52,2.296,22.62,19.1,27.0,2.38,mid,L4,warning
70.13,1.645,41.34,16.2,36.0,5.41,junior,L4,warning
83.68,1.015,44.71,10.2,32.0,4.36,junior,L4,failure
58.77,1.519,30.0,15.8,17.0,3.42,mid,L4,normal
63.83,2.643,34.09,7.5,35.0,3.23,junior,L3,normal
61.56,2.121,30.39,8.0,23.0,2.55,mid,L1,normal
90.58,2.397,24.64,13.4,21.0,2.72,mid,L4,failure
68.49,2.486,39.5,14.2,20.0,3.79,mid,L2,warning
66.15,2.853,32.52,7.6,39.0,0.89,junior,L4,warning
83.57,1.531,29.65,21.7,10.0,4.51,junior,L4,warning
88.23,2.543,35.3,15.0,21.0,1.76,senior,L2,failure
83.16,3.806,25.42,16.0,28.0,0.55,senior,L1,warning
79.39,1.522,29.08,10.6,28.0,2.19,senior,L1,warning
79.7,2.337,24.62,10.1,39.0,4.91,senior,L1,warning
72.34,2.536,30.91,11.6,29.0,6.04,junior,L4,failure
92.56,2.148,35.62,19.1,33.0,3.71,junior,L4,failure
70.32,1.157,34.66,6.2,26.0,1.06,mid,L3,normal
79.13,1.431,35.72,20.8,21.0,0.1,junior,L2,warning
82.29,4.032,28.93,19.4,19.0,6.3,mid,L2,failure
54.14,2.112,27.91,15.5,27.0,3.36,mid,L1,normal
82.5,2.775,17.07,22.4,20.0,1.63,junior,L2,failure
82.59,1.195,31.54,12.1,8.0,2.55,mid,L2,normal
75.5,1.687,20.7,4.4,11.0,2.06,junior,L2,normal
83.37,2.916,44.21,12.2,24.0,4.65,mid,L1,failure
83.23,1.719,29.72,19.3,25.0,1.39,junior,L3,warning
80.27,2.258,33.33,17.6,27.0,3.21,mid,L1,warning
85.52,1.351,28.08,19.0,20.0,3.13,senior,L2,warning
79.94,2.589,22.05,15.9,19.0,1.25,junior,L4,warning
79.54,2.049,23.74,20.8,38.0,3.37,mid,L1,failure
74.75,1.94,31.67,10.4,19.0,4.24,junior,L1,warning
81.61,2.187,30.02,18.2,33.0,4.62,junior,L3,failure
85.25,2.126,33.38,15.3,34.0,0.11,junior,L1,failure
75.72,1.753,22.26,15.9,19.0,4.85,senior,L3,normal
73.24,1.711,31.76,15.0,7.0,4.63,mid,L3,normal
67.84,0.4,32.13,13.0,32.0,3.84,junior,L1,normal
88.46,1.429,42.98,11.3,2.0,4.27,junior,L2,normal
87.49,2.101,29.62,15.6,44.0,3.3,junior,L4,failure
88.52,3.596,23.75,17.0,20.0,6.29,junior,L2,failure
58.18,1.871,36.54,9.3,10.0,2.44,senior,L3,normal
84.69,1.226,36.83,14.8,27.0,1.52,mid,L2,normal
64.24,1.041,40.46,15.3,44.0,2.12,junior,L1,warning
61.75,2.355,17.74,13.9,35.0,2.96,mid,L4,warning
82.88,2.007,34.32,10.7,30.0,3.73,junior,L2,failure
70.66,0.544,42.53,16.2,25.0,3.79,junior,L2,normal
74.94,1.743,24.06,16.6,26.0,4.35,senior,L1,warning
88.29,2.693,31.5,22.4,26.0,0.67,mid,L3,failure
93.5,1.942,34.06,10.6,46.0,3.25,mid,L1,failure
76.15,1.495,43.93,9.6,34.0,1.87,mid,L3,normal
74.32,2.241,19.05,21.8,41.0,1.77,mid,L1,warning
99.44,2.234,32.84,8.7,31.0,3.69,mid,L1,failure
73.2,2.212,22.15,17.5,38.0,2.72,mid,L2,warning
67.32,2.073,27.12,16.0,57.0,2.7,junior,L2,failure
93.86,0.979,24.14,18.6,17.0,0.1,junior,L3,normal
66.61,2.154,29.13,14.2,30.0,2.38,mid,L4,warning
80.91,0.974,20.51,11.8,4.0,2.35,mid,L2,normal
78.12,1.529,32.16,11.7,14.0,3.5,senior,L1,normal
65.39,2.914,26.26,18.3,19.0,4.99,mid,L2,warning
80.59,1.131,26.77,19.6,17.0,2.51,mid,L3,normal
104.0,1.532,35.02,14.6,48.0,2.85,senior,L1,failure
76.97,2.226,34.29,8.4,15.0,2.68,mid,L4,failure
66.57,1.516,20.91,7.6,13.0,4.04,mid,L3,normal
76.09,0.737,33.33,7.1,34.0,1.18,senior,L2,normal
69.63,2.861,31.12,9.5,1.0,1.7,mid,L4,normal
47.02,3.995,34.61,19.8,29.0,1.19,senior,L4,warning
81.33,1.675,32.85,10.3,25.0,2.15,junior,L4,normal
52.89,1.413,35.73,10.0,21.0,1.17,junior,L4,normal
57.81,2.289,28.3,3.1,21.0,5.25,mid,L3,normal
80.17,1.754,40.73,12.0,20.0,1.93,junior,L4,warning
84.23,3.294,29.28,19.7,2.0,1.89,junior,L3,failure
66.84,2.219,29.27,11.9,28.0,3.49,mid,L3,warning
63.7,1.348,32.44,15.4,20.0,2.38,mid,L2,normal
97.41,2.729,41.66,12.4,8.0,3.63,junior,L2,failure
86.84,1.305,37.48,13.5,41.0,2.74,senior,L4,warning
76.16,3.258,26.31,8.8,1.0,0.71,mid,L1,warning
50.5,3.194,26.54,5.2,12.0,0.73,junior,L2,normal
75.02,2.302,36.42,18.8,45.0,3.35,senior,L2,failure
76.52,2.299,28.43,10.5,19.0,3.67,senior,L3,normal
69.73,2.22,33.53,19.0,22.0,3.17,mid,L4,warning
64.54,0.471,39.75,7.7,36.0,4.8,junior,L2,normal
72.47,2.621,26.52,15.9,19.0,1.84,mid,L1,normal
84.87,2.105,21.57,4.3,38.0,3.95,mid,L3,warning
62.31,1.77,38.66,16.2,30.0,3.98,junior,L2,warning
66.81,2.402,31.62,8.0,34.0,4.28,junior,L4,warning
82.29,1.973,30.67,16.1,16.0,2.48,senior,L1,warning
58.72,1.828,31.45,11.7,12.0,2.72,junior,L3,normal
69.84,1.307,41.57,10.1,26.0,1.43,mid,L2,normal
65.24,2.188,28.63,15.8,4.0,4.67,mid,L4,normal
82.49,1.097,25.69,13.2,36.0,2.84,senior,L4,normal
74.06,1.566,28.97,10.8,1.0,2.2,mid,L2,normal
54.15,2.119,37.03,11.8,25.0,4.03,mid,L2,normal
61.57,0.923,26.7,11.7,21.0,1.72,junior,L2,normal
59.99,1.905,24.49,11.2,25.0,2.15,mid,L4,normal
84.56,2.574,41.46,13.8,30.0,1.41,mid,L2,warning
79.6,0.418,18.02,16.3,50.0,5.19,mid,L3,normal
81.44,2.827,29.34,13.4,50.0,2.02,junior,L4,failure
66.62,2.646,40.39,11.6,31.0,1.51,junior,L1,warning
72.68,1.815,25.15,14.5,45.0,3.71,junior,L4,failure
74.3,1.45,25.84,11.8,27.0,1.66,mid,L3,normal
59.67,3.116,34.23,14.9,33.0,2.58,mid,L1,warning
68.01,1.656,39.9,12.0,11.0,2.98,mid,L1,normal
94.04,3.525,38.72,9.5,1.0,3.6,senior,L1,warning
76.97,1.697,17.27,16.4,23.0,0.1,mid,L3,normal
85.13,1.978,25.78,15.0,8.0,0.39,mid,L1,normal
60.1,0.4,45.95,6.4,21.0,1.34,mid,L2,normal
83.14,2.161,42.23,13.4,42.0,2.51,senior,L3,warning
80.61,2.721,30.98,15.0,36.0,3.56,mid,L3,failure
68.48,1.866,29.65,13.9,28.0,2.15,junior,L4,warning
74.85,2.158,29.17,13.0,37.0,0.1,senior,L1,normal
64.43,1.849,24.69,13.7,40.0,1.94,junior,L4,normal
92.16,0.856,29.28,7.4,47.0,4.55,senior,L4,normal
69.28,2.476,37.44,13.7,45.0,0.8,mid,L4,warning
90.34,0.556,38.43,12.7,36.0,2.1,junior,L4,warning
57.24,2.487,28.91,13.4,40.0,3.14,junior,L3,failure
87.73,1.279,30.77,21.7,28.0,4.91,mid,L2,warning
90.92,0.952,21.48,16.1,31.0,0.1,mid,L4,normal
69.16,1.561,27.08,16.9,39.0,4.31,senior,L1,normal
88.42,1.484,26.23,17.2,20.0,3.33,senior,L2,normal
80.96,2.123,38.22,11.0,3.0,0.91,mid,L1,normal
82.62,1.031,24.52,13.9,28.0,4.33,mid,L4,warning
75.6,2.278,15.77,18.6,9.0,4.38,mid,L3,warning
72.88,4.298,37.3,13.5,44.0,0.18,senior,L2,failure
82.57,2.476,28.16,11.4,33.0,3.91,mid,L3,failure
83.33,2.376,37.02,9.9,44.0,2.48,junior,L2,failure
75.85,1.842,35.9,10.6,34.0,3.73,junior,L4,warning
82.65,1.971,32.55,7.7,31.0,5.35,senior,L2,warning
75.62,4.06,29.84,9.8,42.0,4.41,mid,L4,failure
78.84,0.969,23.46,17.8,45.0,4.66,junior,L4,failure
67.1,0.412,33.47,23.3,25.0,3.22,mid,L4,normal
77.06,1.052,33.81,11.3,18.0,2.44,mid,L4,normal
69.33,1.27,42.16,6.3,29.0,2.99,junior,L1,warning
60.41,2.141,30.97,17.7,39.0,2.58,mid,L2,warning
66.66,2.64,43.04,17.1,29.0,2.38,mid,L4,failure
86.86,2.223,35.13,8.7,13.0,2.39,junior,L4,warning
77.2,1.93,38.84,11.0,16.0,3.39,mid,L1,warning
83.42,2.085,27.69,15.9,43.0,3.52,senior,L2,failure
86.54,2.254,31.94,10.6,25.0,4.08,mid,L2,warning
81.19,1.428,37.86,14.6,20.0,2.26,junior,L2,warning
80.0,1.443,31.57,19.4,36.0,2.51,junior,L4,warning
69.47,0.552,25.2,7.5,36.0,0.54,mid,L2,normal
88.34,2.424,26.92,17.9,19.0,4.24,mid,L3,failure
58.12,2.08,26.56,9.9,36.0,0.6,mid,L3,normal
78.89,2.932,33.34,19.5,33.0,3.71,mid,L1,failure
47.46,2.95,26.53,19.0,24.0,4.11,mid,L3,warning
70.58,2.37,23.5,9.9,30.0,4.08,mid,L3,warning
67.79,1.8,26.33,13.9,26.0,3.65,senior,L4,normal
80.02,1.921,35.84,11.6,38.0,1.18,junior,L4,failure
88.23,0.582,28.07,7.5,34.0,1.61,junior,L3,normal
74.71,2.126,45.07,18.4,25.0,4.07,junior,L1,failure
70.42,1.42,19.75,15.3,9.0,2.34,mid,L3,normal
91.07,1.644,31.23,16.3,31.0,3.39,mid,L2,failure
85.0,0.879,37.23,14.5,31.0,0.1,junior,L2,normal
72.7,1.765,36.65,20.2,20.0,2.94,mid,L1,normal
69.78,2.166,23.23,17.2,39.0,3.45,mid,L3,warning
86.8,1.628,43.07,15.3,12.0,0.98,mid,L2,warning
88.17,3.207,28.42,10.5,23.0,1.34,mid,L3,failure
63.15,2.097,31.47,6.7,23.0,1.82,mid,L3,normal
72.44,1.778,33.19,14.5,15.0,3.02,mid,L2,warning
77.04,1.884,37.02,12.5,50.0,2.96,junior,L2,warning
73.56,2.352,35.24,14.5,34.0,0.53,mid,L2,warning
83.84,1.727,35.49,13.6,16.0,3.39,mid,L2,normal
79.0,2.804,33.72,14.0,35.0,1.09,senior,L4,warning
62.02,2.468,23.48,18.9,19.0,5.94,junior,L1,warning
100.22,0.986,35.88,14.1,33.0,4.56,junior,L4,failure
76.99,1.806,29.0,10.3,27.0,3.13,junior,L2,normal
76.25,2.097,26.16,15.0,42.0,4.96,senior,L1,warning
82.67,1.445,30.22,12.9,32.0,0.6,senior,L3,normal
95.68,1.684,37.01,22.3,30.0,2.72,senior,L3,warning
59.9,2.011,19.07,18.3,3.0,0.86,senior,L1,normal
81.02,1.967,40.49,18.9,30.0,2.0,senior,L4,warning
70.72,0.4,31.1,18.8,1.0,2.63,mid,L2,normal
89.84,2.238,36.68,7.3,23.0,0.64,junior,L4,warning
62.65,1.063,33.78,21.0,21.0,3.93,junior,L2,warning
81.5,1.611,37.72,18.0,17.0,2.46,senior,L1,normal
74.08,2.919,31.28,21.7,27.0,3.08,mid,L1,failure
60.9,3.56,19.12,13.9,35.0,0.1,senior,L4,warning
89.07,2.216,28.21,11.9,26.0,3.67,junior,L4,failure
76.15,0.4,27.29,13.3,12.0,3.04,junior,L3,normal
94.93,2.749,34.67,8.8,4.0,1.95,junior,L1,failure
73.75,1.768,31.57,13.3,43.0,5.05,mid,L3,warning
61.66,0.842,34.35,14.5,20.0,3.58,senior,L2,normal
79.59,1.679,27.67,12.8,28.0,5.27,senior,L1,warning
78.56,1.781,33.88,14.2,9.0,3.52,junior,L3,warning
75.33,2.473,37.44,18.4,31.0,1.4,junior,L2,warning
76.85,1.205,32.35,14.5,35.0,2.56,mid,L2,warning
65.17,1.435,30.95,19.8,19.0,2.88,senior,L1,normal
76.87,1.097,38.23,20.0,35.0,4.79,junior,L3,failure
83.24,2.175,23.34,6.9,11.0,0.3,mid,L4,normal
69.41,1.802,33.3,19.5,23.0,4.33,mid,L1,failure
76.81,1.538,31.6,9.7,18.0,2.65,mid,L2,normal
65.46,2.489,48.64,10.7,34.0,2.19,mid,L4,normal
81.65,1.904,27.87,9.8,14.0,1.87,mid,L1,normal
83.29,2.943,29.79,14.1,25.0,0.64,junior,L3,failure
78.14,2.116,23.13,21.6,36.0,4.36,junior,L3,failure
80.4,2.188,39.89,6.8,45.0,1.03,junior,L2,warning
80.65,3.009,25.98,15.7,39.0,0.16,mid,L1,warning
73.8,2.314,47.75,14.1,43.0,1.34,mid,L2,failure
78.99,1.324,36.1,19.7,44.0,3.4,senior,L4,warning
59.08,0.75,37.35,14.2,20.0,4.19,junior,L1,normal
66.29,1.989,33.4,23.6,24.0,2.68,mid,L4,warning
68.96,3.564,30.39,17.7,24.0,3.5,mid,L1,failure
66.75,1.211,35.98,5.8,23.0,5.2,junior,L1,normal
84.27,1.942,37.28,12.6,35.0,3.96,mid,L1,failure
58.82,2.253,31.38,15.0,32.0,1.26,junior,L2,normal
75.66,2.461,16.41,10.3,37.0,4.2,senior,L2,failure
77.16,2.03,33.73,22.8,10.0,3.45,senior,L3,normal
71.84,1.969,27.34,14.9,15.0,3.27,mid,L2,normal
81.33,1.934,39.95,13.4,13.0,3.96,senior,L2,normal
65.52,2.029,30.05,14.4,35.0,7.1,mid,L1,failure
80.57,2.749,30.96,16.7,33.0,2.27,senior,L3,failure
61.59,3.078,46.32,16.1,29.0,4.38,mid,L2,failure
87.41,1.416,30.48,11.7,35.0,2.52,senior,L3,normal
75.92,1.232,25.69,6.2,31.0,3.69,junior,L1,normal
72.25,2.031,33.93,15.3,38.0,3.83,mid,L1,failure
77.16,1.351,34.92,16.4,34.0,4.2,mid,L2,warning
61.19,1.816,26.25,7.1,41.0,2.39,senior,L2,normal
74.98,3.039,24.69,7.7,10.0,4.44,mid,L4,failure
72.98,1.338,24.45,13.6,26.0,2.32,junior,L3,normal
82.26,1.785,22.47,14.8,1.0,1.5,junior,L1,warning
57.99,1.422,33.72,12.0,21.0,4.37,junior,L2,normal
71.11,2.453,27.2,13.3,28.0,3.56,junior,L1,normal
106.22,1.664,41.61,12.3,32.0,0.99,senior,L3,failure
87.66,1.713,44.82,21.5,29.0,4.75,mid,L4,failure
81.15,2.719,27.82,15.3,33.0,5.13,senior,L1,failure
81.94,1.566,28.07,16.0,7.0,0.65,mid,L3,normal
67.18,2.434,35.45,10.4,19.0,5.76,mid,L3,warning
85.18,1.987,34.97,21.2,35.0,2.09,junior,L4,failure
83.82,1.359,23.27,10.7,9.0,2.43,senior,L1,normal
77.47,2.973,28.58,10.7,15.0,3.22,mid,L3,failure
71.49,3.027,24.4,10.0,27.0,4.47,senior,L4,warning
72.56,0.735,20.7,15.0,38.0,3.77,junior,L4,warning
98.31,3.671,21.55,14.8,35.0,4.48,junior,L2,failure
81.6,2.818,30.69,17.8,28.0,3.73,junior,L1,failure
96.33,1.856,43.61,10.5,37.0,3.98,mid,L4,failure
64.26,2.229,34.7,15.3,31.0,1.56,mid,L2,warning
73.3,0.988,27.05,11.5,30.0,4.4,mid,L2,warning
77.96,2.014,28.69,22.1,23.0,2.7,mid,L1,warning
91.96,2.388,38.24,11.7,23.0,1.07,mid,L4,failure
62.56,2.301,20.49,12.2,32.0,1.27,senior,L1,normal
70.03,2.39,30.29,15.6,39.0,2.64,senior,L4,warning
57.68,2.526,28.96,9.4,38.0,0.1,junior,L1,normal
67.81,1.826,31.03,4.1,45.0,2.17,junior,L4,warning
49.23,2.662,34.81,12.5,38.0,4.12,junior,L1,warning
76.29,1.304,29.05,11.4,26.0,0.2,mid,L1,normal
85.68,2.531,21.18,10.6,23.0,4.08,junior,L3,warning
56.7,2.394,30.34,18.2,17.0,0.72,senior,L2,normal
76.07,2.539,28.48,13.8,25.0,1.98,senior,L4,normal
88.29,1.886,34.9,13.6,22.0,3.01,mid,L3,failure
72.73,3.054,32.33,21.1,41.0,3.35,mid,L4,failure
89.43,2.967,29.84,11.0,30.0,2.04,mid,L3,failure
70.86,1.949,35.41,19.4,33.0,3.45,mid,L4,failure
73.13,1.488,37.86,16.5,27.0,3.0,mid,L3,normal
72.69,2.4,24.85,12.7,26.0,0.8,senior,L1,warning
82.91,2.886,34.68,12.4,23.0,5.37,junior,L4,failure
68.45,1.043,30.19,12.1,32.0,3.01,senior,L4,normal
62.3,1.382,41.64,20.9,37.0,2.36,mid,L3,normal
92.44,0.727,36.75,4.3,37.0,3.6,mid,L3,warning
92.08,0.958,34.19,14.7,47.0,4.55,mid,L4,failure
