years_at_company,salary_k,overtime_hours_week,manager_rating,commute_km,work_life_balance,department,travel_frequency,promotion_gap_years,attrition
18,25.85,7.7,3.72,5.1,3.66,finance,often,2,stay
5,5.0,12.8,2.7,5.1,2.86,it,rare,0,stay
13,15.37,3.0,3.31,13.7,2.92,operations,rare,7,stay
2,12.31,12.3,2.52,16.8,3.55,sales,rare,4,stay
16,18.89,7.4,3.52,20.0,4.51,operations,often,1,stay
15,21.97,6.0,4.66,10.6,3.28,it,frequent,5,stay
9,13.65,1.4,3.35,15.6,4.32,it,rare,5,leave
5,21.34,3.0,3.28,17.1,3.02,it,often,2,stay
5,11.34,9.4,3.27,3.2,1.64,sales,rare,1,stay
23,20.46,0.0,3.37,13.1,3.99,sales,rare,0,stay
20,26.26,7.8,1.36,23.3,2.79,it,often,1,stay
24,19.83,5.0,4.78,10.4,4.44,finance,often,3,stay
18,15.74,6.3,4.04,10.4,2.36,it,rare,5,stay
19,22.93,3.2,3.35,6.0,3.16,it,frequent,3,stay
20,23.13,11.7,2.86,19.8,3.19,sales,rare,5,stay
0,11.83,9.8,3.79,15.6,3.52,finance,rare,3,stay
21,18.71,6.6,3.38,11.9,3.9,it,rare,0,stay
8,5.0,6.9,3.18,11.0,3.92,sales,rare,4,stay
10,12.37,10.5,3.95,14.5,2.27,finance,rare,6,stay
2,17.42,1.9,3.38,13.7,3.79,it,frequent,7,leave
9,25.09,9.6,3.0,12.0,3.78,it,rare,3,stay
20,17.2,7.5,4.42,20.2,2.61,hr,rare,7,stay
13,8.72,16.6,2.63,8.0,3.43,it,rare,4,stay
6,24.42,0.3,3.05,8.7,4.0,operations,rare,6,stay
1,13.71,20.0,3.5,14.8,1.89,sales,rare,7,stay
0,21.91,13.2,3.41,13.7,4.23,operations,often,5,stay
8,14.69,15.4,2.79,0.5,3.67,sales,rare,7,stay
0,8.93,9.5,3.27,13.6,1.0,operations,often,7,stay
14,23.1,4.8,4.13,17.3,2.69,sales,often,6,stay
23,15.49,13.9,4.04,5.5,2.24,it,frequent,1,stay
20,27.13,2.0,2.76,11.1,1.64,operations,often,4,stay
22,13.15,9.2,2.93,12.8,3.53,finance,rare,2,stay
17,11.84,12.9,3.09,1.9,2.78,operations,rare,5,stay
0,19.08,9.1,2.95,6.0,3.66,operations,frequent,3,stay
13,16.63,2.7,2.38,7.3,1.76,sales,rare,1,stay
18,21.67,8.2,4.21,15.5,3.16,hr,rare,7,stay
9,22.76,17.1,3.84,6.9,3.67,sales,rare,0,stay
17,23.57,3.5,4.33,6.3,2.23,sales,frequent,3,stay
21,14.96,14.0,2.7,11.2,2.6,operations,often,6,stay
5,20.82,9.2,4.26,25.0,2.79,it,rare,6,stay
3,18.09,4.8,4.66,13.6,1.41,operations,often,6,stay
8,8.43,10.5,2.9,11.4,3.11,it,often,6,stay
15,24.93,2.6,2.92,0.5,3.86,operations,rare,3,stay
22,18.51,3.0,2.67,19.7,2.59,finance,often,5,stay
22,12.33,0.0,3.36,19.8,2.49,hr,often,2,stay
6,14.79,12.3,3.74,2.7,3.24,sales,often,2,stay
12,23.82,11.1,3.25,5.2,3.03,sales,often,7,stay
18,19.49,13.0,5.0,11.9,1.0,hr,frequent,5,stay
13,15.89,17.8,3.7,10.4,3.53,operations,often,2,stay
21,13.01,7.1,4.07,9.6,3.6,finance,rare,4,stay
14,14.65,2.8,3.05,9.4,3.73,sales,often,3,stay
1,12.86,12.1,3.23,9.0,2.63,sales,often,5,stay
9,10.55,0.0,3.77,3.4,2.86,operations,frequent,2,stay
3,12.53,5.8,3.29,0.5,3.38,finance,frequent,7,stay
10,20.75,5.5,3.31,6.5,2.98,operations,rare,3,stay
24,16.4,13.4,4.54,9.3,3.99,it,often,6,stay
14,29.98,8.1,4.17,11.3,4.45,operations,frequent,7,stay
21,13.6,0.0,3.8,20.9,3.79,sales,rare,5,stay
24,16.97,12.8,3.05,12.7,4.26,it,rare,2,stay
15,15.2,10.2,3.32,10.1,3.8,it,often,4,stay
12,22.54,6.0,4.43,17.8,3.04,operations,rare,2,stay
21,11.37,0.0,3.35,8.8,2.96,finance,often,7,stay
10,19.93,4.4,4.14,10.6,4.65,finance,frequent,4,stay
20,19.84,4.0,2.53,12.4,2.98,operations,frequent,3,stay
1,19.52,7.1,2.95,14.3,1.86,operations,often,5,stay
23,9.59,18.4,2.7,14.7,3.11,sales,rare,7,stay
8,13.36,7.6,3.02,4.0,3.63,operations,rare,7,stay
10,14.48,0.0,3.79,5.8,3.18,it,rare,1,stay
22,21.57,12.2,3.53,4.5,2.81,it,rare,7,stay
3,22.26,9.3,3.52,17.6,3.01,operations,rare,4,stay
21,16.85,6.1,2.99,13.7,3.29,sales,rare,0,stay
14,19.28,13.8,3.04,6.7,2.9,operations,rare,0,stay
8,14.68,12.4,3.54,12.9,4.21,sales,often,3,stay
15,17.06,3.7,3.32,14.6,2.8,hr,frequent,3,stay
8,14.69,16.5,3.49,15.3,4.15,operations,frequent,2,stay
19,15.55,7.6,3.04,10.3,5.0,sales,frequent,5,stay
17,13.48,5.9,3.3,9.3,2.24,operations,rare,2,stay
17,21.59,0.0,2.94,13.3,2.93,operations,rare,5,stay
17,16.2,2.9,3.9,0.5,4.28,operations,often,5,stay
23,13.52,12.9,3.92,18.8,4.73,sales,rare,6,stay
20,29.9,20.5,3.35,20.7,1.58,it,rare,5,stay
10,29.19,5.8,3.64,13.0,2.73,it,often,2,stay
3,21.76,5.2,3.11,0.5,2.96,finance,rare,0,stay
15,12.01,8.5,3.78,16.0,1.81,it,rare,1,stay
8,7.99,9.8,2.22,0.5,3.02,it,often,4,stay
13,22.93,12.3,3.21,7.8,2.47,finance,often,7,stay
2,11.73,2.7,2.62,1.6,3.7,finance,frequent,4,stay
21,17.18,9.4,4.23,20.5,3.42,operations,often,7,stay
6,17.78,12.3,3.13,0.8,4.02,it,frequent,2,stay
19,15.51,3.0,4.21,19.9,2.97,it,often,6,stay
11,24.76,1.9,3.58,3.3,3.79,hr,often,6,stay
21,14.84,0.0,4.78,11.5,2.56,operations,rare,7,stay
1,12.01,13.1,3.99,11.8,2.54,hr,rare,0,stay
11,21.41,3.5,3.23,9.3,2.7,it,often,3,stay
1,17.03,1.4,2.09,19.1,2.09,sales,rare,3,leave
21,12.01,17.3,3.35,9.9,2.69,operations,often,4,stay
13,18.92,0.0,3.12,6.8,3.13,sales,frequent,0,stay
5,16.54,10.3,2.64,12.0,3.71,hr,rare,6,stay
15,17.1,9.6,3.27,16.1,4.27,it,rare,1,stay
11,23.57,4.7,4.31,12.8,2.58,it,frequent,4,stay
20,23.0,10.2,2.86,6.5,2.21,operations,often,0,stay
15,18.02,20.2,4.02,15.4,3.31,it,rare,0,stay
17,23.56,1.8,4.05,6.7,4.13,it,often,6,stay
5,16.05,0.0,2.84,12.7,4.05,operations,rare,3,stay
21,21.28,7.7,2.39,16.5,4.51,it,often,0,stay
16,24.21,3.6,3.27,15.6,4.39,it,rare,2,stay
21,16.32,14.6,2.92,0.5,4.37,sales,frequent,3,stay
3,15.11,10.2,2.76,15.3,3.58,it,rare,7,leave
17,17.03,4.8,3.75,1.8,3.3,sales,rare,6,stay
19,21.76,4.9,3.39,14.1,2.97,it,often,7,stay
14,10.51,0.0,3.71,10.3,2.85,sales,frequent,3,stay
24,20.97,5.7,3.26,8.5,4.36,it,rare,6,stay
21,16.27,10.8,3.3,4.8,3.48,it,often,6,stay
0,22.86,11.7,3.55,13.9,3.01,hr,often,2,stay
6,18.23,5.9,3.04,17.7,3.14,sales,often,7,stay
22,17.92,8.4,4.39,9.2,2.9,it,rare,1,stay
17,14.91,13.9,3.14,17.6,3.33,sales,frequent,4,stay
19,28.17,8.4,2.68,11.0,3.74,operations,often,0,stay
13,9.99,11.3,3.57,7.7,3.78,finance,rare,1,stay
17,18.38,7.1,3.91,10.4,1.6,it,rare,3,stay
1,20.47,2.9,4.6,8.7,4.11,hr,often,2,stay
2,10.89,7.4,3.49,20.4,3.32,sales,rare,4,stay
7,12.3,10.7,4.36,9.3,2.42,sales,rare,3,stay
16,8.96,8.7,3.48,14.6,3.53,it,frequent,3,stay
11,19.04,11.2,4.29,9.0,3.63,it,rare,3,stay
2,9.73,9.0,3.58,12.4,4.16,sales,often,5,stay
4,23.45,7.7,3.94,4.9,1.98,hr,often,6,stay
12,14.37,17.2,3.73,7.7,2.84,operations,frequent,2,stay
15,7.83,8.0,3.4,13.4,3.5,sales,rare,5,stay
15,17.18,8.1,3.65,5.9,4.16,it,rare,6,stay
18,18.29,0.0,3.35,18.4,4.49,sales,rare,5,stay
19,14.64,1.0,4.02,5.1,3.24,sales,rare,5,stay
9,17.49,0.1,2.65,7.3,3.62,it,rare,4,stay
22,21.64,18.1,4.8,10.1,1.53,operations,rare,5,stay
7,13.78,13.0,2.4,1.1,4.11,it,rare,4,stay
16,12.0,9.5,3.44,16.1,3.01,it,rare,7,stay
17,17.71,5.8,4.07,8.1,2.64,it,rare,4,stay
19,16.17,9.1,2.92,12.2,2.92,operations,often,7,stay
17,17.85,7.6,4.7,9.0,4.33,operations,often,5,stay
18,9.73,19.3,3.66,10.3,3.81,sales,rare,3,stay
10,24.77,0.0,4.41,6.7,3.37,sales,rare,4,stay
20,20.86,3.9,3.46,10.6,2.45,hr,often,2,stay
7,13.83,18.0,2.95,12.4,2.47,finance,rare,3,stay
4,13.25,12.1,3.89,0.5,2.22,sales,rare,2,stay
24,14.74,4.4,3.38,13.6,3.15,sales,rare,7,stay
16,22.62,21.2,3.91,3.7,3.56,operations,often,2,stay
19,25.51,1.5,4.53,14.4,2.95,sales,rare,1,stay
3,14.34,3.3,3.37,5.0,4.83,finance,often,7,stay
8,19.47,5.6,3.71,5.1,3.23,it,frequent,6,stay
22,7.14,9.6,3.27,12.0,2.83,operations,rare,0,stay
6,14.36,6.8,2.48,14.5,3.03,it,rare,7,stay
22,15.04,12.1,3.21,17.2,2.28,hr,often,0,stay
21,16.55,12.9,3.42,1.8,3.25,it,rare,3,leave
9,21.53,20.3,3.74,22.6,2.49,it,rare,2,stay
1,17.72,11.4,4.2,7.4,3.11,operations,often,0,stay
22,17.36,11.5,4.39,7.0,2.37,it,often,5,leave
15,16.84,2.3,2.82,15.6,2.57,operations,rare,2,stay
0,17.33,9.0,3.61,17.0,2.85,sales,rare,4,stay
24,23.98,7.7,3.03,10.9,3.02,operations,rare,3,stay
0,16.34,8.9,3.49,17.7,2.83,operations,frequent,0,stay
15,21.63,9.7,3.52,20.4,2.16,operations,rare,1,stay
22,6.44,1.5,3.42,3.7,3.9,hr,rare,4,stay
23,19.5,8.0,2.86,11.7,4.26,it,rare,5,stay
22,26.09,16.8,4.09,4.3,4.5,operations,rare,0,stay
24,18.9,3.0,2.7,15.7,3.61,sales,often,4,stay
8,19.79,1.8,3.99,16.7,3.02,sales,often,7,stay
23,23.89,5.6,3.35,7.6,2.97,sales,rare,4,stay
23,23.06,2.1,2.64,4.2,1.73,sales,rare,3,stay
2,24.63,14.8,3.19,5.9,5.0,operations,often,6,stay
7,22.89,9.5,4.1,7.0,2.94,finance,often,0,stay
6,33.01,5.6,3.47,13.9,4.08,it,often,2,stay
0,19.6,1.9,4.03,14.8,4.27,operations,frequent,5,stay
5,17.07,4.1,3.54,13.4,3.02,operations,rare,1,stay
23,14.7,17.1,3.73,22.4,2.81,sales,often,3,stay
24,22.14,10.1,3.44,12.2,1.56,it,often,5,stay
14,21.74,11.6,4.42,7.2,2.96,it,rare,0,stay
14,13.5,3.9,2.94,16.4,3.69,sales,frequent,3,stay
7,28.43,21.7,4.12,1.9,3.17,finance,often,2,stay
2,14.91,11.1,4.44,0.5,2.5,it,frequent,7,stay
3,25.43,6.0,2.9,4.2,3.29,it,rare,2,stay
0,18.89,12.2,3.6,8.4,4.25,it,frequent,5,stay
14,14.8,10.9,4.86,5.9,3.47,hr,frequent,4,stay
1,16.43,2.9,2.95,19.3,4.27,operations,often,1,stay
3,9.25,12.7,4.22,5.9,3.59,operations,rare,7,stay
23,5.0,0.0,3.87,16.0,3.67,operations,often,6,stay
13,18.25,3.9,2.69,16.0,3.59,finance,rare,0,stay
1,23.41,0.0,3.46,15.3,1.77,operations,rare,2,stay
5,10.22,8.8,1.95,13.5,2.47,sales,rare,2,stay
2,20.68,0.8,2.75,12.9,1.95,operations,often,7,stay
3,13.5,8.5,3.91,13.4,2.47,operations,often,3,stay
3,10.74,0.0,3.47,17.9,4.55,operations,frequent,1,stay
2,9.21,4.1,4.08,14.8,3.98,it,often,2,stay
3,20.71,5.6,4.71,6.3,3.13,sales,rare,1,stay
6,14.81,0.0,3.48,7.4,3.59,hr,often,3,stay
14,13.41,0.6,3.13,11.8,2.76,hr,often,5,stay
2,5.24,4.9,4.17,0.9,1.48,operations,often,4,stay
13,18.53,5.2,2.95,13.4,3.6,sales,rare,5,stay
1,5.0,15.4,4.86,12.7,1.59,operations,rare,4,stay
21,21.43,0.0,3.48,11.3,3.72,sales,frequent,4,stay
7,17.15,11.4,4.69,2.6,4.03,operations,often,6,stay
20,18.67,12.4,3.44,24.1,1.55,operations,rare,0,stay
23,15.71,6.6,3.31,14.2,2.78,it,rare,4,stay
23,17.01,7.6,4.08,14.9,4.18,it,rare,2,stay
18,17.87,9.2,2.01,6.8,3.79,operations,often,0,stay
5,19.4,6.6,2.72,6.4,4.0,hr,frequent,4,stay
8,14.58,9.5,3.85,9.4,2.96,it,rare,6,stay
17,22.88,13.0,3.88,1.5,2.38,hr,frequent,4,stay
13,26.37,13.6,3.05,16.0,3.46,finance,rare,0,stay
10,24.28,0.0,2.7,2.6,1.37,it,rare,3,stay
13,29.7,1.4,4.25,0.5,2.28,operations,often,4,stay
3,12.97,5.0,2.89,7.1,4.21,finance,frequent,2,stay
1,18.89,5.4,3.36,7.8,3.91,finance,often,2,stay
21,16.87,0.0,4.11,15.4,3.95,operations,rare,3,stay
4,16.67,12.6,2.83,4.8,1.62,operations,rare,7,leave
6,29.57,12.5,2.73,14.9,3.36,finance,rare,0,stay
11,14.29,16.9,4.06,20.0,2.92,operations,rare,1,stay
10,16.75,10.4,3.39,6.1,3.85,it,frequent,5,stay
15,15.52,13.4,4.47,15.1,1.67,sales,often,1,stay
20,22.84,12.3,3.48,20.0,2.26,hr,rare,3,stay
14,20.71,11.7,2.59,15.8,3.3,operations,rare,0,stay
7,19.37,0.0,4.48,16.9,2.62,operations,rare,3,stay
21,7.21,4.7,3.46,10.6,3.84,it,often,6,stay
11,17.46,1.2,3.8,9.8,5.0,finance,rare,7,stay
7,15.5,4.3,3.27,15.1,3.43,operations,often,1,stay
23,10.94,10.5,3.12,11.8,4.11,operations,rare,2,stay
2,24.2,15.2,3.03,3.7,3.18,hr,rare,0,stay
16,19.92,2.6,3.53,12.2,3.64,operations,rare,6,stay
1,31.09,0.0,2.95,10.5,2.83,it,rare,5,stay
7,11.29,2.9,3.85,16.3,3.82,finance,rare,1,stay
15,14.17,12.5,3.91,14.7,2.42,operations,rare,7,stay
2,11.05,0.8,4.06,3.3,1.96,it,rare,5,stay
10,16.82,9.4,1.59,16.8,2.74,it,frequent,6,stay
4,17.27,6.2,3.87,13.7,2.5,sales,rare,1,stay
21,7.54,8.3,3.25,21.6,4.13,it,often,0,stay
13,17.7,0.0,3.86,14.3,3.17,operations,rare,4,stay
5,16.8,21.2,3.09,16.8,3.89,sales,rare,7,stay
15,12.34,1.8,3.4,16.2,3.14,finance,often,1,stay
7,15.31,6.0,2.66,10.2,4.28,operations,rare,2,stay
16,21.86,7.1,3.7,10.9,3.21,operations,often,5,stay
17,21.94,18.9,2.89,17.0,3.23,it,rare,3,stay
5,23.19,0.0,4.18,12.6,1.93,sales,often,3,stay
12,20.09,13.8,2.63,7.3,2.58,operations,rare,2,stay
20,28.93,0.4,3.91,3.2,2.77,it,often,4,stay
20,8.2,8.3,4.38,10.9,3.71,finance,rare,1,stay
10,19.4,8.6,2.77,12.6,3.12,sales,frequent,3,stay
8,15.09,10.4,2.51,9.3,3.4,sales,often,2,stay
7,10.39,1.7,2.81,6.1,2.75,finance,often,0,stay
11,22.98,8.1,3.6,11.5,3.55,it,rare,7,stay
18,17.81,6.6,3.69,8.2,1.68,sales,rare,7,stay
5,8.44,4.4,3.46,7.2,2.66,it,frequent,5,stay
24,13.27,4.0,4.68,10.8,3.2,sales,often,4,stay
19,14.22,8.5,3.77,12.7,2.61,it,frequent,0,stay
8,21.04,9.4,4.02,24.0,3.56,it,often,2,stay
23,18.7,0.0,3.08,15.7,1.44,hr,often,7,stay
14,19.21,7.6,5.0,17.7,1.76,operations,often,5,stay
16,11.21,5.6,3.06,16.0,4.27,it,rare,4,stay
24,10.57,16.6,2.97,14.7,3.6,sales,often,2,stay
16,24.01,1.1,3.61,10.3,2.45,it,often,7,stay
10,8.54,7.9,3.36,12.2,3.24,sales,often,7,stay
14,20.51,0.6,3.41,8.2,3.0,operations,frequent,4,stay
0,17.11,9.6,3.57,9.0,2.29,finance,rare,3,stay
23,22.16,10.7,3.62,19.9,3.47,finance,frequent,5,stay
20,24.32,8.3,4.51,6.1,3.48,finance,rare,1,stay
17,10.71,16.6,3.55,14.8,2.37,sales,often,1,stay
9,23.58,0.0,2.14,17.0,1.87,operations,rare,0,stay
12,20.52,5.8,4.08,20.6,3.79,operations,rare,5,stay
19,15.65,16.9,3.42,16.4,3.49,it,often,0,stay
3,28.08,9.4,2.35,8.0,2.61,hr,frequent,1,stay
5,18.88,4.9,4.15,10.5,3.88,it,often,7,stay
0,20.56,9.3,2.85,16.8,2.63,sales,rare,5,stay
11,14.73,14.4,3.54,12.3,3.99,it,frequent,2,stay
21,18.0,16.5,3.6,0.5,1.81,sales,rare,2,stay
1,19.27,17.0,4.55,7.1,3.18,it,often,4,stay
12,14.07,9.7,3.92,9.0,2.93,operations,rare,6,stay
7,14.74,3.6,2.95,12.5,3.29,operations,rare,6,stay
20,8.45,11.8,3.82,11.1,2.15,sales,rare,2,stay
17,16.73,7.4,3.95,12.9,2.06,operations,rare,7,stay
10,15.44,17.0,3.3,11.1,2.95,it,often,2,stay
7,12.82,8.4,4.85,10.8,4.4,it,rare,7,stay
4,18.29,3.8,4.9,9.4,3.16,operations,rare,2,stay
1,22.0,13.4,2.79,14.6,2.83,it,rare,1,stay
23,19.99,20.5,3.66,5.9,2.8,it,often,5,stay
11,15.99,3.2,4.31,9.9,2.49,operations,often,0,stay
24,14.91,11.4,4.07,15.8,2.58,it,rare,3,stay
22,28.24,0.1,4.36,9.4,2.74,sales,often,1,stay
8,12.2,21.4,2.89,9.6,2.82,sales,frequent,4,stay
11,20.51,9.0,3.97,12.0,2.85,it,frequent,3,stay
8,21.14,10.2,2.54,7.0,2.29,finance,rare,2,stay
13,12.5,3.5,3.31,23.5,2.59,finance,rare,4,stay
9,21.8,10.0,3.74,10.8,2.93,it,often,3,stay
15,23.89,11.9,3.3,1.4,2.34,sales,rare,2,stay
24,14.68,9.4,4.93,10.9,4.47,operations,rare,7,stay
22,10.86,17.3,4.22,3.8,3.59,it,rare,5,stay
13,15.8,10.9,3.33,9.0,4.53,operations,rare,3,stay
3,10.0,11.2,3.89,19.9,4.06,finance,often,5,stay
18,19.37,2.9,4.58,9.9,2.36,operations,frequent,5,stay
13,13.93,0.0,3.31,12.2,3.33,sales,rare,6,stay
24,17.97,16.0,4.48,15.7,3.25,finance,rare,4,stay
0,16.19,23.0,3.95,13.4,4.31,sales,rare,7,stay
5,19.5,14.8,4.09,1.2,4.07,finance,often,1,stay
2,11.89,5.6,2.3,7.8,2.37,finance,rare,2,stay
16,22.55,12.4,3.46,7.1,3.39,it,frequent,1,stay
7,14.24,7.2,2.44,19.0,1.54,it,often,5,stay
7,19.22,11.0,1.79,14.1,2.78,operations,often,4,stay
23,20.98,30.9,3.1,3.5,3.35,finance,often,4,stay
5,24.71,12.5,4.07,7.4,2.08,operations,often,7,stay
16,23.65,0.0,3.76,9.6,2.73,sales,rare,2,stay
0,5.0,0.0,4.64,11.8,2.26,finance,rare,6,stay
16,19.43,18.4,2.98,8.4,2.72,finance,frequent,4,stay
20,15.48,17.4,4.71,14.3,3.78,it,rare,4,stay
19,19.61,0.2,3.79,15.6,3.79,operations,rare,1,stay
11,22.49,14.3,3.84,14.8,2.66,finance,rare,1,stay
0,21.23,0.0,2.78,19.0,3.49,it,rare,0,stay
17,9.71,11.5,3.78,20.9,4.37,sales,frequent,3,stay
23,16.0,6.7,3.96,8.2,3.65,sales,often,7,stay
9,26.17,12.3,4.22,13.4,2.51,operations,often,5,stay
23,9.36,0.0,3.47,5.6,4.03,operations,often,1,stay
19,9.91,8.1,3.83,13.9,3.24,hr,frequent,4,stay
20,11.51,4.8,4.11,7.2,2.2,operations,rare,4,stay
13,20.43,5.0,2.59,14.2,2.5,operations,often,2,stay
21,22.62,7.9,2.16,9.9,3.21,it,often,2,stay
9,10.56,5.4,3.94,12.9,2.84,it,rare,5,stay
16,23.57,1.2,3.18,11.5,2.73,operations,often,1,stay
23,11.3,6.1,2.98,3.9,3.68,it,rare,3,leave
18,17.53,6.5,3.16,15.1,4.0,it,often,4,stay
11,16.89,13.7,3.49,10.3,3.8,hr,rare,4,stay
6,17.77,7.7,3.29,9.4,3.82,operations,rare,6,stay
4,17.45,9.3,4.15,0.8,3.0,operations,rare,1,stay
10,10.84,9.8,3.89,10.5,2.76,operations,frequent,0,stay
13,20.94,17.8,4.62,12.7,3.5,operations,rare,1,stay
15,21.53,9.0,2.54,11.8,2.79,it,frequent,3,stay
2,23.04,2.7,3.51,18.2,2.84,sales,rare,1,stay
13,23.32,7.5,2.19,16.7,3.63,it,often,7,stay
5,19.35,3.8,3.28,13.8,2.94,sales,rare,1,stay
19,20.33,7.6,3.03,17.5,1.55,sales,rare,0,stay
8,18.13,11.9,2.75,8.5,2.46,it,frequent,2,stay
13,17.9,2.7,2.68,23.8,2.44,finance,rare,1,stay
21,12.22,3.3,3.91,18.3,3.05,it,often,1,stay
18,13.4,0.0,3.91,0.5,3.37,finance,rare,0,stay
24,10.71,2.3,3.17,13.7,3.1,sales,frequent,7,stay
21,7.93,0.8,3.61,11.5,3.38,it,frequent,1,stay
16,12.03,9.1,3.6,26.8,3.05,operations,rare,4,stay
21,27.74,11.6,3.74,3.3,3.19,it,rare,2,stay
18,13.66,2.1,2.77,12.2,3.26,operations,often,1,stay
21,22.33,2.7,2.47,8.1,3.06,sales,often,6,leave
22,21.09,5.5,3.47,22.5,3.09,sales,often,2,stay
13,17.15,23.6,3.86,1.2,3.02,it,often,4,stay
6,24.51,2.4,2.54,1.6,2.74,it,often,6,stay
23,19.05,4.1,3.5,15.3,2.52,it,often,1,stay
18,15.81,3.8,2.29,17.3,2.86,it,rare,0,stay
12,20.26,4.4,3.63,15.2,2.45,it,frequent,1,stay
16,14.7,13.4,2.0,15.6,4.1,finance,rare,7,stay
17,18.03,4.5,4.35,14.1,3.57,hr,rare,1,stay
9,13.24,6.8,4.48,11.1,2.63,finance,rare,3,stay
22,11.86,0.7,2.76,4.6,2.62,sales,often,6,stay
3,20.11,11.5,2.89,17.5,3.66,it,often,7,stay
13,21.32,6.5,2.67,5.2,3.79,hr,rare,5,stay
19,8.6,14.2,2.28,11.0,3.59,it,rare,2,stay
13,17.24,14.8,3.53,20.7,4.01,it,frequent,1,stay
12,20.64,0.0,4.67,0.9,3.74,hr,often,6,stay
11,21.47,5.3,3.15,12.2,2.7,hr,rare,4,stay
21,24.56,11.3,3.54,12.6,4.12,hr,rare,4,stay
12,16.29,16.3,3.99,11.7,2.33,hr,frequent,2,stay
24,19.39,15.5,2.94,13.9,1.4,sales,often,6,stay
9,9.92,4.9,3.83,3.7,4.13,it,often,6,stay
6,22.16,18.3,4.44,20.5,3.06,operations,rare,7,leave
10,16.79,14.6,4.49,8.5,3.45,it,rare,1,stay
20,9.58,6.0,4.25,7.8,4.24,sales,rare,3,stay
3,25.37,14.8,3.69,12.4,3.42,it,rare,3,stay
24,16.7,10.7,2.46,6.0,3.79,it,often,2,stay
3,10.29,3.3,4.05,16.9,2.73,operations,rare,6,stay
7,5.0,18.5,4.84,5.5,2.82,finance,rare,1,stay
4,16.03,0.5,3.02,7.8,4.03,operations,rare,2,stay
9,5.34,0.2,4.49,11.2,3.34,operations,often,5,stay
10,17.52,7.9,3.25,11.1,4.25,it,frequent,0,stay
8,8.45,7.1,3.85,10.1,2.77,operations,rare,0,stay
22,24.35,4.4,4.36,17.7,2.28,it,rare,3,stay
8,15.11,6.7,2.75,19.3,3.66,operations,rare,2,leave
1,11.0,11.9,2.65,10.8,3.64,sales,rare,2,stay
13,13.41,3.6,3.15,5.7,2.69,hr,frequent,2,stay
19,28.8,0.0,3.8,10.9,4.28,it,frequent,6,stay
13,15.98,5.3,3.91,7.2,3.62,sales,often,1,stay
9,18.08,13.6,3.76,14.7,3.07,it,rare,1,stay
14,21.12,6.1,3.16,21.4,3.97,sales,often,0,stay
19,18.49,17.6,3.85,13.5,3.59,operations,rare,2,stay
0,12.16,13.7,4.18,9.8,3.61,sales,often,6,leave
9,28.89,2.7,4.73,17.9,3.22,operations,frequent,4,stay
4,20.73,4.8,3.41,14.8,3.56,finance,rare,0,stay
15,16.34,13.1,3.04,8.1,2.27,sales,rare,3,stay
4,14.43,9.4,3.9,14.8,3.26,it,rare,0,stay
6,14.06,3.8,3.99,10.5,2.71,finance,frequent,7,stay
24,15.49,6.1,2.9,17.2,2.97,hr,often,2,stay
2,25.44,11.4,2.35,12.5,2.33,finance,frequent,6,stay
9,15.41,0.0,3.09,0.5,3.74,operations,often,1,stay
7,11.59,13.3,4.34,9.9,4.09,finance,rare,3,stay
18,17.05,4.2,4.38,0.7,2.51,operations,rare,5,stay
17,16.15,6.5,3.22,2.5,3.17,finance,often,3,stay
0,18.54,0.0,3.57,15.2,3.26,it,frequent,1,stay
13,22.85,9.9,2.88,10.4,3.33,it,frequent,2,stay
21,15.55,11.1,3.9,14.0,2.67,sales,rare,5,stay
21,18.53,8.2,3.85,12.6,3.15,finance,often,5,stay
13,7.92,7.9,2.62,10.2,2.79,sales,often,1,stay
13,14.72,12.5,4.14,15.0,2.08,it,rare,7,stay
15,21.93,0.0,2.99,7.6,4.95,hr,rare,6,stay
21,9.19,13.6,3.97,12.0,3.88,it,often,6,stay
10,21.13,3.9,2.74,15.5,3.69,operations,rare,7,stay
23,31.39,5.2,3.94,7.0,3.79,operations,rare,3,stay
6,16.7,6.5,3.38,7.5,4.32,it,rare,0,stay
9,13.54,6.8,3.58,5.4,2.1,hr,often,2,stay
13,21.36,0.0,2.94,16.5,1.98,sales,frequent,2,stay
1,5.44,16.2,3.2,2.5,2.69,operations,often,5,stay
19,8.79,4.9,4.04,15.7,3.58,sales,often,5,stay
19,17.01,13.4,3.87,7.0,2.33,finance,often,2,stay
17,17.57,8.1,2.89,8.2,2.68,hr,often,6,leave
12,13.02,6.5,4.47,8.9,3.76,operations,often,5,stay
13,13.95,0.0,4.17,8.0,3.33,operations,rare,0,stay
23,22.6,12.8,3.11,7.2,3.51,operations,often,0,stay
0,11.4,6.9,2.39,13.3,2.52,sales,rare,7,leave
22,13.94,10.0,3.67,10.6,3.86,operations,often,6,stay
4,12.59,1.4,3.76,7.6,3.2,operations,often,4,stay
3,19.34,8.4,3.15,16.9,2.47,it,frequent,2,stay
11,13.71,4.7,2.31,8.9,3.43,sales,often,4,stay
19,22.07,0.7,3.91,23.2,3.44,it,rare,6,stay
16,10.47,17.6,2.99,12.1,2.79,it,rare,2,stay
5,7.28,10.8,4.35,14.2,2.89,it,often,2,leave
0,14.02,19.1,2.72,12.4,3.2,it,rare,0,stay
24,13.68,7.7,3.47,14.2,2.51,sales,often,1,stay
19,17.5,14.9,4.05,19.6,5.0,sales,frequent,3,stay
17,20.71,14.7,4.37,9.1,3.06,finance,rare,4,stay
19,8.35,11.6,4.37,11.2,4.51,it,rare,3,stay
22,21.99,11.6,3.45,15.1,1.47,operations,rare,3,stay
11,21.0,5.2,3.23,12.0,2.56,operations,rare,3,stay
9,10.41,13.6,2.0,14.7,3.56,hr,often,2,stay
4,20.41,10.4,3.5,24.7,3.44,finance,often,7,stay
8,5.0,3.5,3.1,18.1,3.97,it,often,4,stay
13,23.03,14.9,3.56,14.3,2.15,sales,frequent,3,stay
14,12.63,12.0,2.88,14.0,3.6,it,frequent,4,stay
4,20.32,9.4,3.74,16.6,3.09,hr,rare,2,stay
9,15.14,1.8,3.47,12.2,2.24,it,rare,5,stay
24,13.54,1.8,4.24,11.0,2.87,it,rare,7,stay
21,14.05,4.0,2.98,6.3,3.63,it,rare,5,stay
8,8.11,18.8,3.08,10.4,1.36,sales,rare,1,stay
9,13.69,6.1,2.62,8.6,2.98,sales,rare,0,stay
5,21.99,19.9,2.05,16.0,4.24,hr,often,4,stay
1,22.43,10.7,3.05,16.3,3.38,operations,often,1,stay
15,23.22,5.7,4.84,19.3,3.65,operations,often,4,stay
9,16.82,17.6,4.6,13.6,3.76,it,rare,3,stay
11,22.38,7.8,3.5,14.9,5.0,sales,rare,3,stay
14,26.7,13.0,3.57,0.5,3.71,sales,rare,1,stay
17,17.75,8.3,4.55,19.0,2.58,hr,often,6,stay
4,10.03,11.9,4.72,20.0,3.28,sales,rare,2,stay
22,15.56,16.8,3.71,14.4,3.58,operations,rare,6,stay
15,14.5,13.0,3.89,22.2,3.26,sales,rare,1,stay
15,23.56,12.2,3.37,18.1,4.13,finance,frequent,5,stay
14,17.6,0.0,4.2,13.0,4.03,it,often,6,stay
8,25.8,0.0,3.47,13.8,2.22,sales,frequent,5,stay
10,19.96,8.3,3.77,9.5,3.31,it,frequent,0,stay
22,12.64,4.9,5.0,8.3,3.69,operations,rare,3,stay
17,11.86,11.6,3.76,7.0,3.58,operations,often,7,stay
23,5.0,10.0,3.73,19.1,2.08,finance,often,7,stay
11,16.89,6.2,2.96,12.4,2.52,it,rare,5,stay
13,18.86,7.7,2.99,18.2,4.21,finance,rare,5,stay
3,21.4,9.6,3.11,3.5,3.78,hr,frequent,5,stay
17,12.68,6.3,3.15,9.8,4.59,it,rare,3,stay
8,19.44,1.6,3.46,9.4,3.85,operations,often,6,stay
18,16.72,21.7,2.45,10.2,3.89,hr,rare,3,stay
6,18.44,17.1,1.67,11.9,3.19,finance,rare,3,stay
22,21.86,13.3,2.31,8.7,3.13,it,rare,4,stay
2,9.35,7.0,3.61,18.4,3.91,sales,rare,6,stay
10,16.86,1.4,3.39,8.2,3.3,operations,rare,1,stay
17,18.89,5.3,4.87,12.2,3.03,it,often,4,stay
15,15.21,15.9,4.14,7.9,1.98,it,often,3,stay
20,22.89,8.2,3.1,7.5,3.63,finance,often,2,stay
11,20.41,9.5,2.7,7.3,3.17,it,rare,0,stay
9,11.82,13.0,2.44,7.1,3.55,operations,frequent,2,stay
1,19.11,8.7,2.37,0.5,4.17,sales,frequent,5,stay
12,18.47,10.4,3.72,18.5,4.01,operations,often,2,stay
18,17.19,17.2,2.71,4.0,2.12,hr,rare,5,stay
7,12.55,0.0,3.69,5.7,2.46,operations,rare,2,leave
20,14.77,18.9,3.26,4.3,3.48,sales,rare,3,stay
4,22.93,1.1,1.7,3.8,2.62,hr,rare,2,stay
18,14.04,10.9,3.18,10.8,1.98,operations,frequent,3,stay
15,11.61,4.4,4.17,20.1,4.07,it,often,7,stay
17,13.54,9.8,2.89,12.4,3.41,operations,rare,7,stay
2,12.77,22.4,3.39,0.5,3.45,hr,rare,1,stay
7,17.53,24.6,3.51,16.2,3.66,sales,rare,5,stay
3,19.0,12.7,3.59,14.9,2.84,operations,frequent,7,stay
6,9.26,15.7,2.99,0.9,3.4,operations,often,6,stay
4,9.72,0.0,3.61,8.1,2.54,sales,rare,2,stay
18,5.88,3.6,3.42,11.4,3.5,it,frequent,6,stay
4,14.98,9.3,2.04,14.5,2.18,operations,rare,1,stay
10,19.77,14.6,4.05,9.5,4.09,operations,often,5,stay
13,22.88,5.0,4.89,11.0,3.04,operations,often,1,stay
5,24.88,4.1,3.21,10.4,4.08,hr,rare,5,stay
21,19.78,6.3,3.01,13.5,4.55,operations,rare,5,stay
24,15.32,2.5,3.87,10.0,3.19,operations,often,0,stay
7,14.21,17.6,3.39,0.5,4.03,it,often,6,stay
19,21.14,8.1,4.94,18.8,3.59,hr,rare,5,stay
1,9.88,1.3,3.14,19.8,2.24,finance,rare,3,stay
24,21.07,2.4,5.0,22.3,3.19,operations,rare,7,stay
18,22.18,11.9,3.91,7.6,3.45,sales,rare,0,stay
1,23.16,20.8,4.33,14.2,3.32,operations,often,5,stay
20,13.95,15.0,3.36,11.2,4.11,finance,rare,1,stay
16,29.58,5.3,4.26,13.8,4.05,sales,frequent,3,stay
5,12.07,9.0,2.69,2.9,3.53,sales,often,5,stay
18,18.05,1.9,3.46,12.4,4.01,it,rare,6,stay
3,17.45,2.5,3.44,11.8,3.95,operations,rare,3,stay
14,17.37,12.7,3.77,11.8,3.08,sales,often,4,stay
7,13.42,2.7,1.15,8.2,1.53,operations,often,6,stay
4,14.27,22.3,2.5,9.2,2.5,it,rare,7,stay
8,20.79,7.2,3.09,8.5,2.9,operations,often,6,stay
0,20.37,5.8,4.0,3.2,1.81,operations,frequent,0,stay
14,14.81,11.4,3.04,11.2,3.72,sales,often,1,stay
14,17.76,3.3,4.53,20.2,3.87,sales,often,6,stay
19,19.85,4.6,3.58,13.1,3.28,it,often,6,stay
14,19.38,7.3,3.28,6.2,2.77,operations,rare,4,stay
19,8.99,10.2,4.35,9.7,3.29,it,rare,3,stay
0,10.89,13.4,3.1,14.5,4.09,sales,often,3,stay
7,13.56,8.7,3.3,13.0,3.37,operations,often,1,stay
6,21.48,15.0,3.19,17.6,2.98,it,often,1,stay
20,19.3,14.0,3.23,2.4,3.37,sales,frequent,5,stay
16,12.35,12.1,5.0,8.8,2.92,it,often,7,stay
10,12.1,11.8,3.34,16.8,2.28,it,often,2,stay
8,18.32,12.4,3.36,4.6,2.88,sales,rare,5,stay
7,19.22,9.8,3.84,21.0,2.56,operations,rare,7,stay
22,6.89,10.8,3.57,5.0,2.52,finance,rare,3,stay
5,28.23,2.6,3.19,7.6,1.97,operations,frequent,7,stay
9,9.74,14.7,4.43,17.8,3.66,finance,frequent,2,leave
10,13.76,21.2,4.34,2.7,1.99,sales,often,5,stay
11,7.11,11.2,3.62,9.1,3.11,it,often,5,stay
18,14.4,17.3,3.71,12.8,3.0,finance,often,3,stay
22,11.5,9.2,2.68,11.0,3.29,finance,rare,2,stay
14,24.25,5.1,3.89,6.2,3.07,it,frequent,4,stay
15,11.67,13.1,2.26,1.2,3.74,operations,frequent,5,stay
19,24.85,5.8,3.94,1.4,2.76,it,rare,2,stay
22,13.33,13.4,2.51,14.6,2.68,finance,often,2,stay
19,25.85,12.1,3.36,12.5,3.74,operations,rare,3,stay
8,18.95,10.4,2.12,9.0,2.31,sales,rare,1,stay
3,18.18,14.1,3.77,23.7,3.47,operations,rare,5,stay
17,19.77,12.8,3.59,8.5,3.04,it,frequent,5,leave
19,19.19,8.1,3.69,14.2,3.81,finance,often,1,stay
22,10.05,8.0,3.69,5.1,2.91,sales,often,1,stay
10,19.49,6.2,4.19,10.6,4.8,finance,rare,7,stay
5,6.36,7.3,3.45,7.3,3.32,operations,rare,5,stay
12,20.48,4.3,2.69,13.8,3.11,finance,often,4,stay
1,21.31,22.0,2.34,14.2,3.91,operations,often,5,stay
7,22.65,0.0,2.58,22.0,4.6,finance,often,6,stay
13,5.0,6.2,2.9,4.8,3.0,it,often,0,stay
24,16.84,9.3,3.55,6.0,2.87,operations,rare,7,stay
24,17.85,11.0,4.67,19.8,3.16,operations,rare,7,stay
14,18.3,17.3,2.8,13.8,3.26,sales,rare,6,stay
16,24.01,6.9,2.66,7.7,2.5,finance,frequent,5,stay
11,21.56,3.6,3.53,16.1,2.63,sales,frequent,6,stay
23,15.67,8.5,3.05,8.9,2.49,it,rare,3,stay
13,25.48,1.6,3.48,6.1,2.48,it,frequent,4,stay
10,21.09,16.5,4.32,9.0,3.16,it,rare,0,stay
8,26.42,19.5,2.72,7.3,1.51,it,rare,4,stay
5,18.82,8.3,2.86,15.7,2.46,it,rare,0,leave
20,14.06,13.0,3.51,9.0,2.86,hr,often,3,stay
12,19.74,8.7,2.05,16.8,2.57,operations,often,4,stay
16,13.95,0.5,4.16,14.8,3.28,sales,rare,1,stay
1,8.5,0.0,4.67,17.4,2.2,sales,rare,0,stay
12,9.54,15.4,3.85,0.5,3.38,it,often,6,stay
3,8.43,0.0,4.22,14.1,1.0,it,rare,1,stay
8,18.12,11.7,3.48,11.5,2.25,sales,often,1,stay
12,11.72,9.9,4.43,6.2,2.03,operations,frequent,0,stay
1,21.17,7.7,3.88,4.7,3.04,it,often,3,stay
23,21.95,5.7,3.45,14.8,3.41,operations,rare,6,stay
20,26.67,11.8,4.58,20.5,3.79,operations,rare,5,stay
12,12.37,0.3,3.24,3.1,2.43,sales,rare,6,stay
16,11.72,14.6,3.13,16.1,2.8,sales,rare,7,stay
2,15.18,4.0,2.61,9.1,4.61,sales,rare,0,stay
20,11.07,7.0,3.83,8.8,2.11,hr,frequent,1,stay
21,18.33,0.7,3.41,13.3,3.85,finance,rare,4,stay
17,25.1,10.2,4.51,0.5,3.45,operations,rare,5,stay
1,15.12,5.7,2.94,22.2,2.11,it,rare,7,stay
12,11.25,9.2,3.07,8.9,1.88,it,rare,3,stay
14,8.6,10.0,3.49,13.8,3.77,it,rare,2,stay
9,20.19,1.5,3.73,18.3,3.8,operations,rare,6,stay
5,13.55,3.5,4.31,10.9,3.0,it,frequent,5,stay
24,20.23,8.5,3.0,9.5,3.42,it,often,5,stay
2,8.12,0.0,4.54,4.2,1.95,operations,rare,6,stay
17,18.33,10.3,2.33,18.7,2.84,hr,frequent,6,stay
9,18.43,3.6,5.0,3.6,2.63,operations,often,3,stay
6,14.2,6.9,2.14,19.5,3.15,operations,often,3,stay
20,13.41,0.0,3.04,10.9,3.12,operations,rare,2,stay
5,18.2,3.6,4.0,20.4,1.22,it,often,2,leave
20,16.31,11.0,3.11,5.8,3.78,finance,rare,7,stay
20,9.56,13.4,3.72,7.3,3.88,finance,often,6,stay
18,23.34,13.9,4.64,8.6,3.42,finance,often,4,stay
15,11.93,3.7,3.62,6.7,3.63,it,often,3,stay
24,16.22,0.5,4.45,0.5,3.82,it,rare,0,stay
9,19.52,5.0,4.17,7.8,3.14,finance,rare,0,stay
22,26.68,3.7,2.97,11.7,3.13,operations,rare,0,stay
3,5.0,8.8,3.57,13.5,2.99,it,frequent,4,stay
5,17.0,7.2,2.68,19.2,3.08,sales,often,2,stay
13,12.83,8.6,3.69,0.5,3.22,it,often,5,stay
12,33.29,3.6,4.42,19.2,3.31,hr,frequent,6,stay
1,25.63,20.8,2.45,12.4,2.4,finance,rare,2,stay
6,19.26,18.9,4.8,10.8,3.53,operations,rare,5,stay
15,8.89,9.2,4.59,16.9,4.15,it,often,5,stay
4,18.86,0.0,2.64,12.5,2.48,hr,often,2,stay
18,14.65,11.9,2.9,8.9,4.23,sales,rare,1,stay
0,19.41,2.4,3.96,16.3,3.22,sales,often,7,stay
4,14.0,0.0,3.13,15.8,4.18,operations,often,0,stay
7,27.47,10.3,3.52,10.2,3.59,sales,often,5,stay
20,14.03,14.8,3.95,23.8,3.88,finance,often,5,stay
21,16.92,11.2,2.7,17.5,3.47,sales,rare,1,stay
3,28.74,1.8,2.73,9.6,3.88,operations,rare,0,stay
24,13.09,11.5,2.5,17.3,2.68,sales,rare,5,stay
17,13.81,0.0,3.74,11.6,3.3,it,rare,5,stay
22,19.48,16.1,3.37,11.0,2.02,it,rare,5,stay
11,33.77,5.8,3.56,9.5,3.3,it,often,3,stay
8,9.43,3.8,4.18,17.0,4.41,finance,rare,5,stay
24,12.78,5.4,4.75,14.1,3.36,operations,rare,2,stay
20,11.33,4.5,3.35,7.0,3.42,finance,frequent,1,stay
7,14.39,7.3,4.3,0.7,3.01,operations,rare,0,stay
17,6.3,4.1,2.76,19.0,2.23,operations,often,5,stay
8,29.57,13.1,4.15,19.6,5.0,it,often,7,stay
20,27.09,14.3,3.55,11.0,3.4,hr,rare,7,stay
6,16.63,8.7,4.29,14.4,3.05,sales,rare,2,stay
17,16.94,17.9,3.65,13.1,2.59,it,rare,0,stay
15,18.31,13.3,2.84,24.4,3.67,it,rare,1,stay
11,19.16,0.0,4.13,16.8,2.62,sales,often,0,stay
21,15.37,11.8,3.99,10.4,2.73,sales,rare,4,stay
8,20.78,9.9,2.94,10.8,3.11,it,rare,0,stay
17,19.86,15.8,2.95,9.5,4.17,it,rare,4,stay
19,17.63,9.9,4.28,13.7,3.19,operations,frequent,1,stay
23,26.06,18.8,3.8,13.9,2.38,it,rare,1,stay
14,27.2,10.3,3.89,1.1,2.29,it,often,6,stay
9,16.6,11.7,3.6,18.5,2.83,operations,rare,6,stay
22,13.75,2.3,4.82,8.6,2.71,finance,frequent,3,stay
5,27.42,6.1,3.6,7.4,2.77,hr,rare,6,stay
24,18.47,0.0,4.09,1.4,3.31,operations,rare,5,stay
0,23.73,10.1,4.49,15.3,2.62,sales,often,4,stay
10,24.88,6.9,4.37,13.5,1.07,sales,frequent,6,stay
2,21.23,8.4,3.83,15.4,2.89,hr,rare,4,stay
0,15.04,12.5,3.87,8.3,2.56,sales,often,3,leave
21,16.7,0.0,3.87,8.3,3.25,finance,frequent,7,stay
15,16.97,9.0,2.35,1.8,3.23,operations,rare,7,stay
1,20.71,14.1,3.11,11.5,3.29,finance,often,0,stay
16,8.67,9.3,3.05,15.8,3.77,it,rare,7,stay
23,19.93,2.8,3.97,14.9,2.27,sales,frequent,0,stay
8,8.35,15.7,1.43,5.9,2.43,operations,rare,5,stay
21,18.38,15.1,2.22,0.5,2.45,sales,rare,0,stay
3,14.5,7.9,4.83,11.5,3.17,it,often,5,stay
23,15.41,7.2,4.06,13.9,3.8,operations,rare,3,stay
9,11.63,13.9,2.99,0.5,3.95,it,rare,4,stay
2,10.57,1.7,2.41,5.5,3.08,it,often,2,stay
23,17.44,4.2,3.74,8.9,1.72,operations,rare,1,stay
17,24.85,9.0,5.0,12.0,3.77,it,often,5,stay
24,16.73,12.7,3.23,8.2,3.33,it,rare,6,stay
4,28.37,7.9,3.55,2.3,3.18,operations,rare,6,stay
1,10.61,12.6,3.39,4.8,2.13,operations,frequent,3,stay
3,17.39,11.2,3.75,16.0,4.29,sales,frequent,3,stay
1,19.47,9.5,3.14,2.5,2.46,hr,rare,1,stay
1,20.06,6.1,4.85,14.1,3.32,sales,often,6,stay
2,22.23,4.7,4.01,17.7,3.14,sales,rare,1,stay
17,12.96,13.9,2.79,8.7,3.19,sales,rare,1,stay
3,17.21,6.8,4.2,5.7,1.16,sales,often,7,stay
2,12.89,4.1,2.36,18.0,3.54,finance,rare,5,stay
21,18.03,13.4,3.7,5.2,1.66,it,rare,1,stay
0,14.82,20.3,3.81,14.5,1.77,it,frequent,1,stay
20,9.81,2.5,3.57,10.1,2.5,hr,frequent,2,stay
11,10.44,7.6,1.77,15.4,4.41,operations,rare,5,stay
24,12.36,6.8,3.36,12.9,2.95,it,rare,6,stay
21,22.63,13.2,4.79,9.4,4.17,finance,frequent,5,stay
4,15.69,1.6,4.06,16.6,3.33,hr,often,4,stay
8,9.45,19.7,2.99,14.2,2.82,finance,frequent,6,stay
4,7.33,11.6,3.25,27.6,5.0,operations,often,1,stay
2,15.61,4.4,4.76,11.6,2.85,finance,rare,5,stay
9,20.17,0.5,3.48,12.6,1.0,it,rare,7,stay
1,12.28,0.0,2.91,11.3,2.63,finance,rare,2,stay
10,25.57,7.6,3.74,16.1,3.18,it,often,2,stay
15,13.41,0.0,3.62,5.6,3.71,hr,rare,7,stay
6,11.2,11.3,3.78,25.0,3.43,finance,rare,7,stay
5,28.05,17.3,3.13,20.6,4.3,operations,frequent,5,stay
10,20.93,8.7,3.4,22.4,2.97,it,often,0,stay
0,17.42,4.2,2.34,16.6,3.37,it,rare,1,stay
1,22.27,13.3,3.53,11.0,3.27,operations,often,5,leave
3,12.92,5.1,3.08,14.8,2.45,it,rare,5,stay
7,17.87,4.5,3.17,7.4,2.88,operations,rare,7,stay
8,6.36,21.0,3.37,7.5,3.81,hr,rare,0,stay
18,15.35,9.8,4.04,9.6,3.64,finance,rare,5,stay
12,12.9,0.7,3.07,3.5,2.31,hr,rare,2,stay
21,23.11,8.9,2.38,18.3,3.4,finance,rare,7,stay
12,23.03,3.5,2.85,22.7,3.99,sales,rare,0,stay
12,23.08,0.0,3.67,13.1,1.38,finance,often,1,stay
22,11.03,9.3,3.09,13.7,3.82,it,rare,4,stay
3,16.33,9.3,1.59,9.0,4.41,operations,often,7,stay
16,21.0,4.8,3.38,6.1,2.57,operations,often,2,stay
17,35.28,19.8,3.17,8.8,2.5,operations,rare,2,stay
24,25.37,6.3,3.43,10.6,1.97,hr,rare,2,stay
16,26.52,0.7,4.04,15.0,3.22,it,often,0,stay
10,18.18,3.2,3.08,15.2,3.17,operations,frequent,6,stay
2,19.15,15.7,3.82,13.8,2.4,sales,rare,3,stay
18,16.61,0.0,2.42,11.0,3.1,it,often,6,stay
9,19.13,13.4,4.14,9.9,3.66,it,often,1,stay
11,14.75,7.5,3.28,15.8,2.61,finance,rare,2,stay
2,24.52,4.3,3.99,11.7,2.2,it,frequent,2,stay
4,13.93,18.4,2.15,11.8,4.16,finance,often,7,leave
5,10.94,17.6,4.29,16.2,1.94,hr,often,5,stay
24,17.27,12.4,4.43,8.0,1.82,operations,often,3,stay
23,16.64,3.1,3.23,2.3,3.6,operations,rare,1,stay
11,27.31,9.8,3.67,7.6,3.24,finance,often,3,stay
15,22.22,6.6,3.34,16.0,1.77,hr,frequent,6,stay
19,14.22,8.9,2.95,10.8,2.48,sales,rare,5,stay
3,20.28,3.4,3.42,11.4,3.79,sales,rare,0,stay
4,13.94,10.4,3.14,19.7,4.29,operations,rare,7,stay
4,18.29,14.0,3.08,22.0,2.41,sales,rare,3,leave
19,8.97,0.9,3.51,4.2,2.32,it,rare,5,stay
11,9.04,14.8,3.93,13.5,3.47,finance,rare,5,stay
12,26.5,5.2,2.77,10.8,3.16,sales,often,6,stay
1,22.73,4.9,3.38,2.3,3.98,sales,rare,6,stay
24,18.89,0.0,3.37,21.5,4.24,operations,rare,7,stay
1,9.86,17.7,2.88,7.7,4.62,it,rare,0,stay
20,16.25,26.0,3.54,8.2,2.02,operations,rare,4,leave
21,15.46,17.8,2.35,25.6,3.69,finance,rare,4,stay
13,9.17,10.2,3.0,18.7,4.01,operations,rare,2,stay
16,18.88,11.0,3.85,0.5,2.04,operations,often,3,stay
6,18.54,6.3,2.2,14.7,3.35,it,rare,5,stay
24,17.63,0.9,4.08,0.6,3.45,operations,rare,5,stay
12,23.76,1.4,2.92,5.5,3.24,sales,often,4,stay
22,26.04,7.0,3.82,18.4,2.78,it,frequent,0,stay
19,19.71,7.9,2.36,8.1,4.43,sales,rare,6,stay
3,16.77,4.3,3.54,18.7,3.04,sales,rare,4,stay
8,16.81,10.6,3.54,7.3,3.21,finance,rare,2,stay
12,17.43,6.3,3.16,10.7,2.51,operations,rare,7,stay
21,19.95,8.5,3.85,14.3,3.43,it,often,6,stay
10,15.48,12.8,3.29,10.8,2.82,hr,rare,1,stay
6,6.89,0.1,3.18,6.5,2.62,it,often,7,stay
22,16.85,2.5,4.23,1.4,2.64,hr,rare,0,stay
16,5.0,8.6,3.78,6.7,4.11,operations,often,7,stay
4,21.47,0.0,3.33,6.1,2.98,sales,frequent,4,stay
16,14.0,4.6,3.9,14.0,3.88,sales,rare,4,stay
19,25.64,14.3,2.76,15.8,3.21,operations,often,5,stay
18,16.51,11.8,3.58,15.3,2.79,it,often,4,stay
2,19.69,13.7,5.0,9.6,2.13,sales,often,1,stay
4,17.98,7.8,4.27,12.9,3.9,operations,often,0,stay
18,15.92,15.7,3.46,18.1,3.52,it,rare,2,stay
24,10.47,15.4,3.72,18.9,2.77,finance,often,2,stay
17,19.04,11.2,3.73,15.2,4.04,it,rare,4,stay
22,15.51,14.4,3.97,9.5,2.43,finance,frequent,3,stay
20,18.58,19.4,3.44,7.1,3.93,operations,often,5,stay
0,20.79,3.9,3.32,17.6,2.3,sales,frequent,7,stay
6,21.74,13.6,2.72,16.3,2.12,it,rare,4,stay
13,13.66,14.5,2.59,14.9,2.78,operations,rare,4,stay
1,26.1,17.3,3.63,7.1,2.56,operations,rare,5,stay
15,26.93,2.6,4.06,13.0,4.34,operations,often,2,stay
23,21.69,4.1,2.42,19.7,3.67,sales,rare,2,stay
5,13.01,15.0,4.07,18.7,2.76,it,rare,7,stay
5,20.41,6.2,4.16,5.5,2.73,finance,often,0,stay
16,6.53,15.3,4.39,11.6,2.8,it,frequent,5,stay
3,9.22,12.5,2.68,4.0,2.71,it,rare,6,stay
16,14.17,7.7,3.87,15.2,3.37,operations,often,1,stay
2,14.0,0.0,2.84,13.7,2.87,sales,often,5,stay
10,23.61,19.2,2.51,12.9,4.49,sales,rare,5,stay
9,20.5,16.9,4.38,18.4,3.23,operations,rare,5,stay
22,21.5,4.2,4.39,10.8,2.64,operations,often,4,stay
14,17.35,6.8,3.47,15.2,4.65,it,rare,2,stay
10,21.03,0.0,3.17,14.1,3.3,it,rare,5,stay
12,14.42,6.4,3.48,4.4,3.74,it,rare,7,stay
8,22.16,5.6,3.44,18.5,3.64,operations,often,7,stay
7,21.45,9.6,4.65,19.1,3.4,operations,rare,7,stay
18,7.96,11.3,4.38,16.3,3.87,sales,rare,5,stay
16,26.15,0.0,3.6,9.0,3.46,it,often,4,stay
4,13.46,17.4,3.05,3.7,4.02,it,rare,5,stay
10,17.77,11.6,3.72,0.5,3.04,sales,rare,3,stay
2,19.05,4.5,5.0,12.1,3.54,operations,often,5,stay
22,22.78,4.6,3.35,8.2,1.94,hr,often,3,stay
20,12.14,4.4,2.84,17.2,5.0,operations,often,2,stay
9,10.94,3.9,3.99,2.8,2.87,it,rare,7,stay
2,17.48,1.8,2.36,5.9,2.44,sales,rare,1,stay
22,19.77,5.4,4.81,6.5,2.6,operations,rare,2,stay
15,27.07,17.6,2.99,13.0,2.42,sales,rare,7,stay
15,22.7,6.2,2.87,27.4,4.28,it,rare,1,stay
3,18.21,13.7,2.72,13.4,2.77,sales,often,6,stay
4,20.89,6.2,4.7,10.4,3.49,it,often,3,stay
6,27.41,12.4,3.4,2.6,3.17,operations,often,1,stay
8,15.85,9.9,3.43,15.2,1.62,sales,rare,5,stay
14,10.95,6.4,4.33,15.0,3.55,sales,frequent,5,stay
17,14.73,5.8,1.83,12.3,2.84,operations,rare,3,stay
3,5.0,1.5,4.33,19.9,4.06,sales,often,5,stay
15,21.6,11.7,3.71,17.0,2.62,sales,rare,4,stay
3,10.11,0.2,4.16,13.0,3.2,sales,rare,5,stay
6,24.22,6.9,4.17,13.9,1.82,operations,rare,5,stay
13,18.19,0.0,3.58,2.0,1.81,sales,rare,2,stay
4,21.63,19.4,3.63,6.4,2.41,operations,often,2,stay
3,15.82,14.0,4.62,12.9,3.52,hr,rare,4,stay
8,19.52,16.5,4.67,17.2,3.72,sales,often,7,stay
19,16.86,7.7,4.32,6.9,3.0,finance,rare,6,stay
18,10.13,14.0,4.02,0.5,3.92,it,rare,0,stay
5,14.9,10.0,3.87,10.3,2.94,it,rare,2,stay
11,18.04,3.2,4.32,13.7,2.96,sales,often,1,stay
4,14.04,17.0,3.56,11.4,2.25,operations,often,4,leave
1,26.18,5.1,3.06,22.3,2.13,it,rare,2,stay
24,12.28,10.1,3.66,12.3,3.48,it,rare,4,stay
19,16.45,4.0,2.66,13.1,3.95,sales,frequent,5,stay
8,17.15,17.0,2.13,8.1,2.88,finance,frequent,3,stay
0,7.78,10.1,4.37,8.6,3.6,finance,frequent,1,leave
6,21.75,18.0,3.54,19.9,4.29,sales,rare,2,stay
8,15.4,12.9,5.0,7.3,2.76,it,frequent,0,stay
4,29.52,2.0,2.96,9.5,1.42,operations,rare,5,stay
8,15.26,6.3,4.2,0.5,4.57,sales,frequent,6,stay
10,14.27,14.5,2.47,18.1,2.48,it,rare,0,stay
3,23.22,4.0,3.9,17.5,2.75,sales,often,1,stay
0,19.27,7.3,4.86,17.5,3.39,sales,rare,0,stay
2,14.75,6.0,4.26,15.9,3.2,hr,often,3,stay
8,15.69,7.2,3.89,13.9,2.82,sales,frequent,2,stay
18,24.93,9.7,4.11,19.9,4.63,sales,often,0,stay
8,22.22,12.8,2.49,15.4,2.06,hr,often,2,stay
9,15.74,7.4,4.9,16.0,2.76,operations,rare,6,stay
16,19.0,2.9,4.2,19.7,4.45,sales,often,2,stay
7,14.22,0.0,3.77,7.6,3.18,it,rare,1,stay
18,22.66,0.0,3.67,13.3,4.14,operations,frequent,7,stay
20,17.06,6.0,2.81,0.5,2.74,hr,rare,3,stay
5,19.41,12.1,2.64,13.2,4.36,sales,often,7,stay
19,11.6,9.7,4.26,21.0,4.59,sales,rare,4,leave
16,24.72,14.7,3.21,10.2,4.01,sales,often,4,stay
20,8.79,1.3,4.24,15.0,3.2,finance,rare,0,stay
3,12.61,9.5,3.6,10.4,3.65,it,often,5,stay
23,20.62,13.0,3.06,7.5,4.19,it,often,7,stay
24,14.03,10.3,2.04,0.5,2.75,it,often,1,stay
15,9.23,7.2,3.06,6.1,2.55,sales,often,5,stay
13,14.47,15.5,2.66,6.9,3.77,sales,rare,0,stay
6,23.82,1.5,2.63,19.9,4.64,operations,often,2,stay
2,23.53,6.4,3.78,12.7,3.79,operations,rare,7,stay
12,14.23,6.2,3.75,16.5,3.52,operations,often,1,stay
16,13.39,2.8,4.13,21.3,4.52,it,rare,0,stay
13,20.57,17.7,3.28,10.2,2.56,finance,often,2,stay
7,26.7,15.6,3.44,0.5,3.01,sales,frequent,0,stay
4,35.97,9.6,4.73,7.3,3.59,finance,often,0,stay
5,7.62,14.7,4.47,9.5,2.31,it,rare,6,stay
22,12.84,15.0,2.59,8.8,3.56,it,rare,1,stay
20,12.05,7.9,3.73,10.8,3.94,sales,often,3,stay
11,10.29,15.1,3.3,7.6,4.01,operations,often,2,stay
3,16.07,15.6,4.05,14.4,4.82,sales,often,4,stay
19,26.33,6.7,3.41,10.3,3.25,sales,often,6,stay
9,16.07,4.7,3.08,13.9,2.93,it,frequent,1,stay
19,19.59,6.1,3.21,8.9,2.59,it,often,7,stay
10,24.56,17.3,4.09,22.8,3.72,operations,rare,6,stay
8,8.77,16.0,2.9,9.2,2.71,it,rare,2,stay
10,12.85,14.0,4.01,11.5,2.61,operations,rare,5,stay
22,14.43,7.0,3.37,17.5,3.32,it,rare,3,stay
0,23.46,11.5,3.55,8.7,3.86,hr,frequent,2,stay
22,24.29,2.7,3.59,8.6,2.94,hr,frequent,0,stay
11,11.15,7.0,4.22,7.5,4.02,it,often,7,stay
12,7.15,16.8,3.61,3.2,3.97,operations,frequent,7,stay
24,14.19,10.1,4.36,4.0,4.34,it,rare,3,stay
4,15.23,0.0,3.21,11.4,3.27,operations,rare,0,stay
14,23.45,13.6,4.24,0.5,4.07,it,rare,3,stay
18,13.96,11.5,2.77,14.2,2.34,sales,rare,1,stay
22,20.22,18.2,2.9,12.8,4.06,hr,often,5,stay
0,5.0,3.0,3.44,11.8,1.0,hr,frequent,3,stay
1,8.99,10.0,3.6,14.2,3.05,sales,rare,7,leave
20,10.11,16.5,3.42,8.7,2.79,it,often,5,stay
7,18.43,2.5,3.06,10.1,2.77,operations,often,3,stay
15,12.12,17.8,2.55,18.6,3.41,sales,frequent,1,stay
8,14.67,0.5,3.25,9.8,3.05,it,rare,4,stay
16,12.4,15.9,3.4,11.1,3.66,it,rare,5,stay
9,21.26,9.6,2.41,22.7,4.47,operations,rare,6,stay
8,12.09,3.6,3.06,14.6,3.79,hr,often,6,stay
22,19.93,14.5,2.88,11.6,3.24,hr,frequent,7,stay
7,23.74,2.1,2.22,10.9,3.18,sales,often,5,stay
4,19.95,5.8,2.66,10.8,3.15,it,rare,1,stay
6,8.47,13.9,3.88,7.0,2.44,operations,rare,3,stay
9,10.1,0.0,2.68,6.4,3.18,operations,rare,5,stay
16,15.65,8.0,2.26,8.1,3.75,operations,rare,4,stay
22,17.09,10.7,3.87,14.8,2.07,it,rare,0,stay
0,14.89,5.1,4.22,12.3,4.06,hr,rare,1,stay
1,11.89,10.6,3.39,25.7,3.68,it,frequent,6,leave
2,29.49,13.0,4.06,18.5,3.75,it,frequent,0,stay
16,13.08,12.7,4.18,14.4,3.31,finance,rare,5,stay
11,16.17,0.6,3.65,2.7,2.84,operations,rare,5,stay
21,15.12,6.0,3.28,21.6,2.23,it,rare,3,stay
14,10.23,9.0,2.98,14.4,3.01,sales,often,7,leave
12,17.41,10.0,3.13,10.6,2.31,it,frequent,6,stay
15,19.63,14.3,3.04,30.7,4.41,sales,frequent,6,stay
12,20.91,5.8,3.75,11.4,3.35,sales,often,5,stay
15,14.46,2.6,3.95,15.6,4.97,sales,frequent,0,stay
10,5.5,8.9,3.94,18.0,3.58,it,rare,0,stay
0,13.62,9.7,5.0,11.8,2.81,sales,often,0,stay
22,7.2,0.6,2.59,12.1,2.82,it,often,6,stay
22,11.43,5.3,3.3,17.8,3.42,sales,frequent,4,stay
19,22.3,7.5,1.95,8.8,3.44,it,often,7,stay
0,5.41,11.4,3.17,6.5,2.77,operations,frequent,1,stay
22,20.93,9.8,4.0,4.5,2.75,operations,rare,1,stay
11,15.19,13.4,3.06,0.5,3.21,operations,rare,5,leave
5,16.91,0.8,2.22,21.1,3.68,sales,rare,7,stay
4,14.78,13.3,2.13,22.3,2.99,it,rare,5,leave
5,11.81,2.0,2.58,0.5,2.84,it,often,3,stay
22,13.5,15.6,4.47,6.8,2.62,operations,rare,1,stay
7,12.37,3.2,3.43,13.9,4.07,operations,often,3,stay
21,5.55,4.8,3.55,0.5,2.53,finance,often,4,stay
22,17.64,0.4,4.13,0.5,2.56,it,rare,2,stay
19,7.86,15.7,3.55,17.2,3.03,finance,rare,1,stay
0,24.0,7.2,3.64,13.8,4.56,it,often,2,stay
5,21.95,16.9,3.6,17.3,4.15,sales,frequent,6,stay
17,13.85,10.2,3.53,7.9,2.1,sales,rare,0,stay
10,16.06,11.5,3.12,10.4,3.85,hr,rare,1,stay
13,19.45,18.7,2.11,8.2,3.26,finance,rare,1,stay
6,19.06,6.6,3.46,5.6,2.6,operations,frequent,0,stay
10,22.6,6.2,3.89,16.0,3.71,it,often,5,stay
16,14.09,13.5,3.44,13.1,4.28,sales,often,3,stay
12,22.63,7.8,4.28,15.1,2.68,hr,rare,3,stay
23,8.61,1.8,3.57,17.2,3.21,it,rare,1,stay
0,22.05,9.1,2.47,10.4,2.96,operations,rare,3,stay
19,17.47,8.0,3.76,12.7,3.15,sales,rare,4,stay
23,26.6,8.5,4.44,12.2,2.28,it,rare,0,stay
16,24.46,11.6,3.25,18.8,2.16,sales,rare,0,stay
2,22.1,6.2,4.03,12.3,3.32,it,rare,0,stay
24,14.31,10.5,4.26,6.2,4.41,it,often,1,stay
21,21.65,4.9,3.34,10.2,2.91,operations,rare,0,stay
3,14.51,0.0,4.57,11.3,1.74,finance,frequent,5,stay
7,13.39,10.9,4.35,14.0,2.75,hr,rare,3,stay
10,13.33,13.0,3.7,18.2,4.47,sales,often,4,stay
8,23.47,1.8,2.88,17.9,2.22,it,rare,6,stay
0,6.19,7.6,2.38,1.4,3.41,it,rare,7,stay
6,17.92,0.7,3.3,16.9,3.47,it,rare,3,stay
14,15.36,9.9,3.27,16.2,3.89,hr,rare,7,stay
10,23.59,5.7,2.87,21.3,3.47,sales,often,3,stay
21,15.3,11.3,3.56,13.1,3.56,sales,often,0,stay
15,22.32,2.3,4.6,17.0,3.55,finance,rare,3,stay
23,18.0,9.9,2.64,7.9,1.43,sales,rare,0,stay
2,22.13,11.0,2.92,16.2,3.57,finance,often,1,stay
8,9.77,9.6,2.98,11.9,3.06,it,often,0,stay
21,21.89,1.5,1.4,19.8,1.69,operations,often,1,stay
16,16.39,8.3,2.58,6.4,3.12,operations,often,1,stay
9,17.05,17.2,3.09,2.9,4.93,sales,rare,5,stay
17,12.71,4.2,4.17,11.3,3.68,sales,rare,3,stay
17,18.71,6.6,2.11,12.8,1.71,it,often,0,stay
11,13.18,19.4,4.51,20.1,2.35,hr,rare,7,stay
5,14.25,9.8,3.79,13.4,2.64,finance,rare,1,stay
21,27.23,2.1,3.05,18.6,3.47,sales,rare,7,stay
14,6.01,10.5,3.38,16.4,4.4,it,often,5,stay
14,11.34,10.8,3.67,8.2,3.53,operations,rare,5,stay
6,17.86,11.3,3.15,7.7,3.67,hr,rare,7,stay
19,16.26,0.0,4.4,5.0,3.58,sales,rare,0,stay
13,16.44,19.7,3.32,6.8,3.12,hr,often,2,stay
4,23.97,7.6,4.44,5.3,3.31,it,rare,7,stay
15,15.21,13.8,3.04,6.7,4.1,sales,often,5,stay
18,12.94,16.0,3.86,12.4,4.34,operations,rare,5,stay
16,11.37,15.9,3.88,12.7,2.52,hr,rare,5,stay
4,9.34,0.0,4.3,10.8,2.63,sales,frequent,2,stay
15,16.15,0.0,2.31,14.1,1.96,sales,often,2,stay
4,19.26,12.8,4.05,7.8,2.66,sales,often,6,stay
0,14.59,11.0,3.91,9.0,2.93,hr,rare,0,stay
0,5.0,3.5,2.73,12.3,2.35,it,rare,7,stay
21,5.93,2.7,3.28,9.4,2.98,finance,rare,5,stay
6,15.83,0.3,4.57,11.9,2.74,finance,often,0,stay
11,9.86,14.0,3.64,12.6,3.68,hr,frequent,3,stay
2,7.63,0.0,2.72,16.0,3.26,it,rare,6,stay
7,20.3,0.0,3.51,14.8,3.48,sales,rare,3,stay
11,20.86,4.3,3.7,8.5,3.16,operations,frequent,5,stay
9,19.04,10.2,3.22,11.9,3.69,hr,frequent,2,leave
19,23.22,0.0,4.0,5.2,3.58,operations,rare,5,stay
4,21.1,10.1,4.87,4.1,2.95,it,often,2,stay
3,17.64,0.0,4.03,6.8,2.76,hr,rare,3,stay
20,24.88,9.8,2.91,3.7,2.81,sales,frequent,7,stay
22,13.34,12.4,3.83,12.0,3.67,sales,frequent,3,stay
0,17.31,5.4,3.5,8.2,3.07,hr,frequent,4,stay
13,23.3,16.6,4.43,0.5,3.37,it,frequent,0,stay
15,14.73,18.0,4.36,1.9,2.02,operations,rare,2,stay
0,16.02,0.0,3.19,6.7,3.67,operations,often,1,stay
4,12.46,11.2,3.66,8.3,4.01,sales,rare,1,stay
7,15.02,7.5,3.22,21.5,2.96,it,rare,3,stay
24,18.36,14.2,3.11,13.4,3.42,operations,often,6,stay
12,17.91,0.0,3.26,4.4,2.72,it,often,6,stay
14,9.32,3.6,5.0,16.6,3.42,it,often,2,stay
1,15.24,12.9,3.26,0.9,3.03,operations,often,4,stay
14,17.83,12.9,3.59,1.5,3.25,hr,rare,2,stay
21,19.7,8.9,3.41,6.8,2.77,operations,often,6,stay
17,20.99,1.5,2.85,6.2,4.12,it,rare,2,stay
24,26.23,2.8,3.92,0.5,3.18,operations,often,5,stay
12,15.62,9.5,3.58,10.5,3.78,operations,often,0,stay
14,11.19,0.0,3.96,22.0,4.29,sales,rare,3,stay
20,18.39,9.8,3.11,10.4,2.03,it,rare,2,stay
16,17.5,6.9,2.65,8.8,1.03,it,rare,2,stay
24,15.83,6.3,3.06,9.3,3.29,hr,rare,1,stay
24,21.66,15.1,4.37,0.5,3.65,operations,rare,3,stay
10,15.85,4.6,3.84,18.5,3.42,hr,often,0,stay
4,14.86,4.1,3.47,15.2,2.13,it,rare,3,stay
11,15.82,6.4,3.1,6.4,1.65,hr,rare,0,stay
16,12.08,12.7,1.97,14.9,3.1,sales,often,1,stay
23,10.39,11.8,4.51,15.5,3.28,it,rare,3,stay
10,19.1,3.3,4.04,20.1,3.28,finance,rare,2,stay
16,26.35,0.0,3.7,0.5,2.89,operations,rare,4,stay
14,26.17,11.7,4.56,5.5,4.64,sales,rare,1,stay
17,23.72,0.0,5.0,10.8,2.79,operations,often,1,stay
23,21.84,0.1,3.03,8.9,3.66,it,often,1,stay
5,22.83,11.3,3.63,10.3,3.2,operations,often,7,stay
24,24.74,13.7,3.07,16.1,1.0,operations,frequent,4,stay
7,21.08,14.2,4.21,8.9,2.97,finance,rare,4,stay
18,29.46,11.2,4.46,21.5,3.03,finance,often,6,stay
19,19.89,4.9,3.8,7.8,3.49,finance,often,3,stay
17,16.32,6.2,4.47,3.1,2.8,operations,rare,4,stay
21,13.83,12.6,4.92,18.1,1.34,it,rare,0,stay
21,13.0,0.0,3.32,0.5,4.05,sales,often,1,stay
23,15.24,7.9,3.74,11.7,3.78,sales,rare,5,stay
12,21.02,5.8,3.64,25.1,3.71,sales,frequent,1,stay
22,33.5,12.5,4.15,13.5,2.66,operations,rare,0,stay
8,27.49,4.3,2.82,13.4,5.0,it,rare,5,stay
21,24.76,10.1,3.46,17.5,2.32,it,often,1,stay
15,20.84,0.0,3.8,0.5,2.8,it,frequent,3,stay
6,13.21,1.5,3.47,12.7,1.73,sales,rare,5,stay
19,26.74,12.6,2.97,13.1,3.72,operations,rare,7,stay
5,10.12,0.6,4.63,1.9,3.33,finance,rare,2,stay
0,16.06,6.0,4.35,0.7,5.0,it,often,4,stay
12,18.3,7.4,3.28,13.8,2.16,it,often,3,stay
12,9.87,3.3,3.56,15.3,3.43,it,rare,3,stay
2,15.46,5.2,2.9,14.3,3.11,operations,rare,3,stay
22,31.05,3.2,3.76,9.3,3.45,it,frequent,5,stay
2,10.71,6.0,3.78,11.3,1.89,sales,often,3,stay
22,5.0,11.2,3.57,7.9,2.84,it,often,6,stay
12,8.93,10.2,3.11,13.7,4.34,operations,rare,2,stay
23,9.29,9.1,4.04,0.5,2.76,hr,often,7,stay
4,19.56,0.0,4.67,13.6,4.69,sales,rare,7,stay
18,19.84,0.0,3.82,12.2,3.59,sales,frequent,6,stay
21,16.85,1.9,3.15,0.5,3.14,hr,rare,6,stay
0,12.23,10.5,2.78,5.1,3.46,operations,rare,7,stay
16,17.39,13.1,3.79,8.0,2.11,hr,rare,4,stay
24,20.07,10.2,4.72,6.6,3.45,sales,rare,7,stay
1,10.06,10.4,3.72,14.7,3.61,it,rare,5,stay
3,12.56,15.3,3.97,14.4,4.47,sales,rare,7,stay
21,17.62,7.2,4.09,8.4,3.02,operations,frequent,0,stay
10,24.35,8.8,3.73,12.5,3.25,operations,frequent,0,stay
3,21.18,17.6,2.66,8.3,3.46,operations,often,2,stay
14,7.74,13.9,3.53,0.5,2.43,it,rare,6,stay
11,21.36,5.2,3.05,14.4,3.11,operations,frequent,7,stay
20,15.02,2.8,3.04,6.9,4.03,it,frequent,2,stay
6,17.56,9.7,2.75,1.6,2.61,finance,often,7,stay
22,13.17,15.1,4.22,14.6,2.76,operations,often,4,stay
3,24.42,9.6,3.65,13.2,3.41,finance,often,4,stay
7,21.58,12.0,2.38,17.1,3.47,it,often,5,stay
0,17.13,10.7,2.29,10.0,2.72,sales,rare,4,stay
23,9.07,17.6,3.06,14.0,3.98,finance,rare,1,stay
21,16.85,6.5,4.0,4.9,3.04,it,often,0,stay
21,22.71,1.6,4.28,13.3,2.33,it,rare,0,stay
9,20.94,7.8,4.2,9.4,2.8,it,rare,6,stay
16,20.68,2.0,4.14,2.1,2.33,hr,frequent,2,stay
16,19.73,11.9,5.0,17.1,4.44,operations,often,0,stay
14,21.68,5.2,3.19,0.5,2.69,operations,rare,3,stay
15,23.59,7.4,4.97,8.8,2.94,hr,rare,1,stay
10,13.77,16.0,3.91,20.3,4.18,operations,often,7,stay
17,12.91,5.0,3.24,10.8,2.98,sales,rare,0,stay
18,7.42,7.8,3.0,8.2,3.19,operations,rare,0,stay
20,16.7,5.4,3.36,21.2,2.54,sales,rare,4,stay
11,20.07,7.5,5.0,16.3,2.73,operations,rare,6,stay
5,11.48,9.5,3.7,11.5,3.22,operations,rare,2,stay
18,18.17,16.3,2.49,11.3,1.84,operations,rare,4,leave
16,16.48,0.0,2.89,16.8,4.34,sales,frequent,1,stay
6,17.8,7.6,4.44,3.3,2.48,sales,rare,6,stay
23,21.6,1.4,4.47,6.2,3.62,finance,often,6,stay
14,20.95,17.3,2.16,13.8,4.07,sales,rare,0,stay
5,21.64,15.2,3.94,24.4,2.71,finance,rare,4,stay
19,22.47,6.2,3.1,20.7,3.64,finance,rare,6,stay
13,19.37,13.9,3.87,1.7,3.49,it,frequent,3,stay
5,9.22,12.9,3.9,10.8,1.72,sales,rare,1,stay
9,10.4,5.7,3.66,2.7,2.64,operations,frequent,7,stay
21,18.95,2.1,3.79,13.7,3.85,it,often,0,stay
10,6.64,2.6,3.9,17.2,3.96,it,often,0,stay
17,8.45,13.3,2.78,7.8,2.27,operations,often,7,stay
19,20.63,5.4,3.72,23.9,4.45,hr,rare,1,stay
7,18.22,4.4,3.34,13.0,2.33,hr,rare,2,stay
4,24.02,8.1,4.08,18.6,3.23,it,frequent,3,stay
23,18.25,0.0,4.06,19.1,3.01,sales,frequent,1,stay
5,22.09,7.0,3.79,14.7,2.5,it,rare,6,stay
5,17.05,7.2,4.3,5.3,4.45,hr,often,0,stay
4,12.83,2.1,3.17,9.9,4.39,operations,rare,7,stay
24,16.19,5.7,3.91,10.2,4.32,sales,frequent,3,stay
0,5.0,5.9,3.23,0.9,2.99,operations,rare,5,stay
22,12.67,9.9,3.23,21.8,3.03,hr,frequent,1,stay
0,14.15,9.8,3.99,9.0,1.68,it,rare,0,stay
6,13.62,3.6,3.22,12.4,3.34,finance,often,4,stay
1,11.91,17.2,2.67,21.3,3.16,it,often,2,stay
2,16.99,7.8,3.46,6.2,4.03,it,rare,6,stay
13,20.35,11.0,2.79,13.7,2.43,operations,rare,6,stay
21,16.28,18.6,4.04,0.5,3.52,it,rare,5,stay
3,15.41,26.2,2.67,11.9,3.27,finance,often,1,leave
2,12.33,0.0,2.72,15.7,2.88,finance,rare,2,stay
5,15.98,11.8,4.67,18.9,3.49,sales,often,7,stay
5,18.35,1.3,3.33,12.1,1.94,it,rare,2,stay
23,21.09,10.0,4.0,10.8,3.15,it,often,2,stay
10,8.24,3.7,3.49,15.1,3.83,sales,rare,3,stay
4,14.35,2.6,3.87,13.0,2.99,operations,rare,3,stay
1,25.1,0.8,4.17,3.9,3.82,operations,rare,4,stay
22,16.4,5.8,3.78,6.7,3.6,finance,often,0,stay
5,9.1,0.0,2.82,16.3,2.26,finance,often,5,stay
7,12.97,0.0,3.41,21.9,2.19,hr,rare,0,stay
12,13.77,0.2,3.01,9.2,2.43,operations,often,2,stay
12,14.25,9.0,2.63,9.0,3.49,it,frequent,6,stay
19,11.9,19.7,4.4,13.1,3.31,sales,rare,7,stay
17,28.52,5.2,3.72,10.2,3.5,sales,rare,1,stay
2,12.13,9.9,3.26,8.5,3.57,sales,often,6,stay
19,5.0,10.1,4.0,8.4,4.52,operations,often,0,stay
23,11.43,11.8,3.28,8.8,4.31,finance,rare,4,stay
10,22.93,0.0,4.39,19.7,5.0,operations,rare,6,stay
18,25.75,4.7,3.44,9.5,3.75,finance,rare,1,stay
9,15.93,10.0,3.73,4.6,2.94,sales,rare,4,stay
0,22.43,1.6,3.08,14.8,3.11,operations,frequent,0,stay
9,14.3,4.7,3.29,19.7,3.94,operations,rare,2,stay
14,13.01,8.3,3.82,16.2,3.06,it,frequent,3,leave
16,13.61,0.0,4.44,6.2,2.09,sales,rare,0,stay
2,21.0,16.8,3.88,18.8,2.7,operations,rare,2,stay
3,21.49,19.3,3.95,15.1,3.89,it,often,3,stay
12,21.61,9.6,1.73,11.8,1.54,sales,rare,1,stay
11,8.37,11.3,3.51,14.0,3.72,sales,often,3,stay
23,12.5,5.1,4.01,8.5,3.19,sales,rare,4,stay
11,19.28,1.4,2.82,19.8,1.8,sales,rare,6,stay
17,16.9,0.5,3.69,14.7,2.86,operations,rare,4,stay
4,15.9,2.4,3.83,12.6,3.73,sales,rare,2,stay
10,12.75,4.8,2.07,26.7,3.18,operations,rare,7,stay
10,11.12,8.2,2.67,7.2,3.11,sales,rare,0,stay
14,9.79,10.7,3.15,18.4,1.62,it,rare,3,stay
23,15.9,15.1,3.03,0.5,3.46,it,often,1,stay
10,20.95,0.5,3.63,15.5,3.01,sales,rare,3,stay
19,11.02,8.8,3.57,10.4,3.22,sales,often,3,stay
24,19.37,7.9,3.62,24.6,2.55,operations,rare,1,stay
19,14.35,3.2,3.22,7.8,2.78,sales,rare,2,stay
15,9.18,8.6,3.2,10.1,3.32,sales,frequent,6,stay
24,17.8,2.8,3.97,17.2,3.68,it,rare,1,stay
5,13.56,17.9,2.89,17.8,3.42,sales,rare,0,stay
22,19.42,1.6,3.89,17.5,1.89,hr,often,3,stay
7,14.14,14.5,3.64,10.0,2.15,sales,rare,2,stay
7,23.94,16.7,3.91,4.2,2.15,hr,often,5,stay
14,21.92,3.5,4.63,12.1,2.54,operations,frequent,7,stay
1,24.17,2.6,3.92,0.5,2.32,finance,rare,5,stay
24,15.07,15.1,3.51,9.4,2.86,it,rare,3,stay
11,21.52,0.6,3.18,8.4,4.01,operations,often,2,stay
22,23.56,14.3,3.26,0.5,3.12,it,often,3,stay
16,20.19,0.2,3.14,0.5,2.66,operations,often,2,stay
9,18.74,7.7,4.02,10.0,3.59,sales,often,0,stay
15,20.06,4.2,2.85,6.0,2.6,finance,rare,5,stay
7,12.88,6.1,3.53,1.1,3.73,operations,often,2,stay
6,20.35,23.1,3.87,17.4,3.18,it,rare,7,leave
4,14.62,6.4,2.61,12.9,4.06,sales,rare,1,stay
20,12.65,8.2,2.56,30.0,3.18,sales,rare,4,stay
14,19.91,13.0,3.77,7.2,3.18,finance,rare,3,stay
22,20.9,15.2,4.08,4.7,3.45,it,rare,1,stay
23,20.86,17.9,3.7,13.3,4.08,operations,rare,2,stay
4,21.9,7.9,2.65,3.8,3.62,sales,rare,0,stay
22,17.91,13.7,3.63,8.5,3.63,hr,rare,5,stay
13,16.85,6.3,1.73,15.3,2.02,it,frequent,5,stay
12,13.4,8.8,3.06,19.7,3.88,it,frequent,3,stay
1,11.5,0.8,2.92,10.1,2.93,it,rare,5,stay
8,18.77,7.1,3.17,7.2,1.83,hr,rare,2,stay
13,14.71,17.6,3.55,8.1,2.96,operations,often,0,stay
19,17.89,8.2,2.76,19.3,3.48,finance,rare,1,stay
3,19.51,6.1,3.68,6.8,3.66,hr,rare,5,stay
10,16.91,18.2,3.23,6.9,5.0,operations,often,5,stay
6,14.46,4.3,4.05,10.7,3.28,sales,rare,1,stay
17,15.52,8.4,4.1,11.9,2.92,hr,rare,0,stay
14,23.67,10.4,3.11,13.9,2.75,operations,rare,6,stay
24,15.4,12.9,3.25,26.8,3.47,sales,frequent,2,stay
5,17.36,4.1,3.48,7.6,3.28,operations,rare,0,stay
2,19.85,0.0,3.39,10.4,3.22,hr,rare,2,stay
9,23.89,9.0,4.62,3.6,3.3,hr,rare,4,stay
3,22.59,7.0,3.59,18.0,5.0,sales,rare,6,stay
18,20.99,2.5,2.66,16.0,3.19,operations,rare,3,stay
7,20.63,5.5,3.29,10.2,4.15,sales,frequent,6,stay
21,19.09,0.0,3.52,0.5,2.07,sales,often,0,stay
7,17.68,5.2,2.95,14.9,3.83,finance,frequent,1,stay
11,9.9,2.5,3.2,13.6,2.29,sales,rare,2,stay
8,10.32,5.4,4.02,12.9,3.16,it,rare,2,stay
20,18.44,17.9,3.6,15.6,5.0,it,often,1,stay
10,14.53,8.2,3.11,5.9,2.48,it,rare,6,stay
19,10.79,6.9,3.31,17.7,3.22,hr,often,0,stay
4,25.3,16.6,3.28,13.0,2.17,it,frequent,4,stay
14,14.5,12.5,3.47,10.6,3.14,operations,frequent,6,stay
3,24.84,7.9,3.14,15.6,3.35,operations,frequent,4,stay
11,13.35,12.3,4.4,0.5,4.9,it,often,4,stay
4,17.06,18.1,4.69,12.5,3.0,it,often,7,stay
15,26.39,9.7,3.65,5.0,3.25,sales,rare,7,stay
22,17.59,4.5,4.16,17.6,3.36,it,often,6,stay
14,16.19,12.9,2.5,18.5,1.99,finance,rare,0,stay
6,18.97,2.5,2.51,10.3,4.4,sales,frequent,2,stay
2,23.52,10.9,3.78,8.1,1.94,hr,rare,3,stay
13,18.04,11.4,3.2,7.3,2.84,operations,frequent,2,stay
18,13.35,7.0,2.62,11.3,3.48,it,frequent,2,stay
8,17.49,6.3,2.88,9.8,2.73,finance,often,1,stay
19,24.1,7.2,3.05,9.6,2.11,it,rare,1,stay
12,19.88,10.1,3.78,0.5,3.8,it,rare,3,stay
8,17.4,3.9,3.76,25.3,2.91,sales,rare,1,stay
0,13.85,7.1,3.6,11.5,3.74,it,rare,2,stay
9,12.56,13.4,3.32,12.9,2.3,it,rare,0,stay
11,16.33,14.7,3.37,13.5,1.72,it,often,4,stay
12,18.37,18.2,3.71,21.2,2.34,operations,often,4,stay
18,12.6,15.9,3.21,20.7,2.69,sales,rare,6,stay
21,26.25,7.0,4.51,4.8,2.87,hr,rare,0,stay
12,24.46,13.0,3.02,22.1,3.64,finance,often,6,stay
18,15.63,14.6,3.83,14.1,3.8,it,often,5,stay
22,6.47,2.7,3.43,9.6,1.96,operations,rare,2,stay
2,19.88,7.9,4.08,6.6,2.36,operations,rare,6,stay
9,11.96,0.0,3.11,9.1,2.85,it,frequent,7,stay
20,8.39,14.9,3.32,7.3,3.67,finance,often,3,stay
20,19.21,13.1,2.69,3.7,2.38,operations,often,6,stay
7,23.5,5.1,3.3,15.4,2.0,sales,frequent,3,stay
22,13.3,5.3,3.23,9.9,3.68,it,often,6,stay
20,23.44,6.3,2.77,8.4,2.81,sales,rare,2,stay
15,11.2,6.8,2.71,10.4,3.38,it,often,7,stay
8,11.65,9.9,3.47,9.2,2.59,sales,rare,3,stay
14,14.56,10.6,2.77,9.6,1.46,operations,rare,2,stay
17,16.26,13.5,2.78,7.1,2.89,sales,often,3,stay
18,8.04,6.9,4.41,4.1,4.49,finance,rare,3,stay
21,14.6,10.0,3.1,0.6,1.9,finance,often,1,stay
19,20.04,9.1,3.59,6.9,2.23,hr,frequent,5,stay
6,16.51,4.0,2.48,17.4,4.01,it,often,1,stay
9,20.05,14.3,1.6,0.5,3.28,sales,rare,1,stay
19,20.72,0.0,4.44,16.1,3.48,finance,rare,0,stay
5,22.44,9.5,4.21,8.0,4.27,operations,often,0,stay
20,25.61,14.1,4.98,15.8,3.19,finance,rare,7,stay
6,22.77,2.9,3.39,23.3,2.15,finance,often,4,stay
23,22.67,8.0,2.11,13.4,3.78,hr,frequent,4,stay
19,24.1,11.8,4.26,3.9,3.76,it,frequent,6,stay
18,13.59,0.0,3.66,25.7,2.99,hr,often,2,stay
16,14.42,2.2,2.47,17.9,3.01,sales,often,7,stay
7,14.16,6.7,2.25,19.9,2.54,sales,frequent,1,stay
5,16.19,1.3,3.69,4.6,2.03,operations,rare,2,stay
6,20.35,5.8,3.51,7.5,3.52,hr,rare,0,stay
19,12.74,8.0,4.02,16.0,2.53,hr,rare,5,stay
20,17.27,9.7,4.72,0.6,3.9,sales,rare,3,stay
20,15.55,0.6,5.0,10.5,4.31,sales,rare,5,stay
15,28.16,18.7,3.44,10.1,3.09,operations,rare,5,stay
7,15.68,15.2,3.89,16.2,2.04,it,rare,0,stay
11,12.48,1.7,2.9,14.8,3.33,hr,often,3,stay
20,6.72,8.0,3.98,15.2,3.27,sales,often,0,stay
5,17.59,19.7,2.75,4.3,2.56,operations,often,3,stay
13,14.02,10.4,3.11,17.9,2.57,finance,rare,2,stay
3,25.47,5.2,2.92,8.2,5.0,it,frequent,3,stay
17,23.02,8.2,4.05,11.7,2.6,it,rare,5,stay
12,14.03,0.0,3.82,15.4,3.15,sales,rare,5,stay
9,14.02,3.8,3.42,13.5,3.23,it,rare,0,stay
3,15.58,10.6,2.63,0.5,2.09,it,often,5,stay
8,24.59,0.0,4.24,1.7,2.79,sales,frequent,4,stay
20,11.7,9.9,3.55,6.2,3.51,sales,often,4,stay
2,20.1,0.0,2.87,7.7,2.07,sales,rare,1,stay
17,20.44,7.9,3.7,7.1,2.93,operations,frequent,6,stay
6,14.45,6.6,4.8,17.3,3.93,sales,rare,4,stay
22,13.31,12.7,3.08,7.7,2.27,sales,rare,7,stay
23,19.67,1.1,4.0,8.8,2.81,it,rare,7,stay
16,26.72,16.5,3.71,14.4,2.92,operations,rare,2,stay
6,22.55,5.9,4.62,7.4,1.0,operations,rare,6,stay
3,23.6,0.0,2.85,15.3,3.34,finance,rare,2,stay
23,20.22,13.8,3.26,10.2,2.21,operations,often,5,stay
20,7.81,0.3,2.54,20.0,4.64,finance,often,7,stay
0,9.94,0.0,3.38,20.1,3.73,hr,rare,3,stay
8,9.7,3.4,4.0,15.2,2.9,hr,rare,2,stay
22,12.97,7.9,3.63,3.8,4.24,operations,often,7,stay
4,17.71,0.0,2.99,7.5,2.76,it,rare,2,stay
12,16.57,8.4,4.46,11.5,3.55,it,often,0,stay
9,8.71,6.5,4.36,13.8,2.04,sales,often,7,stay
12,11.83,9.4,3.79,16.1,4.13,sales,rare,4,stay
20,24.59,4.2,3.73,9.6,3.15,it,rare,1,stay
11,19.85,12.4,1.84,10.8,2.28,finance,frequent,7,stay
3,16.98,11.8,2.05,19.7,3.61,hr,often,3,stay
23,7.27,16.0,4.29,0.5,3.12,operations,often,4,stay
12,12.0,4.3,3.48,7.6,3.03,it,frequent,2,stay
6,13.64,15.0,2.75,11.0,3.64,it,often,6,stay
4,21.05,16.3,3.43,19.1,2.43,it,frequent,1,stay
14,13.85,9.4,4.66,10.5,4.34,operations,rare,5,stay
15,10.71,5.4,4.86,10.9,2.54,sales,frequent,0,stay
21,25.09,9.6,3.37,0.5,4.28,hr,rare,5,stay
2,13.42,14.7,4.0,17.9,2.59,sales,often,5,stay
18,17.88,5.3,3.01,7.8,1.55,it,rare,5,stay
23,17.61,17.8,3.29,6.8,1.43,sales,rare,1,stay
18,5.05,17.4,3.81,7.8,2.81,operations,often,3,stay
10,5.0,1.4,4.67,0.6,3.55,hr,frequent,4,stay
10,14.75,7.9,3.88,14.0,3.27,operations,often,1,stay
3,27.01,9.0,3.87,0.5,2.85,sales,often,4,stay
6,25.08,5.4,2.53,14.5,3.36,finance,rare,4,stay
17,15.13,10.0,3.39,18.2,2.6,finance,frequent,2,stay
18,22.63,12.3,2.89,11.8,4.46,sales,rare,6,stay
19,12.05,1.0,3.35,8.0,2.68,it,rare,5,stay
2,10.0,12.5,3.27,12.6,2.38,operations,often,1,stay
0,22.44,10.4,3.39,7.7,2.58,hr,rare,7,stay
7,27.41,5.8,3.43,4.0,3.69,it,rare,7,stay
11,16.68,19.0,3.02,1.5,1.54,operations,rare,4,stay
2,15.72,9.6,3.56,11.3,3.27,hr,often,0,stay
1,11.92,13.6,3.42,7.0,4.86,finance,rare,6,stay
14,15.49,10.8,3.75,6.5,3.04,hr,rare,1,stay
10,9.52,13.3,3.05,19.2,3.2,operations,often,4,stay
6,17.51,12.7,2.7,12.1,3.37,it,rare,6,stay
20,17.43,8.9,4.55,17.2,3.09,operations,rare,6,stay
10,14.49,15.9,4.76,9.2,1.98,sales,frequent,6,stay
15,17.95,7.5,3.18,4.3,1.86,hr,often,3,stay
7,17.8,2.2,3.51,20.6,3.7,sales,rare,1,stay
13,16.58,20.1,3.71,4.8,3.57,sales,often,2,stay
4,20.86,0.0,3.74,18.3,3.51,finance,rare,0,stay
0,19.35,17.0,4.05,20.2,3.82,it,rare,2,stay
17,14.73,10.0,4.37,16.4,3.43,it,often,3,stay
21,22.83,1.9,4.13,11.2,3.69,operations,frequent,1,stay
7,21.32,2.8,4.2,4.3,3.3,hr,frequent,0,stay
16,23.42,2.6,3.55,17.7,2.81,operations,often,7,stay
23,13.15,12.2,3.86,6.3,2.91,it,often,5,stay
8,15.66,8.4,4.06,15.8,3.62,it,rare,0,stay
17,25.76,6.0,2.52,10.5,3.13,sales,frequent,5,stay
8,12.6,27.0,3.56,10.7,3.42,it,frequent,7,stay
12,17.26,4.6,3.93,4.3,3.37,sales,rare,3,stay
15,18.35,5.5,4.32,7.6,2.83,sales,often,5,stay
14,22.06,7.7,3.84,9.8,1.0,operations,rare,2,stay
15,23.59,7.1,3.88,5.8,4.38,it,often,4,stay
19,20.3,6.8,3.31,15.7,2.32,operations,often,5,stay
0,11.2,13.3,2.37,7.5,2.33,finance,often,2,leave
21,20.64,9.6,3.68,7.6,3.71,hr,rare,4,stay
9,21.78,3.2,2.63,15.8,3.68,operations,rare,6,stay
3,5.0,0.0,2.62,5.5,4.16,hr,frequent,7,stay
10,12.74,25.1,2.75,10.8,3.0,it,frequent,2,stay
2,17.77,14.2,3.21,7.2,3.42,hr,rare,0,stay
21,10.09,4.6,4.0,15.1,2.64,sales,frequent,5,stay
18,14.93,2.8,4.24,0.5,1.89,finance,rare,1,stay
8,15.3,15.0,3.69,6.2,3.77,finance,rare,0,stay
17,20.15,0.0,2.81,11.2,2.68,it,often,6,stay
7,8.08,11.7,4.52,26.3,4.88,sales,often,2,stay
14,25.12,1.0,3.66,14.4,2.06,finance,rare,7,stay
1,12.88,0.7,3.77,16.8,2.33,finance,rare,2,stay
5,24.55,14.9,2.03,11.9,4.1,it,often,1,stay
6,13.83,0.0,3.3,16.5,2.16,operations,often,0,stay
22,25.37,10.6,4.68,14.2,3.57,hr,often,4,stay
3,15.41,4.9,3.08,6.2,3.24,it,rare,5,stay
21,17.58,14.2,4.21,9.6,2.85,operations,rare,6,stay
20,17.17,2.5,2.56,11.6,3.57,hr,rare,6,stay
15,19.89,7.6,3.62,11.7,1.46,operations,rare,1,stay
13,24.24,3.4,4.32,9.5,4.08,it,frequent,5,stay
6,26.42,0.0,3.65,18.1,4.03,operations,rare,1,stay
20,24.8,0.0,2.41,4.9,3.19,sales,rare,2,stay
2,22.76,11.3,3.27,7.0,2.21,hr,rare,3,stay
4,21.32,1.7,3.11,18.4,2.57,sales,often,6,leave
2,20.72,11.7,3.29,1.7,4.31,it,often,1,stay
20,8.47,0.0,3.51,16.1,2.61,hr,rare,5,stay
19,14.34,14.4,3.39,19.9,2.87,it,frequent,7,stay
4,13.92,4.6,4.05,9.4,1.77,operations,often,4,stay
19,27.64,4.2,3.31,12.2,2.7,operations,rare,5,stay
16,19.91,16.3,2.93,19.2,3.91,hr,frequent,4,stay
14,31.05,1.0,4.18,9.2,2.54,sales,often,6,stay
19,21.61,2.7,4.11,0.6,3.17,it,often,6,stay
24,19.35,8.3,3.36,14.7,3.18,finance,often,3,stay
14,9.46,0.0,3.84,0.5,2.94,hr,rare,1,stay
22,6.23,16.2,3.25,9.0,3.25,hr,rare,1,stay
11,26.18,4.8,3.42,13.5,3.01,it,often,7,stay
6,22.31,10.4,3.29,9.3,3.31,it,often,1,stay
22,23.57,17.8,2.51,5.4,3.21,it,rare,5,stay
16,20.14,2.5,4.52,14.3,3.16,finance,often,5,stay
18,16.01,0.3,2.97,14.4,1.96,sales,often,4,stay
11,16.36,11.2,2.53,13.9,2.83,sales,often,6,stay
18,13.67,6.5,3.49,10.4,3.33,it,often,7,stay
12,24.03,11.1,2.9,1.5,2.43,operations,often,3,stay
6,5.52,9.2,3.4,14.0,4.41,it,often,7,stay
15,17.84,6.5,3.33,10.1,4.03,finance,rare,6,stay
0,20.68,1.7,4.02,11.0,2.97,sales,often,4,stay
23,11.62,13.6,2.92,8.9,2.25,finance,often,6,stay
21,30.76,7.7,3.53,15.7,2.7,operations,rare,0,stay
16,12.08,4.1,4.27,6.5,3.2,it,rare,6,stay
12,15.09,6.3,3.46,15.4,2.48,operations,rare,2,stay
11,14.27,0.0,3.21,11.4,3.14,sales,rare,6,stay
17,13.72,12.8,2.95,26.2,4.49,finance,rare,2,stay
1,14.85,13.6,3.3,12.2,3.93,finance,rare,6,stay
7,16.14,15.5,2.94,11.2,2.4,it,rare,3,stay
10,13.12,2.0,3.18,11.3,5.0,sales,rare,3,stay
10,13.67,0.7,3.98,5.1,3.7,sales,rare,4,stay
14,17.94,17.9,4.06,0.5,1.85,hr,rare,4,stay
11,20.11,12.1,3.34,20.0,4.21,operations,rare,3,stay
13,14.83,21.5,4.25,11.6,3.04,it,often,4,stay
14,7.89,0.0,4.04,21.2,2.81,operations,rare,2,stay
17,12.3,9.5,2.49,5.4,4.26,operations,often,7,stay
21,17.98,6.4,3.33,11.9,1.76,it,rare,2,stay
17,15.04,10.4,2.57,14.3,3.74,it,rare,0,stay
1,11.53,6.9,4.02,2.6,4.08,operations,often,2,stay
18,26.05,4.0,2.79,20.4,3.62,it,often,7,stay
12,13.61,7.3,2.64,9.5,3.75,operations,rare,1,stay
0,10.49,10.6,2.53,13.0,3.73,operations,frequent,4,stay
12,14.71,9.6,2.67,4.0,2.67,sales,rare,5,leave
9,12.14,0.0,2.8,5.0,2.7,sales,frequent,2,stay
0,23.86,0.0,2.82,14.0,2.87,sales,rare,5,stay
22,11.96,13.1,3.53,4.6,1.53,sales,rare,0,stay
18,14.27,7.8,3.39,4.7,4.73,operations,often,6,stay
15,20.45,11.4,3.52,12.5,3.94,operations,often,7,stay
19,18.42,12.1,3.24,17.6,3.74,it,rare,7,stay
5,6.14,0.7,3.39,21.7,3.91,sales,frequent,3,stay
1,15.24,6.8,2.32,9.8,1.99,hr,rare,0,stay
13,15.7,4.0,4.06,16.0,4.19,operations,frequent,1,stay
14,19.81,2.9,2.75,5.5,3.91,hr,rare,5,stay
24,19.96,12.5,3.71,7.3,2.91,operations,often,2,stay
23,20.41,7.9,2.79,10.8,2.88,it,rare,7,stay
4,14.5,18.6,2.97,15.9,3.39,it,rare,7,leave
2,22.26,7.4,4.15,2.0,2.27,it,often,5,stay
22,20.75,6.2,3.97,15.9,3.44,operations,rare,5,stay
17,11.37,10.7,3.49,7.3,2.63,it,often,6,stay
2,18.6,14.1,2.11,10.5,2.3,it,often,2,stay
16,10.54,9.7,3.75,0.5,4.03,operations,often,4,stay
22,20.51,7.4,5.0,8.8,2.35,operations,rare,5,stay
13,30.23,8.3,2.81,22.0,4.49,operations,rare,5,stay
18,19.96,0.0,3.66,9.9,3.4,hr,frequent,5,stay
15,13.95,1.9,3.04,3.4,3.18,it,rare,4,stay
10,25.35,8.7,2.4,7.9,4.4,operations,rare,5,stay
18,21.93,8.7,2.41,11.9,2.62,operations,rare,0,stay
21,5.0,7.9,2.6,11.9,3.23,it,rare,6,stay
19,16.92,0.0,3.88,14.8,3.53,sales,rare,7,stay
18,20.45,10.8,3.46,7.2,2.29,finance,frequent,5,stay
4,25.93,6.2,3.37,7.2,3.66,operations,often,0,stay
1,15.19,0.0,2.66,21.9,3.29,hr,often,3,stay
23,17.8,12.7,3.46,13.9,2.54,it,frequent,7,stay
12,24.08,5.7,2.67,8.4,2.39,hr,rare,2,stay
23,12.07,12.8,3.2,9.8,3.7,it,often,1,stay
22,24.6,23.4,3.87,13.7,3.91,sales,rare,4,stay
21,18.66,1.4,2.59,7.4,4.57,it,rare,6,stay
22,17.75,4.7,2.67,19.5,2.53,sales,frequent,2,stay
12,7.51,0.0,3.36,0.5,2.34,finance,rare,1,stay
3,14.2,0.0,3.54,1.1,2.8,sales,frequent,3,stay
14,15.23,11.4,3.49,11.2,3.09,operations,often,6,stay
18,11.71,17.6,3.31,0.5,1.64,sales,frequent,7,stay
20,20.85,13.3,3.38,11.2,4.47,hr,often,3,stay
23,19.3,13.0,3.37,13.7,3.13,sales,rare,4,stay
2,19.71,4.3,2.54,11.5,3.05,operations,often,1,leave
13,16.89,16.3,3.36,12.3,2.11,operations,often,3,stay
5,18.36,1.4,4.15,11.4,2.93,operations,often,5,stay
9,25.4,7.9,4.09,5.4,3.15,sales,frequent,6,stay
4,16.11,8.0,3.52,16.0,3.17,it,rare,4,stay
7,11.42,23.9,5.0,11.9,4.29,operations,rare,0,stay
15,16.25,13.8,4.26,5.0,3.1,operations,frequent,4,stay
14,16.11,13.8,4.02,3.7,3.04,sales,often,4,stay
1,17.37,11.6,3.24,11.3,3.55,operations,rare,0,stay
18,19.96,3.8,3.06,15.1,4.18,sales,rare,6,leave
16,19.13,8.8,3.91,5.1,3.23,it,often,6,stay
5,27.74,4.9,3.6,13.5,2.21,sales,often,3,stay
12,22.64,7.9,4.55,15.2,3.06,sales,frequent,7,stay
3,26.06,12.6,4.11,13.6,2.62,operations,often,2,stay
12,21.42,8.6,3.18,14.3,1.05,operations,often,2,stay
15,18.35,11.5,3.27,7.2,3.88,hr,rare,0,stay
0,12.29,5.5,3.92,17.8,2.54,finance,often,4,stay
4,15.09,9.1,4.56,13.0,3.28,finance,rare,2,stay
8,18.25,1.9,3.39,4.8,3.33,it,often,7,stay
14,14.02,5.1,3.41,9.8,4.08,sales,often,7,stay
20,25.51,4.9,3.73,15.3,3.41,operations,rare,3,stay
14,16.09,7.3,3.44,9.7,3.1,sales,frequent,0,stay
3,23.77,3.4,3.69,1.2,3.18,it,rare,3,stay
19,22.05,13.0,2.81,14.3,2.78,it,often,0,stay
8,23.06,2.0,4.49,16.3,3.81,hr,frequent,7,stay
23,17.2,8.6,4.61,6.2,4.39,it,often,3,stay
22,14.09,12.3,3.1,15.5,3.52,it,rare,4,stay
5,20.39,6.6,3.98,1.8,4.1,hr,rare,5,stay
4,25.62,4.9,2.95,4.7,4.11,finance,often,0,stay
10,7.28,12.0,4.18,9.6,2.52,it,rare,0,stay
24,11.85,8.7,3.98,10.4,3.01,sales,rare,2,stay
5,13.74,5.3,2.15,8.7,2.1,hr,rare,6,stay
10,7.47,6.2,2.46,15.4,2.36,operations,rare,6,stay
7,19.1,13.4,3.86,9.6,3.08,sales,rare,0,stay
5,19.96,3.2,3.6,11.9,2.88,operations,often,6,stay
17,22.72,13.0,3.73,3.9,3.54,sales,rare,0,stay
14,23.39,10.1,3.3,5.6,3.5,it,rare,0,stay
11,16.67,3.3,3.72,12.5,4.14,it,often,4,stay
20,15.34,13.4,4.9,4.0,4.37,it,rare,1,stay
4,9.13,5.3,3.19,0.5,3.05,sales,often,7,stay
2,5.38,7.3,2.1,14.2,3.02,sales,rare,6,leave
6,22.44,4.9,4.22,0.5,2.86,hr,often,7,stay
18,12.14,11.0,3.05,8.6,4.5,it,rare,0,stay
15,15.65,0.0,3.72,9.0,2.7,operations,often,1,stay
21,12.83,7.0,4.72,4.1,2.11,sales,rare,7,stay
19,18.64,6.8,3.38,9.9,3.5,operations,often,5,stay
12,13.97,0.0,2.6,3.7,1.94,it,frequent,7,stay
5,19.84,10.9,2.41,23.1,4.54,it,rare,5,stay
15,26.73,10.3,3.71,6.1,3.84,finance,often,5,stay
2,19.63,0.0,2.5,11.6,3.02,hr,rare,4,stay
19,12.11,6.3,4.14,12.9,3.39,operations,often,0,stay
16,15.78,2.4,4.0,14.5,2.86,sales,rare,3,stay
2,23.01,18.6,2.94,13.7,3.76,it,rare,6,stay
22,29.91,15.4,3.64,5.7,3.71,finance,frequent,2,stay
8,16.87,7.4,3.46,33.0,1.02,sales,frequent,4,stay
21,12.81,8.9,4.32,15.1,1.47,sales,rare,4,stay
24,21.04,6.2,3.65,11.7,2.7,sales,often,3,stay
24,22.07,4.4,3.85,1.4,3.79,sales,rare,4,stay
17,18.84,14.1,5.0,15.6,4.17,sales,often,5,stay
4,15.33,15.4,3.41,6.6,3.03,hr,rare,5,stay
8,27.44,11.0,4.62,14.6,3.09,it,often,7,stay
17,13.57,0.0,3.08,11.1,3.9,it,rare,5,stay
0,21.77,0.0,3.67,7.7,3.0,it,rare,6,stay
13,15.62,14.3,3.45,6.4,4.18,operations,rare,3,stay
7,10.48,1.7,4.04,15.3,4.15,hr,often,2,stay
17,17.44,6.8,3.94,20.5,2.74,sales,rare,4,stay
15,16.22,9.5,3.57,15.9,3.48,it,frequent,7,stay
15,17.89,17.4,3.37,10.1,2.66,sales,rare,6,stay
3,11.1,19.2,3.65,9.8,3.36,operations,frequent,0,stay
19,19.57,15.3,2.34,12.2,3.31,operations,often,4,stay
23,21.34,0.0,3.61,10.8,2.38,sales,rare,5,stay
14,23.59,10.6,3.39,3.8,2.47,operations,rare,7,stay
0,18.31,6.4,3.54,17.8,2.29,operations,often,0,stay
12,23.08,0.0,3.14,8.8,3.31,sales,rare,6,stay
9,12.45,11.4,2.64,19.6,3.32,sales,often,2,stay
4,13.7,1.0,3.82,22.4,2.98,operations,rare,0,stay
7,14.91,0.0,4.4,0.5,4.25,operations,often,5,stay
17,17.68,1.1,3.34,6.1,3.21,it,rare,4,stay
16,27.83,4.8,3.07,18.0,2.51,sales,often,1,stay
7,24.22,19.8,4.72,6.0,4.24,operations,rare,0,stay
12,18.68,15.9,2.41,3.7,2.1,operations,rare,0,stay
6,13.08,12.4,4.17,5.5,2.43,operations,rare,0,stay
18,5.0,13.9,3.42,16.0,3.2,sales,often,6,stay
11,22.51,1.0,2.78,14.7,2.46,it,rare,2,stay
14,31.94,6.6,3.37,16.4,3.07,sales,rare,0,stay
20,15.87,11.8,2.79,11.8,2.94,it,often,0,stay
16,15.95,9.7,3.57,22.3,2.8,operations,rare,7,stay
23,27.92,12.1,3.44,13.8,2.16,finance,often,3,stay
