previous_clicks,campaign_exposures,discount_rate,last_purchase_days,tenure_months,spend_score,channel,segment,region,responded
3,16,0.221,183,47,54.5,app_push,sleeping,north,yes
7,17,0.311,192,73,71.7,app_push,new,north,yes
6,12,0.081,342,9,53.5,app_push,sleeping,east,no
6,19,0.174,27,25,79.6,app_push,growth,west,yes
3,19,0.175,352,51,88.2,ads,growth,east,no
1,16,0.081,103,63,58.3,email,sleeping,west,no
8,20,0.119,4,37,43.2,ads,growth,west,yes
2,20,0.163,98,11,51.2,email,sleeping,west,no
8,21,0.169,264,72,62.8,email,sleeping,south,yes
6,21,0.188,326,22,48.9,email,vip,west,yes
6,19,0.106,26,13,56.4,ads,sleeping,east,no
3,22,0.08,169,18,59.0,app_push,growth,north,yes
6,17,0.18,349,6,46.2,ads,growth,east,no
1,18,0.184,161,75,53.1,email,vip,south,no
4,21,0.186,253,71,64.9,sms,vip,west,yes
4,15,0.136,303,1,68.2,app_push,growth,south,no
5,18,0.05,292,57,71.5,sms,sleeping,east,no
7,17,0.052,291,32,46.8,sms,growth,south,yes
6,17,0.222,13,62,76.4,sms,vip,east,no
3,13,0.162,187,40,34.5,app_push,growth,south,no
2,14,0.035,344,51,23.4,ads,sleeping,west,no
5,19,0.087,345,62,79.7,app_push,growth,north,yes
5,19,0.191,100,42,27.7,email,growth,east,yes
3,17,0.124,42,54,28.6,ads,vip,south,yes
7,28,0.17,189,75,74.3,app_push,new,east,yes
4,24,0.115,176,51,51.9,ads,new,south,no
1,17,0.216,61,63,50.9,app_push,growth,east,yes
6,13,0.166,195,73,86.9,email,sleeping,west,no
6,21,0.073,202,29,68.3,sms,vip,west,no
5,16,0.174,314,82,47.9,email,new,north,no
5,28,0.179,256,49,30.0,app_push,vip,south,yes
6,19,0.125,217,72,77.9,sms,growth,north,no
4,22,0.212,136,10,100.0,app_push,new,west,no
3,13,0.115,171,57,60.0,app_push,vip,west,yes
5,26,0.056,131,64,66.4,email,sleeping,north,no
0,20,0.106,36,9,78.9,sms,sleeping,south,yes
10,20,0.237,21,21,43.8,sms,growth,east,yes
5,14,0.15,187,18,57.3,app_push,sleeping,east,no
5,17,0.159,139,28,76.6,sms,vip,south,yes
4,25,0.082,163,57,81.9,email,sleeping,east,yes
7,9,0.168,116,10,49.2,app_push,sleeping,west,yes
4,21,0.089,204,77,78.8,sms,new,west,no
4,18,0.061,232,75,21.6,app_push,growth,north,no
2,17,0.145,227,83,5.0,ads,new,north,no
3,11,0.086,291,48,70.4,app_push,new,south,yes
7,14,0.038,301,46,77.3,email,sleeping,east,no
5,18,0.245,45,44,60.3,ads,sleeping,east,yes
1,19,0.174,217,51,50.8,sms,new,south,no
1,23,0.201,289,35,54.2,sms,new,south,yes
6,14,0.0,128,2,38.4,email,new,south,no
8,26,0.2,124,18,56.3,sms,growth,south,no
5,14,0.077,43,46,56.1,ads,sleeping,east,yes
3,14,0.158,290,54,44.3,sms,new,west,no
5,15,0.125,36,3,71.0,email,vip,south,no
7,14,0.217,59,23,71.4,sms,growth,south,yes
6,16,0.083,165,57,54.2,app_push,sleeping,west,yes
7,25,0.098,318,46,74.4,email,sleeping,west,no
2,19,0.102,123,24,63.2,sms,vip,south,no
9,15,0.097,139,35,54.8,app_push,new,south,no
3,24,0.111,284,55,56.6,email,vip,east,yes
5,23,0.011,332,29,25.7,ads,growth,south,no
2,18,0.156,158,34,46.8,app_push,growth,west,yes
5,15,0.14,286,77,51.8,app_push,growth,west,yes
3,19,0.199,206,39,50.8,email,sleeping,west,no
11,22,0.203,78,58,42.9,sms,vip,west,yes
2,27,0.136,95,76,63.3,email,new,south,yes
2,20,0.237,30,77,64.9,email,sleeping,west,yes
4,13,0.183,112,79,61.1,sms,sleeping,east,no
2,14,0.009,339,11,42.1,app_push,growth,south,no
6,24,0.099,87,24,45.6,app_push,growth,north,yes
0,17,0.0,290,22,66.3,email,vip,east,no
6,7,0.088,235,56,66.1,email,growth,east,no
6,15,0.191,217,71,83.9,email,vip,west,no
5,25,0.129,281,76,81.7,email,sleeping,south,no
2,16,0.071,312,22,46.5,app_push,new,west,no
7,16,0.237,275,28,40.5,app_push,new,east,yes
7,16,0.062,253,54,26.7,app_push,vip,west,no
2,10,0.198,351,36,39.0,ads,vip,east,no
8,25,0.132,217,46,26.0,ads,new,east,yes
5,17,0.04,328,38,68.4,app_push,new,east,no
2,17,0.031,281,26,63.6,app_push,growth,west,no
4,14,0.0,268,53,54.9,email,growth,north,yes
5,19,0.213,245,61,73.2,email,vip,west,yes
3,18,0.121,133,22,23.3,app_push,vip,south,no
4,21,0.143,202,58,33.9,ads,growth,east,no
3,18,0.097,17,16,59.1,ads,vip,south,yes
2,14,0.13,317,54,72.4,email,vip,south,no
8,22,0.115,340,68,58.9,email,new,east,no
4,17,0.154,155,25,63.6,app_push,growth,west,yes
6,22,0.209,191,6,77.0,email,vip,east,yes
4,19,0.123,354,55,55.5,app_push,growth,west,no
6,18,0.225,109,34,37.2,email,new,east,no
5,13,0.14,353,24,65.3,sms,growth,north,no
1,14,0.122,340,49,19.6,app_push,vip,south,no
6,17,0.161,106,21,41.1,sms,sleeping,east,no
5,22,0.11,350,22,44.6,app_push,growth,south,no
4,13,0.151,58,41,69.0,email,growth,south,no
6,20,0.112,285,24,75.7,app_push,sleeping,east,yes
7,21,0.184,234,49,55.0,sms,vip,east,yes
1,12,0.189,67,72,60.2,sms,growth,west,yes
8,21,0.055,289,1,74.7,ads,vip,south,no
4,22,0.099,294,43,47.0,email,sleeping,south,no
7,11,0.103,342,59,53.3,app_push,sleeping,east,no
4,17,0.085,214,16,88.9,email,growth,west,no
3,12,0.195,30,20,47.7,email,new,south,no
5,21,0.15,140,17,50.0,app_push,vip,west,yes
2,20,0.091,35,66,63.3,email,growth,west,yes
3,22,0.093,29,57,84.3,email,sleeping,east,no
5,20,0.104,298,70,71.3,sms,new,north,no
3,22,0.18,130,73,51.6,app_push,growth,west,yes
6,22,0.156,282,58,58.4,sms,growth,north,no
6,18,0.199,27,40,69.6,email,sleeping,west,yes
4,24,0.16,119,28,49.1,ads,new,west,yes
3,10,0.151,150,17,57.1,app_push,sleeping,north,no
4,16,0.099,258,53,37.7,ads,new,south,no
8,31,0.136,19,61,58.1,sms,sleeping,east,yes
5,19,0.169,78,14,59.9,app_push,vip,east,yes
6,17,0.034,350,42,33.7,app_push,growth,south,no
2,19,0.214,55,69,35.2,email,sleeping,east,no
7,27,0.111,90,14,52.2,sms,new,east,no
5,11,0.286,198,81,37.4,app_push,new,west,no
4,12,0.127,308,67,54.9,ads,new,north,no
6,19,0.178,339,12,32.7,email,vip,east,no
4,18,0.052,55,15,59.1,email,growth,south,no
4,15,0.136,60,74,59.0,email,vip,north,no
2,15,0.146,280,50,74.2,email,sleeping,north,no
4,28,0.14,77,21,85.2,app_push,new,west,yes
2,16,0.145,303,17,63.2,email,vip,south,yes
4,12,0.129,260,23,75.7,app_push,vip,west,no
8,20,0.163,74,29,43.9,email,sleeping,north,no
7,12,0.112,41,8,78.3,sms,vip,south,no
5,17,0.169,290,46,77.3,email,vip,west,no
7,17,0.14,247,55,56.0,ads,vip,south,no
6,18,0.043,357,62,54.9,email,growth,west,no
2,19,0.046,268,44,38.6,app_push,sleeping,west,no
6,17,0.111,132,78,38.6,sms,growth,east,yes
3,15,0.084,263,8,53.2,sms,growth,east,no
5,15,0.101,135,62,50.1,app_push,new,west,yes
5,18,0.055,244,75,75.4,app_push,sleeping,west,no
5,30,0.017,360,13,43.1,email,growth,east,no
4,17,0.053,172,66,60.3,email,growth,east,no
8,28,0.076,74,6,50.8,app_push,sleeping,east,no
4,14,0.164,74,3,60.9,app_push,growth,east,no
7,9,0.204,48,70,73.2,app_push,sleeping,north,no
6,22,0.131,161,64,63.5,ads,growth,north,no
7,21,0.183,88,46,37.9,app_push,growth,east,no
6,24,0.216,330,3,42.2,email,sleeping,west,no
3,21,0.103,138,77,27.6,app_push,growth,north,no
3,17,0.052,64,6,75.5,app_push,vip,south,no
9,14,0.178,147,17,67.2,ads,growth,north,yes
10,15,0.089,66,54,68.7,ads,growth,north,no
3,17,0.043,199,27,52.5,app_push,growth,north,no
8,24,0.116,362,49,35.4,app_push,growth,east,no
9,14,0.098,283,26,51.7,app_push,vip,north,no
7,28,0.073,176,65,86.8,email,new,south,yes
2,15,0.111,189,11,80.8,email,vip,south,no
5,17,0.223,144,15,78.3,email,new,south,yes
3,22,0.151,208,73,60.7,app_push,growth,south,yes
3,10,0.123,155,61,43.6,email,sleeping,north,no
2,19,0.172,135,58,52.7,app_push,sleeping,west,no
4,23,0.13,181,49,61.6,ads,new,west,yes
4,21,0.134,11,58,55.2,app_push,growth,north,no
7,17,0.151,90,38,52.9,app_push,new,south,no
2,16,0.024,197,9,61.2,ads,vip,east,no
4,16,0.146,247,71,71.4,sms,growth,south,no
7,15,0.111,359,71,28.6,sms,sleeping,east,no
5,17,0.165,90,58,61.0,email,new,east,no
4,10,0.134,166,11,74.4,sms,sleeping,south,no
4,14,0.128,221,60,46.3,sms,new,west,no
3,13,0.068,160,38,54.9,ads,sleeping,east,no
5,26,0.099,116,27,65.5,email,new,east,yes
5,16,0.078,196,80,74.5,sms,new,east,no
4,18,0.181,243,68,71.8,sms,vip,west,yes
4,13,0.192,343,81,78.4,email,sleeping,south,no
3,15,0.203,26,49,44.8,app_push,sleeping,east,yes
3,23,0.122,281,34,60.4,sms,sleeping,west,no
5,17,0.1,243,50,60.2,ads,growth,west,no
8,14,0.22,269,23,69.1,app_push,vip,east,no
7,19,0.089,353,30,56.5,app_push,vip,east,yes
4,22,0.156,99,26,67.5,ads,sleeping,east,no
3,20,0.167,194,57,43.8,app_push,growth,north,no
4,23,0.223,361,51,40.9,email,vip,south,no
6,22,0.187,18,36,52.2,ads,growth,north,yes
3,21,0.123,293,18,62.5,ads,growth,east,no
3,18,0.159,257,79,46.1,ads,sleeping,south,no
5,23,0.182,166,9,42.3,app_push,growth,north,no
3,13,0.136,354,55,53.2,app_push,new,south,no
4,12,0.108,243,7,46.5,app_push,vip,west,no
2,17,0.201,143,33,68.7,email,growth,west,no
7,17,0.14,247,11,69.7,ads,sleeping,south,no
2,24,0.097,47,42,73.8,email,new,south,yes
5,18,0.199,354,5,61.9,email,growth,south,no
3,17,0.136,295,70,58.8,sms,sleeping,north,no
9,9,0.122,140,20,54.1,ads,new,east,no
2,22,0.244,180,65,60.8,email,sleeping,south,no
5,18,0.141,65,22,69.6,email,new,west,no
4,17,0.204,212,51,62.1,email,growth,west,no
5,12,0.102,24,69,65.7,email,new,east,no
2,22,0.142,338,51,99.7,app_push,growth,north,yes
4,19,0.198,201,36,49.5,app_push,new,south,yes
5,22,0.114,205,11,53.4,email,new,south,no
3,23,0.0,200,24,71.4,app_push,new,south,no
3,22,0.189,69,76,56.6,sms,growth,west,yes
6,20,0.165,27,44,69.4,app_push,vip,east,yes
7,15,0.171,190,39,82.6,ads,growth,south,yes
9,17,0.049,171,75,49.7,ads,growth,east,yes
2,25,0.103,263,4,90.7,email,sleeping,north,no
4,19,0.147,22,6,72.2,email,vip,west,yes
2,17,0.022,58,65,52.4,email,new,north,no
8,12,0.202,4,19,57.3,email,growth,north,yes
2,16,0.147,200,80,43.3,sms,sleeping,east,no
4,17,0.026,230,50,100.0,sms,sleeping,south,yes
1,21,0.205,178,62,62.7,ads,growth,west,no
6,15,0.132,175,75,55.7,email,sleeping,south,no
5,25,0.15,185,11,85.1,ads,sleeping,west,yes
4,21,0.181,163,58,59.2,app_push,sleeping,west,yes
7,27,0.162,146,20,63.7,app_push,sleeping,east,yes
2,26,0.087,338,22,5.0,email,new,south,no
3,17,0.071,21,60,56.6,ads,growth,north,yes
4,13,0.156,17,25,23.4,app_push,growth,west,no
1,25,0.123,25,70,91.9,email,sleeping,south,yes
6,10,0.176,123,65,49.5,sms,new,west,yes
12,24,0.111,270,23,36.8,email,vip,north,yes
6,16,0.17,183,49,34.4,ads,new,south,no
3,18,0.102,25,66,63.9,email,sleeping,west,no
4,14,0.112,279,36,65.9,app_push,sleeping,east,no
3,11,0.147,52,5,63.9,sms,growth,east,no
6,17,0.168,195,24,79.3,app_push,sleeping,south,yes
5,18,0.179,152,1,46.5,sms,sleeping,east,no
8,18,0.145,7,34,44.5,app_push,growth,west,no
8,22,0.159,117,70,48.3,email,new,north,yes
4,20,0.117,47,27,76.2,app_push,growth,south,yes
3,15,0.175,102,67,49.4,email,vip,south,no
7,20,0.154,259,81,45.6,app_push,sleeping,west,yes
5,17,0.101,254,5,69.4,ads,sleeping,south,no
5,25,0.214,180,48,69.5,email,new,west,no
4,20,0.211,76,45,31.4,email,sleeping,west,yes
5,20,0.139,312,30,52.4,email,sleeping,north,no
8,16,0.237,292,15,66.5,app_push,new,south,no
4,15,0.249,178,71,56.8,ads,vip,west,no
2,24,0.083,165,23,51.8,ads,new,east,no
5,24,0.081,186,59,73.7,email,new,north,no
1,18,0.091,348,45,61.3,app_push,new,south,yes
2,14,0.025,38,42,70.4,sms,new,north,yes
6,25,0.19,287,52,69.6,email,sleeping,south,yes
3,21,0.256,251,1,64.4,app_push,growth,north,no
3,25,0.168,320,67,81.5,app_push,growth,east,yes
6,18,0.216,333,55,91.1,app_push,growth,west,no
2,24,0.088,361,44,57.5,sms,growth,east,no
3,14,0.099,319,59,51.0,app_push,sleeping,west,yes
3,22,0.205,242,80,62.2,ads,sleeping,north,yes
7,18,0.069,129,72,47.5,app_push,sleeping,east,no
5,17,0.112,361,33,39.1,ads,new,east,no
3,17,0.255,178,14,37.4,ads,sleeping,north,no
6,18,0.244,8,42,49.5,email,vip,east,yes
9,19,0.184,222,83,41.0,ads,new,north,no
7,30,0.114,5,65,35.2,app_push,vip,east,no
0,21,0.138,344,31,36.0,app_push,sleeping,south,no
4,26,0.21,106,34,45.1,sms,growth,north,yes
6,25,0.08,58,20,44.5,sms,growth,north,no
4,14,0.219,300,69,49.2,app_push,new,south,yes
4,17,0.101,101,18,59.5,sms,growth,east,no
1,18,0.205,348,70,35.9,app_push,vip,north,no
5,19,0.105,361,40,40.7,email,sleeping,west,no
4,19,0.132,295,18,41.4,email,growth,south,no
6,16,0.191,146,30,36.6,app_push,vip,south,no
7,16,0.087,269,63,60.8,ads,vip,south,no
5,20,0.209,55,42,44.0,sms,growth,west,no
3,20,0.124,74,59,44.9,app_push,growth,west,no
6,13,0.012,306,43,44.9,app_push,growth,south,no
5,16,0.159,181,25,58.0,app_push,vip,west,no
7,16,0.116,197,39,54.7,email,new,north,no
4,22,0.084,359,26,57.4,sms,new,west,no
7,11,0.121,26,50,62.7,email,sleeping,south,yes
4,14,0.091,341,15,64.7,sms,new,east,no
5,19,0.13,332,15,87.5,sms,vip,west,no
5,21,0.129,344,36,73.8,email,new,east,no
6,19,0.146,322,55,45.4,email,growth,north,yes
7,23,0.17,1,12,75.7,email,growth,south,no
3,19,0.134,151,39,71.0,ads,vip,west,yes
2,23,0.141,93,72,60.7,app_push,sleeping,east,yes
2,15,0.114,63,24,56.1,email,vip,west,no
8,20,0.056,333,30,51.3,email,growth,east,no
2,13,0.048,329,83,35.9,email,growth,west,no
6,20,0.212,193,49,39.8,sms,sleeping,east,yes
7,18,0.104,274,80,57.2,app_push,growth,south,no
7,23,0.1,295,73,67.8,ads,growth,south,no
1,26,0.099,307,52,56.6,email,vip,south,yes
5,18,0.181,135,8,53.2,app_push,growth,east,no
10,20,0.19,287,63,13.6,app_push,growth,east,no
5,14,0.008,45,79,40.8,app_push,growth,south,yes
8,15,0.219,136,27,34.9,email,vip,south,no
6,16,0.189,349,48,8.9,sms,sleeping,south,no
2,17,0.121,82,1,57.8,sms,growth,west,no
5,12,0.111,79,39,48.6,email,growth,north,no
7,18,0.09,82,83,74.4,app_push,growth,north,yes
4,22,0.159,311,82,82.2,email,new,south,yes
6,17,0.279,187,20,31.2,ads,sleeping,west,yes
6,19,0.119,227,7,45.0,email,sleeping,west,yes
9,26,0.144,348,22,61.9,email,growth,north,yes
5,17,0.131,113,13,72.7,email,new,east,yes
7,23,0.166,114,60,73.5,sms,growth,south,yes
4,17,0.091,258,4,71.7,email,vip,east,no
2,20,0.206,174,68,77.4,app_push,sleeping,north,yes
8,13,0.141,85,19,46.0,ads,new,east,no
8,21,0.169,108,39,34.0,app_push,sleeping,east,no
5,14,0.125,100,50,65.7,app_push,new,west,no
3,19,0.194,315,57,58.0,app_push,growth,south,no
3,22,0.199,31,42,44.0,email,growth,west,yes
6,20,0.165,264,57,73.0,app_push,vip,north,yes
7,21,0.184,298,16,34.1,app_push,growth,east,no
3,21,0.106,166,73,79.2,email,growth,east,no
5,23,0.189,12,16,29.0,app_push,sleeping,east,no
4,23,0.136,40,64,60.7,app_push,growth,east,yes
4,14,0.185,292,18,43.1,sms,growth,west,no
4,27,0.089,121,81,69.5,ads,sleeping,east,no
8,20,0.116,20,47,32.1,sms,growth,south,yes
4,21,0.105,42,32,48.7,app_push,vip,south,no
3,18,0.044,239,78,45.8,ads,growth,south,no
3,19,0.092,103,38,48.4,app_push,sleeping,west,yes
2,21,0.04,348,23,60.0,email,sleeping,south,no
5,18,0.131,249,60,65.6,ads,vip,west,yes
7,12,0.237,349,35,72.9,email,new,north,no
3,27,0.113,101,3,83.3,app_push,vip,north,yes
6,20,0.205,96,8,85.6,email,growth,west,yes
4,18,0.115,97,41,61.1,app_push,growth,south,yes
3,16,0.148,65,23,38.8,app_push,sleeping,south,no
2,24,0.126,151,14,77.6,email,growth,north,no
6,15,0.119,313,25,76.0,email,vip,north,no
6,24,0.124,102,82,47.1,app_push,growth,south,yes
8,15,0.222,160,3,40.9,sms,growth,west,yes
3,12,0.076,132,11,66.4,app_push,new,east,no
7,27,0.063,71,55,70.8,ads,vip,south,yes
6,15,0.19,126,36,50.5,app_push,growth,south,no
4,14,0.093,184,3,51.9,email,growth,south,no
5,18,0.11,69,51,46.9,email,vip,north,yes
6,14,0.11,13,3,20.5,email,sleeping,east,no
3,18,0.078,286,1,30.7,ads,growth,west,no
2,21,0.217,356,37,58.5,sms,sleeping,north,no
4,23,0.163,233,24,51.2,app_push,new,south,no
7,18,0.206,212,2,81.6,app_push,sleeping,south,no
5,13,0.116,116,39,40.9,email,vip,south,no
3,17,0.145,14,80,63.3,email,sleeping,west,yes
5,24,0.195,348,6,62.9,ads,vip,west,no
4,17,0.131,67,36,28.6,sms,sleeping,east,no
9,21,0.057,142,28,34.5,app_push,sleeping,west,no
8,10,0.059,338,18,100.0,ads,growth,north,yes
4,16,0.125,232,78,63.8,email,growth,north,no
5,16,0.132,110,9,75.0,email,vip,west,yes
10,15,0.153,108,3,51.7,app_push,sleeping,south,yes
7,16,0.087,221,36,60.2,sms,sleeping,west,no
4,12,0.176,225,15,34.3,ads,sleeping,north,no
4,18,0.069,215,10,83.4,ads,growth,east,no
5,13,0.132,313,47,42.9,email,growth,east,no
3,11,0.09,267,67,62.2,sms,growth,north,yes
3,21,0.203,75,45,67.3,sms,sleeping,west,no
3,14,0.027,126,7,22.5,app_push,new,west,no
7,17,0.182,309,61,51.4,email,vip,north,no
5,15,0.245,151,33,60.5,ads,growth,west,yes
6,19,0.159,363,53,67.0,email,vip,east,no
3,14,0.175,27,30,86.9,app_push,sleeping,east,yes
2,19,0.063,40,75,65.2,sms,new,south,no
5,26,0.079,50,40,27.9,email,growth,north,no
7,17,0.083,308,39,23.9,email,growth,south,no
2,23,0.147,311,9,65.2,ads,growth,east,no
4,16,0.106,158,33,53.8,ads,sleeping,north,yes
6,18,0.119,126,41,43.8,ads,new,south,yes
5,18,0.096,341,25,69.2,app_push,vip,north,yes
4,12,0.208,242,6,84.6,sms,vip,west,no
1,21,0.174,184,74,56.0,ads,growth,west,yes
3,18,0.092,359,65,5.0,app_push,new,north,no
6,19,0.133,124,24,57.7,email,new,east,no
3,25,0.197,165,22,43.9,sms,vip,south,no
2,21,0.151,347,74,38.5,app_push,sleeping,west,no
6,19,0.097,54,56,63.0,ads,growth,east,no
8,17,0.17,202,6,69.0,sms,growth,east,yes
3,16,0.101,329,71,71.5,app_push,growth,north,yes
8,14,0.204,347,35,69.4,app_push,growth,south,no
2,11,0.066,164,45,52.8,ads,vip,east,no
4,21,0.23,95,39,70.8,app_push,growth,north,yes
8,28,0.159,23,42,59.4,app_push,growth,east,yes
4,25,0.188,120,40,55.9,app_push,growth,west,yes
7,18,0.126,72,32,100.0,ads,growth,south,yes
2,12,0.204,83,75,65.4,email,sleeping,south,no
3,13,0.131,84,5,100.0,email,vip,south,yes
5,16,0.192,296,10,52.4,ads,sleeping,south,no
5,12,0.132,281,65,93.3,app_push,sleeping,north,no
5,16,0.127,36,64,30.4,ads,growth,west,yes
5,19,0.079,3,35,79.7,ads,new,south,yes
4,25,0.164,153,57,52.9,email,new,south,yes
4,20,0.171,327,35,58.8,email,growth,east,no
3,30,0.181,253,4,51.2,ads,growth,south,no
5,17,0.056,86,10,99.3,sms,sleeping,west,yes
4,11,0.024,149,16,24.4,email,growth,south,no
2,14,0.057,45,75,37.7,email,vip,west,yes
6,24,0.178,82,42,88.0,sms,growth,north,no
6,22,0.223,139,25,61.5,email,growth,west,no
4,16,0.064,278,59,100.0,email,growth,east,no
1,18,0.125,254,20,47.2,email,vip,east,no
5,12,0.195,222,24,57.4,email,sleeping,east,no
1,16,0.009,358,35,59.3,ads,new,west,no
3,14,0.168,126,45,62.5,ads,growth,south,yes
5,12,0.176,309,15,96.1,sms,new,north,yes
5,16,0.191,3,21,73.0,app_push,growth,west,no
4,18,0.195,339,64,97.3,app_push,sleeping,west,yes
6,25,0.248,130,17,39.3,app_push,new,north,yes
11,21,0.26,346,5,29.0,app_push,sleeping,south,no
5,16,0.075,188,18,56.5,email,vip,north,yes
2,17,0.179,7,22,49.1,app_push,growth,south,yes
4,21,0.097,333,33,48.4,app_push,growth,south,no
5,13,0.118,361,43,82.8,ads,new,south,no
4,16,0.092,204,81,67.7,email,growth,west,yes
4,16,0.245,84,25,78.8,app_push,growth,south,no
1,21,0.156,6,65,73.0,app_push,growth,north,yes
4,30,0.174,74,44,52.4,app_push,growth,east,yes
6,16,0.114,2,67,38.9,ads,growth,west,no
6,16,0.159,105,59,71.0,ads,vip,east,yes
3,16,0.14,321,49,54.0,email,sleeping,south,no
4,18,0.131,170,28,56.3,app_push,growth,west,no
4,28,0.123,176,50,69.4,app_push,vip,east,no
6,15,0.148,349,34,47.1,sms,growth,east,no
2,12,0.06,197,13,68.4,ads,growth,east,no
4,16,0.163,321,3,76.3,sms,vip,east,no
6,13,0.127,40,30,53.0,email,new,south,yes
3,17,0.127,236,77,62.1,app_push,growth,west,yes
9,22,0.038,319,30,40.0,email,new,north,yes
8,15,0.119,232,45,59.7,app_push,growth,east,yes
5,17,0.235,114,46,47.7,ads,vip,east,yes
5,18,0.182,180,57,73.3,app_push,vip,east,yes
3,17,0.047,235,50,36.9,sms,vip,south,no
5,16,0.112,320,53,58.8,app_push,new,south,no
1,16,0.129,125,38,18.7,app_push,growth,west,yes
3,19,0.208,10,20,47.5,email,growth,east,yes
7,17,0.101,214,10,59.1,app_push,new,south,yes
2,17,0.11,148,3,61.2,ads,new,east,no
0,26,0.102,313,25,53.8,ads,new,south,no
6,20,0.123,37,3,63.1,ads,sleeping,north,yes
7,18,0.064,220,2,70.0,email,growth,east,no
4,24,0.088,197,67,85.4,sms,sleeping,west,no
2,19,0.055,312,38,57.4,app_push,vip,east,no
3,15,0.21,353,77,76.9,app_push,vip,north,no
2,11,0.173,173,6,42.1,email,growth,north,no
4,23,0.207,49,83,76.8,app_push,growth,east,yes
5,17,0.12,249,79,51.3,email,sleeping,east,no
4,22,0.126,247,50,48.3,ads,sleeping,west,no
3,24,0.084,87,27,92.1,email,new,north,no
4,20,0.118,217,40,64.7,app_push,vip,west,yes
4,19,0.199,181,2,36.6,email,vip,west,no
6,13,0.067,285,47,67.3,app_push,growth,north,no
6,17,0.075,119,15,46.1,email,growth,south,no
12,23,0.174,329,79,46.0,app_push,new,south,no
3,20,0.178,196,74,46.1,email,growth,west,no
5,18,0.065,282,59,52.9,email,new,east,yes
6,14,0.001,195,69,61.2,app_push,vip,south,no
2,16,0.237,32,48,72.9,email,sleeping,south,yes
3,8,0.15,321,17,100.0,sms,vip,west,no
4,18,0.072,76,61,74.7,app_push,growth,west,yes
5,14,0.055,13,2,55.3,app_push,new,south,yes
1,11,0.13,190,49,58.1,email,vip,south,no
6,15,0.117,137,28,36.2,email,growth,south,no
7,20,0.152,199,82,68.0,sms,new,north,yes
8,14,0.237,162,45,26.9,sms,growth,north,yes
5,17,0.082,193,55,53.6,app_push,growth,south,yes
1,25,0.115,141,9,55.2,email,sleeping,east,yes
7,18,0.146,195,58,70.6,app_push,growth,north,yes
3,19,0.145,147,1,66.4,email,sleeping,east,no
7,23,0.074,99,8,51.4,email,sleeping,south,yes
4,23,0.098,326,20,8.6,ads,sleeping,west,no
5,16,0.181,59,53,75.2,email,sleeping,north,yes
4,18,0.207,315,20,43.8,ads,new,south,yes
6,19,0.091,245,50,66.0,sms,new,west,no
4,22,0.01,53,58,96.9,app_push,growth,north,no
4,25,0.142,4,7,38.1,sms,growth,north,no
5,18,0.101,37,31,52.1,email,sleeping,north,no
6,19,0.127,129,31,52.3,app_push,new,east,no
5,20,0.185,130,14,56.9,sms,growth,west,no
5,13,0.181,71,77,48.7,ads,sleeping,west,yes
5,16,0.105,230,4,70.1,email,growth,west,yes
6,20,0.02,345,26,81.1,ads,growth,east,no
7,21,0.232,235,47,97.8,app_push,vip,east,no
7,21,0.018,203,47,52.5,email,growth,west,no
0,24,0.144,143,32,73.5,ads,sleeping,north,no
4,12,0.1,102,67,60.0,app_push,sleeping,north,no
3,19,0.201,175,39,100.0,email,sleeping,north,no
2,23,0.214,95,28,64.0,email,sleeping,south,yes
6,23,0.24,341,66,56.3,email,growth,north,yes
2,19,0.049,248,1,42.5,sms,new,north,no
5,23,0.132,186,45,76.7,ads,growth,south,yes
5,24,0.056,361,33,66.0,ads,sleeping,north,no
3,16,0.123,151,53,55.5,app_push,vip,north,no
3,21,0.196,178,25,40.8,ads,sleeping,west,no
3,13,0.181,150,45,92.3,ads,growth,east,yes
5,16,0.099,155,22,38.6,email,growth,east,no
5,21,0.102,185,24,45.2,app_push,sleeping,south,no
5,18,0.147,24,44,82.6,ads,new,east,yes
4,18,0.174,285,28,86.4,ads,growth,south,no
5,12,0.184,180,42,50.2,app_push,sleeping,east,yes
3,12,0.178,148,36,50.3,app_push,sleeping,west,no
1,21,0.098,269,74,27.0,email,new,north,no
4,20,0.102,73,17,59.7,ads,sleeping,east,no
5,21,0.174,161,49,60.9,sms,growth,south,no
3,15,0.174,59,62,41.3,app_push,growth,north,yes
2,19,0.15,267,37,37.1,ads,sleeping,east,no
7,23,0.199,334,79,27.2,app_push,growth,south,no
6,13,0.298,304,30,28.6,ads,vip,east,no
5,25,0.141,261,34,53.7,app_push,growth,north,no
5,12,0.05,234,73,44.5,sms,growth,west,no
5,25,0.183,277,36,84.5,ads,growth,south,no
7,19,0.121,121,14,46.1,sms,sleeping,west,no
4,24,0.19,315,28,14.9,ads,growth,east,no
3,15,0.245,267,49,28.9,ads,vip,south,no
4,21,0.09,140,40,42.7,email,sleeping,north,no
2,23,0.236,298,3,53.3,email,growth,south,no
2,22,0.099,100,47,32.3,app_push,vip,east,no
3,11,0.172,19,29,61.2,app_push,growth,south,yes
2,16,0.19,260,22,72.0,sms,sleeping,south,no
4,18,0.16,237,43,75.8,email,new,west,no
4,26,0.167,165,20,36.6,app_push,sleeping,west,no
1,17,0.087,184,17,87.9,email,growth,north,no
7,18,0.152,265,63,37.8,email,new,north,no
6,20,0.101,170,51,54.8,email,new,north,yes
4,25,0.15,64,25,38.6,sms,growth,north,yes
9,16,0.189,273,75,76.7,app_push,sleeping,north,no
3,16,0.152,21,43,65.3,email,sleeping,south,yes
8,21,0.177,25,12,27.8,email,sleeping,south,no
6,10,0.159,312,27,18.0,email,growth,north,no
5,18,0.091,187,19,23.9,app_push,new,south,no
2,17,0.149,45,34,58.3,app_push,new,south,yes
7,16,0.009,339,47,45.2,ads,vip,west,no
0,12,0.18,111,57,69.3,email,vip,west,yes
8,20,0.087,127,60,67.4,app_push,new,east,yes
7,23,0.253,349,3,70.0,ads,sleeping,east,yes
7,16,0.165,82,34,37.2,email,sleeping,west,yes
2,9,0.111,90,40,68.2,email,vip,east,no
10,11,0.09,353,75,48.0,ads,growth,north,yes
3,24,0.147,41,25,58.5,email,sleeping,west,yes
4,18,0.258,174,72,31.3,app_push,growth,east,yes
7,17,0.0,58,68,32.6,sms,vip,east,no
3,19,0.056,309,32,98.3,sms,growth,east,no
3,18,0.171,57,68,62.5,app_push,growth,east,yes
3,20,0.091,103,70,74.3,email,sleeping,west,yes
5,13,0.144,331,2,40.4,ads,new,west,no
5,26,0.151,83,35,57.6,app_push,new,north,yes
8,16,0.169,61,15,67.6,email,new,east,yes
7,17,0.109,35,72,52.4,email,new,south,yes
5,17,0.191,176,34,88.8,app_push,growth,north,yes
5,18,0.049,279,56,73.6,email,growth,west,yes
8,14,0.197,162,77,53.6,email,growth,west,yes
6,17,0.191,344,43,48.5,email,vip,east,no
4,27,0.211,3,30,42.5,email,vip,north,yes
5,17,0.117,22,2,65.0,app_push,sleeping,south,no
4,15,0.127,192,34,43.2,app_push,growth,west,no
1,24,0.161,265,72,48.6,app_push,growth,south,no
2,19,0.147,203,22,91.9,ads,growth,north,yes
7,23,0.185,139,73,50.2,app_push,new,north,no
3,11,0.082,364,74,54.5,sms,growth,west,no
3,12,0.043,43,29,61.2,email,new,east,no
8,14,0.107,117,13,46.2,email,new,west,no
3,19,0.173,47,1,61.8,app_push,new,north,no
7,23,0.141,186,17,53.6,email,new,north,yes
8,24,0.111,69,61,57.4,app_push,vip,east,yes
4,22,0.076,322,37,95.9,email,sleeping,south,no
7,14,0.196,88,68,35.6,sms,vip,east,yes
7,18,0.224,133,58,82.2,email,new,north,no
4,24,0.232,341,50,45.4,app_push,sleeping,north,no
5,18,0.171,305,27,42.7,ads,sleeping,south,no
1,22,0.13,77,40,73.0,ads,new,north,yes
3,19,0.08,187,73,73.0,app_push,new,east,yes
4,28,0.239,197,44,49.8,sms,vip,north,yes
5,11,0.105,176,14,47.1,app_push,growth,east,no
4,8,0.277,161,32,56.2,sms,growth,west,yes
4,20,0.242,186,12,43.9,sms,new,north,no
6,24,0.204,213,27,72.2,sms,growth,south,no
6,21,0.191,64,70,57.1,sms,new,west,yes
2,20,0.108,355,8,70.7,email,new,west,no
6,15,0.127,98,44,48.2,ads,sleeping,north,no
6,20,0.204,302,75,73.3,email,new,south,no
5,23,0.161,23,8,71.4,email,growth,north,yes
5,15,0.227,146,77,68.6,ads,growth,east,no
4,19,0.153,62,12,55.9,email,vip,north,yes
7,15,0.107,122,25,42.8,sms,sleeping,south,no
6,22,0.17,290,31,61.0,email,sleeping,south,yes
5,17,0.131,171,53,57.6,sms,sleeping,west,no
4,25,0.211,225,38,61.5,ads,growth,north,yes
3,17,0.136,262,13,32.9,ads,growth,south,no
5,23,0.08,345,76,49.6,app_push,vip,north,no
3,24,0.156,299,18,42.0,email,new,east,yes
9,13,0.119,2,1,68.6,email,new,west,yes
8,15,0.117,346,1,45.1,email,new,north,no
3,14,0.293,73,20,76.0,sms,sleeping,south,yes
3,19,0.179,222,77,61.2,app_push,sleeping,north,yes
10,22,0.072,211,44,56.2,ads,vip,east,yes
4,25,0.096,259,2,71.6,app_push,growth,south,yes
1,24,0.045,341,49,32.0,ads,new,west,no
6,11,0.198,16,30,44.0,sms,vip,west,no
2,16,0.182,195,13,75.3,app_push,sleeping,north,yes
2,19,0.143,352,43,50.7,app_push,new,north,no
8,16,0.183,145,3,57.1,email,sleeping,west,no
5,14,0.12,362,37,75.9,sms,growth,south,no
3,21,0.084,47,68,58.3,email,growth,east,yes
6,16,0.213,311,61,23.2,email,new,north,no
3,14,0.071,270,51,55.9,email,vip,north,yes
3,18,0.172,281,80,65.9,email,vip,north,yes
2,10,0.048,111,17,75.3,email,growth,east,yes
7,22,0.161,269,62,68.5,app_push,growth,south,no
4,13,0.254,84,72,41.4,email,growth,south,no
3,14,0.09,191,55,27.9,ads,growth,west,no
6,17,0.028,116,35,72.1,app_push,growth,north,no
2,22,0.177,193,59,56.9,app_push,vip,west,no
8,23,0.166,6,57,39.6,ads,vip,south,yes
4,17,0.149,290,79,48.7,app_push,growth,south,yes
3,23,0.17,314,79,40.3,app_push,vip,south,no
4,13,0.19,197,11,49.2,ads,sleeping,east,no
4,27,0.087,10,1,65.8,ads,sleeping,west,yes
5,14,0.171,51,65,67.5,email,vip,south,yes
4,19,0.025,106,64,59.8,email,vip,west,yes
4,20,0.2,360,18,68.0,ads,growth,south,no
7,15,0.183,145,61,68.9,email,new,south,no
3,14,0.213,245,4,49.7,sms,new,east,no
9,23,0.227,154,17,37.2,sms,vip,north,no
6,19,0.206,302,58,35.8,email,sleeping,east,no
2,18,0.109,214,79,71.2,email,growth,west,yes
4,18,0.268,228,22,58.7,email,growth,east,no
5,21,0.044,345,48,77.0,sms,vip,north,no
3,15,0.068,76,43,81.6,ads,new,east,no
7,26,0.054,211,16,56.7,email,new,south,no
5,18,0.114,204,46,51.4,email,growth,west,no
8,18,0.238,354,16,59.8,ads,sleeping,north,yes
3,19,0.062,314,41,45.2,email,vip,north,no
5,20,0.132,344,38,75.0,email,growth,east,no
4,20,0.144,5,40,63.6,email,sleeping,south,yes
5,21,0.106,74,15,62.9,email,growth,north,yes
9,19,0.091,154,68,62.9,app_push,new,north,no
6,6,0.072,138,33,65.1,ads,new,north,yes
2,18,0.128,156,60,57.6,app_push,sleeping,east,no
5,22,0.231,150,24,11.0,email,sleeping,west,yes
5,21,0.067,35,43,68.8,sms,new,east,yes
2,24,0.112,82,61,57.2,sms,sleeping,north,no
3,14,0.061,50,31,64.2,email,growth,east,no
5,22,0.098,328,45,45.9,email,vip,east,yes
6,19,0.152,255,53,55.3,sms,growth,west,no
3,13,0.135,67,51,73.9,app_push,growth,east,no
3,21,0.084,303,63,65.9,ads,sleeping,east,no
7,20,0.083,353,5,32.4,ads,sleeping,east,no
6,13,0.122,194,37,51.2,email,sleeping,south,yes
4,15,0.127,285,72,74.7,email,sleeping,north,no
3,13,0.145,6,83,100.0,email,new,south,yes
3,14,0.01,115,50,70.6,email,growth,north,yes
3,17,0.073,205,52,63.3,sms,vip,east,no
4,18,0.268,4,33,42.5,app_push,new,west,no
4,15,0.0,143,22,47.2,sms,growth,north,no
5,21,0.238,307,80,65.7,email,sleeping,east,yes
3,23,0.179,257,46,50.1,email,sleeping,south,yes
4,13,0.283,203,26,35.9,app_push,sleeping,east,no
8,14,0.025,295,27,66.6,email,growth,south,no
4,15,0.134,104,36,90.6,app_push,vip,north,yes
6,11,0.093,89,52,8.3,app_push,sleeping,north,no
3,18,0.102,147,22,80.1,email,new,east,no
5,17,0.081,144,68,52.9,app_push,vip,south,no
5,19,0.121,36,57,72.0,email,new,north,no
5,19,0.115,82,45,46.5,email,vip,south,no
5,19,0.168,356,58,72.7,email,new,east,no
6,22,0.218,200,72,63.5,sms,growth,east,no
5,18,0.062,279,72,51.8,email,sleeping,west,no
7,21,0.063,345,31,85.4,app_push,vip,south,no
6,12,0.0,86,2,40.4,sms,sleeping,south,no
2,20,0.264,104,10,70.0,app_push,growth,east,yes
5,17,0.062,334,2,51.9,app_push,growth,south,no
5,17,0.139,250,50,44.5,ads,growth,west,no
7,18,0.1,166,4,38.3,sms,growth,north,no
5,13,0.071,265,18,87.9,app_push,sleeping,west,no
4,19,0.186,227,32,65.5,app_push,vip,north,no
5,18,0.229,66,18,28.7,sms,sleeping,south,no
3,9,0.182,309,32,66.6,ads,vip,east,yes
4,19,0.157,103,64,45.0,app_push,growth,north,no
2,15,0.158,15,66,77.3,ads,sleeping,east,yes
4,17,0.224,219,9,69.6,sms,growth,east,no
5,18,0.092,211,66,73.8,ads,sleeping,south,no
7,15,0.156,139,30,65.8,sms,new,south,no
4,23,0.105,132,71,30.4,ads,vip,south,no
8,18,0.116,357,39,57.8,email,growth,north,yes
5,19,0.05,244,77,59.3,ads,sleeping,north,no
6,20,0.08,321,18,70.6,app_push,sleeping,north,yes
6,13,0.236,129,12,42.3,email,growth,north,yes
7,13,0.2,15,30,73.4,app_push,vip,south,yes
2,15,0.172,87,11,46.9,app_push,growth,south,no
8,20,0.218,56,24,43.3,app_push,new,east,yes
5,16,0.009,98,31,60.8,email,sleeping,east,no
1,15,0.1,328,8,57.3,ads,vip,east,no
4,21,0.038,39,31,42.3,app_push,vip,north,yes
2,18,0.124,65,63,51.6,email,growth,east,yes
5,17,0.061,285,32,64.3,app_push,new,east,no
4,24,0.102,50,62,75.1,email,growth,south,no
5,22,0.247,62,55,76.8,sms,growth,west,yes
3,13,0.108,118,38,36.7,ads,growth,east,no
6,11,0.192,224,79,74.4,email,sleeping,south,no
4,13,0.169,30,44,46.4,email,sleeping,south,yes
5,17,0.133,52,70,62.2,ads,new,north,yes
7,15,0.087,209,77,25.1,sms,new,north,yes
3,9,0.066,58,22,47.9,app_push,vip,south,yes
3,15,0.169,6,38,19.3,email,growth,south,yes
2,17,0.095,46,69,49.3,app_push,vip,south,yes
4,19,0.126,34,51,58.3,ads,growth,north,yes
3,19,0.094,288,8,59.6,app_push,new,west,no
6,14,0.061,105,62,58.2,sms,new,north,no
3,25,0.139,275,67,57.0,email,growth,south,no
2,11,0.154,329,64,62.4,ads,growth,south,no
8,23,0.122,70,5,80.4,email,sleeping,east,yes
1,13,0.166,107,18,35.9,sms,growth,east,no
5,17,0.246,130,80,55.4,app_push,growth,north,yes
8,18,0.031,345,66,69.3,ads,growth,east,no
5,19,0.123,12,36,49.9,sms,vip,east,no
4,11,0.126,240,41,32.8,email,sleeping,west,no
3,16,0.108,331,26,60.0,app_push,vip,north,no
4,24,0.15,179,60,61.4,email,growth,east,no
9,18,0.148,180,17,60.7,email,sleeping,north,no
8,16,0.079,89,4,74.9,sms,new,south,yes
9,14,0.167,197,64,85.4,app_push,sleeping,west,no
6,18,0.254,153,37,82.9,sms,sleeping,east,yes
5,16,0.08,140,75,59.7,sms,sleeping,south,yes
2,15,0.115,176,26,59.3,app_push,new,south,yes
4,24,0.121,315,17,57.5,ads,vip,west,yes
3,24,0.22,310,43,18.9,app_push,growth,west,no
3,13,0.145,29,32,99.5,email,sleeping,south,no
3,16,0.174,64,16,77.1,ads,growth,north,yes
5,25,0.231,282,36,51.0,ads,growth,north,yes
7,20,0.26,324,45,62.5,email,growth,south,yes
3,19,0.025,39,42,53.5,app_push,growth,west,yes
3,15,0.161,124,40,66.8,email,growth,east,yes
3,15,0.188,268,35,54.2,email,growth,north,yes
5,19,0.139,96,25,54.6,email,growth,north,no
3,13,0.152,297,75,45.9,app_push,vip,north,yes
4,17,0.125,129,15,43.9,app_push,growth,east,no
4,20,0.18,62,54,20.4,app_push,growth,south,no
8,21,0.15,328,72,56.1,app_push,new,west,no
2,29,0.245,120,54,46.7,email,sleeping,east,yes
7,25,0.087,208,40,73.9,app_push,sleeping,north,yes
6,24,0.087,248,31,32.1,email,growth,south,no
5,15,0.126,93,41,87.9,sms,new,west,yes
5,23,0.057,311,40,91.4,ads,sleeping,west,no
5,21,0.153,296,29,42.0,email,growth,south,no
6,15,0.126,320,58,90.8,email,growth,west,no
2,21,0.0,105,76,50.5,sms,sleeping,north,yes
7,13,0.092,239,34,59.0,email,new,south,no
2,13,0.189,20,34,52.9,app_push,new,south,yes
2,16,0.1,212,81,52.1,email,sleeping,south,no
6,15,0.067,61,16,72.2,ads,sleeping,south,no
4,28,0.189,235,79,53.4,email,growth,west,no
5,18,0.174,136,80,77.3,email,growth,north,yes
5,17,0.083,91,80,66.4,email,sleeping,east,yes
2,24,0.02,171,8,75.1,sms,growth,north,no
4,13,0.223,104,60,61.0,email,new,north,yes
5,20,0.133,272,50,33.9,sms,sleeping,south,no
3,18,0.252,279,26,47.6,app_push,new,south,yes
3,13,0.152,21,69,84.4,ads,vip,south,yes
8,14,0.146,260,18,64.8,email,new,east,yes
1,19,0.127,305,59,61.3,email,sleeping,south,no
6,20,0.038,46,50,74.6,email,growth,east,yes
7,18,0.0,167,8,85.5,email,new,west,no
5,20,0.155,39,8,22.0,app_push,sleeping,east,no
4,9,0.049,289,28,67.4,ads,vip,west,yes
7,17,0.182,184,83,74.7,app_push,vip,north,no
3,16,0.121,73,54,51.8,ads,sleeping,west,yes
5,18,0.112,79,10,59.0,sms,new,west,yes
7,13,0.18,120,46,62.5,email,sleeping,south,no
1,22,0.1,183,62,78.0,sms,vip,north,no
6,18,0.089,292,31,62.9,email,vip,east,no
7,23,0.053,136,72,52.4,email,growth,south,no
6,14,0.15,286,75,88.7,email,sleeping,west,yes
2,17,0.104,8,27,98.2,app_push,growth,east,yes
4,11,0.088,287,7,41.0,email,new,west,yes
5,25,0.168,92,38,46.9,email,sleeping,north,yes
4,14,0.037,344,37,40.6,sms,growth,south,no
9,20,0.123,113,31,46.7,ads,growth,east,no
7,17,0.122,276,30,54.0,ads,growth,east,no
2,19,0.153,204,80,25.5,app_push,sleeping,east,no
0,15,0.17,118,61,39.6,sms,new,south,no
8,15,0.17,210,75,32.1,email,growth,east,yes
5,16,0.208,51,68,54.9,app_push,vip,west,no
4,23,0.057,34,4,46.2,email,new,east,no
0,18,0.084,341,5,66.0,app_push,growth,south,no
3,23,0.275,49,70,54.3,sms,new,west,yes
2,19,0.153,38,27,28.9,email,sleeping,west,yes
7,17,0.081,310,76,37.0,app_push,new,south,yes
7,14,0.142,131,30,60.1,sms,sleeping,north,no
5,15,0.007,84,37,43.8,ads,vip,north,no
8,17,0.052,305,65,59.6,app_push,new,north,no
2,13,0.164,342,35,93.3,sms,vip,east,no
11,26,0.02,119,83,53.8,app_push,growth,north,yes
7,17,0.083,362,10,77.2,app_push,new,south,yes
6,25,0.174,158,32,55.7,email,growth,west,yes
5,11,0.164,48,26,73.9,email,growth,east,no
8,14,0.216,280,8,71.7,ads,vip,east,no
3,21,0.047,21,59,48.3,ads,sleeping,north,yes
3,25,0.153,262,57,35.4,email,sleeping,west,no
8,17,0.125,227,33,47.4,email,growth,south,no
5,21,0.257,212,61,52.3,email,growth,east,yes
6,21,0.101,241,82,85.2,app_push,new,north,yes
5,15,0.225,11,47,39.4,app_push,sleeping,east,yes
6,20,0.052,292,67,76.4,app_push,sleeping,north,no
2,20,0.046,216,45,71.0,ads,sleeping,north,yes
2,17,0.173,24,53,67.0,ads,sleeping,north,yes
5,14,0.138,214,64,61.0,app_push,growth,north,no
1,9,0.097,22,20,72.1,email,vip,south,no
5,21,0.123,104,71,64.9,email,sleeping,east,no
10,15,0.232,37,32,45.1,email,vip,east,yes
5,14,0.236,109,67,29.3,ads,growth,north,no
6,12,0.191,262,5,45.2,app_push,vip,north,no
4,21,0.104,134,58,60.3,ads,new,west,yes
4,16,0.243,213,75,52.3,email,growth,north,no
4,20,0.18,239,55,62.5,sms,growth,north,no
0,26,0.138,313,21,71.3,app_push,sleeping,north,no
3,21,0.079,305,26,66.3,email,vip,west,yes
6,7,0.138,24,47,43.9,ads,sleeping,south,no
6,26,0.145,358,55,67.6,sms,growth,west,no
4,16,0.12,164,51,65.7,app_push,sleeping,south,yes
5,17,0.131,242,31,60.3,sms,new,north,no
6,20,0.002,206,55,69.2,app_push,sleeping,east,no
3,22,0.086,161,10,43.4,app_push,sleeping,north,no
3,16,0.204,286,6,61.9,email,vip,north,no
3,13,0.059,97,52,57.8,app_push,new,south,no
5,20,0.211,89,61,58.0,email,vip,west,yes
7,15,0.114,243,69,74.9,email,growth,south,no
6,15,0.051,270,43,54.5,ads,sleeping,north,yes
5,15,0.159,358,1,60.6,ads,growth,south,no
5,32,0.12,322,33,26.3,app_push,growth,south,no
2,16,0.112,41,16,73.8,app_push,vip,south,yes
3,18,0.148,24,45,23.0,ads,new,west,no
6,17,0.074,223,37,77.2,app_push,growth,north,yes
5,14,0.135,111,67,40.0,ads,vip,east,yes
7,21,0.126,160,42,59.1,ads,new,west,no
8,15,0.004,190,9,83.5,ads,new,north,yes
8,20,0.165,216,83,45.0,email,growth,south,yes
3,16,0.145,296,19,56.7,email,growth,north,no
2,21,0.165,346,12,69.5,email,growth,east,no
3,18,0.196,2,46,50.7,email,new,east,no
2,31,0.229,250,58,40.0,ads,vip,north,yes
1,12,0.152,184,71,54.1,email,vip,east,yes
10,10,0.064,306,17,46.7,email,growth,west,no
6,11,0.141,359,35,29.6,app_push,vip,north,no
3,19,0.168,83,44,57.8,app_push,vip,south,no
4,17,0.0,149,33,64.6,sms,growth,north,yes
4,18,0.174,201,5,76.9,sms,vip,south,yes
2,14,0.124,8,37,49.9,email,growth,south,no
8,22,0.206,107,70,84.7,app_push,sleeping,south,no
2,13,0.123,18,23,80.1,email,sleeping,north,no
6,18,0.077,92,29,32.8,app_push,sleeping,south,no
5,22,0.172,7,34,47.5,ads,growth,north,yes
4,21,0.098,132,28,48.2,sms,vip,east,yes
7,21,0.138,173,36,61.1,email,growth,east,yes
5,14,0.331,121,29,44.8,sms,growth,south,no
7,16,0.195,324,54,56.3,sms,growth,east,yes
2,18,0.136,101,68,51.6,email,sleeping,east,yes
8,19,0.27,159,41,52.8,sms,growth,north,yes
3,20,0.177,289,28,47.4,ads,vip,south,yes
2,14,0.207,40,51,57.6,email,sleeping,south,no
7,23,0.1,197,71,33.9,ads,new,north,no
3,17,0.148,173,43,67.3,sms,vip,south,no
4,15,0.181,188,75,57.2,app_push,sleeping,west,yes
8,16,0.183,65,9,54.0,ads,vip,east,no
5,8,0.158,152,35,76.0,email,vip,east,yes
5,16,0.109,187,44,42.4,email,growth,west,no
4,19,0.133,67,23,68.8,email,sleeping,south,yes
5,20,0.113,58,3,53.4,app_push,growth,east,yes
1,18,0.066,259,7,56.1,email,growth,west,no
3,22,0.146,145,50,46.7,app_push,growth,east,yes
2,22,0.103,44,3,50.7,ads,vip,south,yes
6,27,0.068,238,72,32.6,app_push,vip,north,yes
2,23,0.222,276,49,73.5,app_push,growth,east,no
8,22,0.155,223,15,51.8,app_push,vip,west,yes
4,19,0.08,199,81,92.4,email,new,east,yes
4,14,0.148,242,67,71.7,app_push,sleeping,west,yes
9,18,0.225,177,22,65.9,sms,new,east,no
5,23,0.104,266,43,45.5,email,sleeping,west,no
3,19,0.162,338,80,91.8,email,vip,east,yes
4,17,0.132,144,41,54.2,sms,new,north,yes
5,19,0.105,190,24,59.8,email,sleeping,east,no
6,16,0.139,345,17,72.5,app_push,growth,south,no
4,19,0.323,159,21,85.2,app_push,sleeping,north,no
2,18,0.143,124,6,59.7,app_push,growth,west,yes
4,24,0.094,149,35,73.1,email,growth,east,yes
1,20,0.231,140,66,68.7,app_push,sleeping,south,yes
7,11,0.169,65,20,65.7,app_push,sleeping,north,yes
4,23,0.07,213,32,53.4,app_push,sleeping,west,no
2,15,0.168,228,40,18.5,ads,growth,south,no
10,21,0.218,180,81,80.5,email,sleeping,north,yes
9,19,0.206,211,66,25.2,sms,vip,south,yes
3,23,0.115,300,79,43.0,app_push,vip,south,no
8,20,0.068,322,33,70.0,sms,sleeping,north,no
7,17,0.104,161,36,57.8,sms,growth,north,yes
3,15,0.099,240,39,58.7,app_push,growth,north,no
4,25,0.238,141,46,57.9,app_push,vip,north,no
1,21,0.138,306,49,38.7,email,new,south,no
5,17,0.174,309,53,38.8,email,growth,east,yes
3,28,0.095,5,18,99.1,email,growth,south,yes
3,14,0.113,125,25,42.3,app_push,new,west,no
1,18,0.105,248,33,54.2,sms,vip,south,yes
1,17,0.152,204,10,61.9,sms,growth,north,no
2,23,0.224,302,56,78.9,email,sleeping,west,yes
6,13,0.096,335,11,73.6,ads,growth,west,no
7,20,0.252,254,60,63.3,email,growth,east,no
4,16,0.165,70,30,41.1,app_push,growth,west,yes
6,18,0.15,15,48,96.8,app_push,sleeping,north,yes
3,20,0.151,233,59,80.6,ads,sleeping,north,no
9,21,0.186,296,47,80.8,app_push,growth,north,no
9,18,0.025,301,21,49.8,ads,sleeping,east,yes
5,17,0.123,41,79,78.7,app_push,growth,east,yes
4,17,0.0,74,46,100.0,email,growth,south,no
3,16,0.111,309,18,79.5,email,new,south,no
4,16,0.036,76,74,86.6,email,sleeping,south,no
6,20,0.186,167,40,84.4,email,sleeping,east,no
2,15,0.067,251,36,42.7,email,growth,south,no
7,17,0.165,309,25,23.4,ads,sleeping,south,no
14,13,0.145,267,45,66.1,email,sleeping,east,no
2,13,0.198,51,50,47.0,ads,sleeping,east,yes
2,19,0.198,353,65,62.9,sms,new,west,no
2,25,0.163,14,32,94.8,email,growth,south,no
3,21,0.081,49,60,74.4,email,growth,north,yes
4,17,0.216,344,49,75.9,app_push,vip,north,yes
3,23,0.206,193,35,60.4,email,vip,north,no
5,14,0.14,356,49,56.2,email,sleeping,east,no
7,21,0.256,54,36,78.0,email,growth,south,no
6,14,0.16,18,77,70.4,sms,new,east,no
2,14,0.175,18,33,73.8,email,vip,west,no
4,22,0.18,71,68,85.3,email,sleeping,west,yes
2,27,0.088,94,30,50.2,ads,vip,north,yes
5,13,0.199,165,14,35.3,email,growth,east,yes
6,17,0.043,319,21,90.9,email,vip,west,no
4,16,0.042,261,31,62.4,ads,new,south,no
2,18,0.109,328,70,100.0,sms,sleeping,west,no
8,18,0.145,252,13,82.1,app_push,sleeping,east,yes
5,19,0.198,225,12,25.7,app_push,sleeping,east,no
5,11,0.198,102,27,85.7,email,sleeping,west,no
9,20,0.127,35,52,37.7,app_push,sleeping,west,yes
3,18,0.049,80,83,82.0,email,growth,east,yes
8,23,0.126,209,8,41.2,email,vip,north,no
4,25,0.055,334,50,47.1,email,new,east,no
3,13,0.13,92,52,55.2,sms,sleeping,south,no
4,14,0.146,142,15,56.6,app_push,sleeping,east,no
6,16,0.089,36,44,69.5,ads,sleeping,east,no
2,21,0.145,103,70,47.7,ads,growth,south,yes
8,20,0.071,199,48,55.7,ads,sleeping,east,no
4,14,0.0,308,48,87.1,email,vip,north,no
7,11,0.022,338,61,52.0,sms,growth,west,no
3,13,0.188,66,41,62.1,app_push,vip,south,yes
3,24,0.125,310,17,48.6,email,growth,east,no
4,25,0.11,95,28,53.5,email,growth,north,no
9,16,0.139,252,34,54.7,sms,new,east,no
4,18,0.15,89,50,52.9,sms,vip,west,yes
4,23,0.291,162,1,69.0,app_push,vip,south,yes
7,19,0.202,262,57,100.0,app_push,vip,south,yes
4,22,0.286,38,75,92.2,sms,sleeping,west,yes
4,27,0.094,166,21,42.8,sms,sleeping,north,no
3,14,0.067,194,62,58.5,app_push,growth,north,no
5,10,0.247,40,64,66.0,ads,vip,east,yes
8,11,0.115,219,60,53.8,ads,growth,east,yes
3,13,0.105,169,77,69.5,email,sleeping,south,no
3,27,0.12,52,33,88.8,ads,growth,south,no
1,15,0.072,313,66,51.6,email,growth,east,no
1,23,0.222,189,68,61.4,email,sleeping,east,no
1,19,0.157,151,78,49.5,sms,new,west,yes
6,17,0.059,308,9,47.9,app_push,growth,west,yes
6,20,0.09,293,51,100.0,email,growth,west,yes
2,28,0.189,293,77,53.9,ads,new,north,no
4,25,0.153,9,81,71.8,app_push,new,west,yes
5,17,0.061,124,60,73.2,app_push,vip,west,yes
6,25,0.073,279,58,57.1,ads,growth,west,no
3,14,0.123,248,33,90.3,app_push,vip,east,yes
5,17,0.053,147,58,59.5,email,new,north,no
4,20,0.063,233,53,52.4,email,sleeping,south,no
5,13,0.258,358,20,73.0,app_push,vip,south,no
3,20,0.081,311,54,62.2,ads,new,east,no
3,24,0.162,96,16,48.1,email,vip,south,yes
4,18,0.145,98,45,65.7,app_push,growth,south,no
7,18,0.099,43,31,70.2,sms,new,north,yes
9,19,0.219,123,72,23.1,app_push,new,south,no
5,17,0.116,5,24,40.8,app_push,new,north,yes
4,18,0.221,106,56,8.1,app_push,growth,west,no
5,15,0.155,173,2,70.6,ads,vip,east,no
4,18,0.07,208,64,64.5,email,growth,east,no
3,20,0.092,304,3,65.5,app_push,new,east,yes
2,13,0.166,51,5,37.7,email,sleeping,west,no
5,20,0.114,190,43,85.2,ads,vip,west,no
4,17,0.181,42,57,67.4,email,growth,west,yes
5,14,0.184,177,67,79.6,email,growth,east,no
4,22,0.068,352,81,53.8,email,growth,north,yes
9,16,0.252,71,27,62.3,ads,sleeping,north,no
5,18,0.116,69,21,66.1,ads,sleeping,east,no
1,25,0.324,83,44,43.3,email,growth,east,yes
5,23,0.093,214,27,62.0,app_push,growth,north,yes
2,16,0.102,291,56,63.6,app_push,growth,south,no
2,20,0.193,340,65,42.1,ads,new,west,no
4,22,0.231,339,38,55.4,email,vip,north,yes
1,17,0.069,324,8,44.4,app_push,growth,east,no
7,16,0.081,174,43,57.9,email,vip,south,yes
5,17,0.196,358,82,37.6,ads,sleeping,east,no
6,17,0.156,36,70,88.4,app_push,growth,west,yes
4,20,0.063,258,72,45.0,app_push,growth,east,no
7,19,0.125,275,22,51.6,ads,vip,north,yes
4,25,0.123,198,44,67.8,app_push,sleeping,west,yes
8,19,0.149,275,70,51.1,ads,vip,north,no
7,17,0.226,336,40,87.3,ads,sleeping,east,yes
6,17,0.075,235,8,52.0,email,sleeping,north,no
4,28,0.201,271,30,61.1,sms,new,north,no
8,18,0.0,62,79,69.5,app_push,vip,west,yes
6,20,0.124,253,79,71.6,sms,vip,east,no
5,22,0.174,55,60,37.9,sms,sleeping,south,yes
5,20,0.155,231,26,67.4,email,vip,west,no
6,22,0.098,254,43,36.4,app_push,sleeping,east,no
4,16,0.206,329,3,57.0,sms,vip,east,no
5,23,0.097,81,21,73.5,email,sleeping,east,yes
5,19,0.232,140,44,45.6,ads,sleeping,north,yes
8,18,0.179,329,23,67.6,email,vip,north,no
2,13,0.142,215,63,48.0,app_push,vip,west,no
4,14,0.039,355,55,100.0,email,new,east,no
6,12,0.121,329,22,37.4,email,new,west,no
5,16,0.01,111,1,70.7,email,sleeping,west,yes
2,22,0.136,286,70,61.4,sms,sleeping,north,no
9,24,0.154,162,77,65.8,sms,sleeping,east,yes
2,13,0.11,289,16,49.3,email,vip,south,no
4,17,0.092,249,64,98.2,sms,vip,west,yes
3,19,0.104,113,11,58.6,email,new,north,no
4,18,0.074,338,57,62.5,app_push,sleeping,north,no
6,17,0.292,2,38,76.9,email,sleeping,east,no
10,16,0.088,172,1,39.0,email,sleeping,west,no
5,19,0.141,78,32,60.6,email,growth,south,yes
7,18,0.117,286,35,31.2,app_push,growth,north,yes
3,17,0.085,214,9,53.0,sms,growth,north,no
5,13,0.045,304,80,81.9,ads,growth,east,no
2,26,0.139,62,26,20.2,email,new,north,no
6,19,0.141,263,39,41.4,ads,growth,east,no
6,18,0.045,65,7,70.1,email,growth,south,yes
5,17,0.106,36,8,28.3,email,growth,west,no
4,19,0.178,35,76,30.1,email,new,east,yes
1,22,0.11,49,55,26.6,ads,growth,south,no
11,21,0.136,7,10,82.3,app_push,growth,south,yes
4,17,0.113,283,61,26.9,ads,growth,east,yes
9,16,0.184,43,27,67.3,sms,new,east,yes
1,12,0.113,84,78,73.6,ads,new,north,no
3,17,0.205,82,68,65.0,email,growth,west,no
7,18,0.064,121,18,82.4,email,sleeping,east,no
0,24,0.214,164,20,71.4,ads,sleeping,north,no
5,17,0.069,11,47,40.6,email,sleeping,south,no
6,17,0.036,187,48,64.2,ads,growth,west,yes
7,21,0.176,189,1,39.8,app_push,growth,east,yes
8,13,0.217,97,38,59.0,sms,growth,east,yes
2,15,0.138,113,39,33.6,email,new,south,no
8,14,0.191,11,54,56.4,ads,growth,south,yes
4,18,0.075,193,9,45.5,ads,sleeping,east,no
6,19,0.087,181,2,63.9,ads,growth,north,yes
3,21,0.18,20,67,37.8,email,sleeping,west,no
5,15,0.08,318,20,100.0,app_push,new,east,yes
6,10,0.192,363,70,38.7,email,sleeping,east,no
0,24,0.161,14,21,58.0,app_push,vip,east,no
2,25,0.124,225,4,69.1,app_push,growth,west,no
2,18,0.184,137,16,36.0,app_push,growth,south,no
8,14,0.138,364,69,59.7,app_push,sleeping,south,no
5,22,0.142,27,52,70.5,ads,vip,south,yes
8,18,0.116,311,80,72.5,sms,sleeping,south,no
7,21,0.199,326,20,69.1,sms,sleeping,south,no
5,13,0.059,300,7,47.3,app_push,sleeping,south,no
4,19,0.133,294,13,54.8,app_push,growth,north,no
9,27,0.162,226,16,40.4,email,growth,west,yes
3,25,0.153,306,9,51.9,email,growth,north,no
3,16,0.176,2,33,59.1,app_push,sleeping,west,no
5,21,0.237,202,36,47.7,ads,vip,west,no
1,22,0.092,16,35,47.0,ads,new,north,yes
7,19,0.084,118,57,64.3,app_push,growth,south,no
3,19,0.221,169,12,85.7,ads,sleeping,west,yes
7,18,0.092,54,56,55.5,ads,vip,south,yes
5,8,0.161,278,39,28.2,ads,growth,north,no
8,17,0.131,241,28,35.7,email,vip,south,no
3,9,0.155,264,52,43.7,email,growth,east,no
4,12,0.086,114,20,61.7,sms,vip,west,no
8,13,0.082,155,25,50.9,sms,new,south,yes
7,15,0.151,275,26,59.7,app_push,growth,north,no
3,24,0.166,135,46,90.0,email,sleeping,east,yes
6,15,0.248,15,14,69.9,sms,new,south,no
8,19,0.175,96,79,77.7,email,sleeping,north,no
3,20,0.138,264,27,52.8,sms,growth,east,yes
6,16,0.172,352,31,58.3,app_push,growth,south,no
9,24,0.167,26,38,54.2,ads,growth,north,yes
8,25,0.065,352,61,61.9,email,growth,east,no
7,21,0.113,112,64,41.4,email,growth,west,yes
4,16,0.171,204,27,51.3,ads,new,west,no
3,10,0.064,37,15,68.1,sms,growth,west,no
7,23,0.207,60,43,63.2,email,growth,west,no
2,20,0.2,291,59,67.0,ads,sleeping,east,no
3,22,0.149,138,45,77.9,app_push,sleeping,south,yes
2,17,0.103,267,71,43.1,app_push,sleeping,north,no
5,14,0.169,308,60,60.4,app_push,growth,west,no
7,17,0.134,228,42,48.5,app_push,vip,north,no
5,18,0.211,267,48,96.6,email,vip,west,yes
2,14,0.11,344,66,65.9,sms,growth,south,yes
5,16,0.151,320,60,37.6,ads,sleeping,north,no
7,18,0.181,269,44,66.0,app_push,new,west,yes
7,17,0.103,124,46,50.0,app_push,growth,north,no
7,22,0.158,86,27,40.6,sms,growth,north,yes
3,20,0.1,70,47,81.2,email,growth,south,no
3,21,0.134,217,77,41.3,sms,vip,south,no
4,18,0.209,140,28,38.9,sms,sleeping,north,no
3,19,0.111,95,18,63.5,sms,growth,west,no
4,18,0.257,273,24,54.9,sms,sleeping,south,yes
5,6,0.181,352,60,84.3,ads,growth,east,no
6,21,0.266,313,73,52.3,app_push,sleeping,west,no
6,19,0.04,280,46,51.1,ads,sleeping,east,no
5,11,0.169,249,59,77.6,sms,growth,south,no
7,16,0.147,71,22,60.6,email,sleeping,west,yes
10,18,0.169,224,48,72.0,ads,growth,east,no
3,27,0.085,163,63,83.6,app_push,growth,south,no
5,15,0.13,43,14,61.9,sms,growth,north,yes
6,15,0.093,131,74,72.8,ads,sleeping,south,no
5,14,0.034,41,37,81.1,email,vip,west,no
7,16,0.079,7,6,12.2,ads,vip,west,yes
4,25,0.211,317,1,73.9,app_push,vip,east,no
6,19,0.149,207,6,47.2,ads,growth,west,no
4,14,0.145,135,8,37.1,app_push,new,west,no
8,18,0.096,347,73,48.2,email,sleeping,north,no
5,15,0.122,128,76,71.5,email,sleeping,north,yes
6,15,0.19,84,41,59.0,app_push,growth,east,yes
3,15,0.184,307,43,59.2,email,growth,north,no
6,13,0.07,326,65,96.9,email,growth,east,no
2,14,0.141,29,33,53.9,app_push,growth,east,no
3,17,0.163,139,59,26.9,sms,growth,north,no
0,15,0.045,22,35,58.4,app_push,vip,west,no
1,21,0.109,328,14,22.7,app_push,growth,west,no
1,14,0.046,188,72,75.6,app_push,vip,north,yes
4,26,0.204,264,31,68.0,sms,growth,south,no
3,20,0.14,65,15,78.8,email,vip,west,no
1,24,0.103,178,13,54.8,app_push,new,north,yes
2,21,0.15,283,66,66.9,email,vip,east,no
4,17,0.171,1,57,48.4,ads,new,south,yes
6,23,0.134,314,14,45.3,email,growth,south,no
3,16,0.048,13,4,49.8,email,growth,north,no
2,14,0.156,174,33,74.2,email,new,south,no
1,14,0.125,31,28,51.4,ads,sleeping,east,no
2,23,0.127,157,65,64.3,ads,sleeping,south,no
5,17,0.173,21,25,72.2,sms,growth,north,no
8,15,0.174,258,7,42.4,sms,growth,east,yes
2,14,0.23,100,58,68.9,ads,sleeping,north,no
1,17,0.153,143,55,76.3,sms,growth,south,no
3,21,0.092,163,13,58.8,app_push,vip,south,no
4,16,0.179,211,8,65.4,ads,growth,east,no
2,10,0.099,317,82,86.5,email,growth,north,yes
5,16,0.149,219,46,56.6,email,growth,west,no
2,14,0.116,155,49,25.1,email,growth,north,no
6,14,0.193,56,47,42.4,app_push,new,north,no
2,17,0.239,7,55,67.6,email,vip,east,no
11,9,0.154,188,27,90.0,app_push,new,north,no
4,19,0.207,3,47,53.3,ads,growth,west,no
4,20,0.135,313,56,77.8,app_push,sleeping,west,no
6,16,0.071,188,47,58.7,ads,sleeping,east,yes
3,17,0.173,42,17,50.8,email,new,east,yes
5,21,0.142,217,4,58.4,ads,vip,west,yes
2,17,0.234,85,27,52.7,app_push,new,east,no
4,17,0.16,244,66,55.2,app_push,vip,north,yes
9,12,0.083,178,14,70.0,app_push,vip,north,yes
7,20,0.025,28,48,24.8,email,growth,east,no
6,16,0.163,269,15,71.7,ads,vip,west,no
9,9,0.044,118,25,67.3,app_push,new,north,no
3,15,0.177,18,31,58.1,ads,new,west,no
5,21,0.102,354,22,79.0,app_push,growth,south,yes
2,18,0.084,138,27,36.7,app_push,growth,north,yes
5,17,0.094,142,64,65.5,app_push,growth,east,yes
6,14,0.089,53,61,70.5,app_push,vip,north,yes
2,19,0.219,302,78,97.1,app_push,sleeping,south,no
2,18,0.221,49,52,49.6,email,sleeping,north,yes
6,9,0.053,196,3,17.8,email,growth,east,no
4,15,0.119,21,68,48.2,email,growth,south,yes
4,13,0.215,230,5,65.4,sms,new,south,no
2,22,0.239,24,35,90.0,app_push,growth,north,yes
4,25,0.171,118,7,58.5,email,growth,north,yes
7,18,0.146,4,26,56.0,email,vip,south,yes
7,22,0.169,218,82,56.1,sms,vip,north,no
6,21,0.184,284,29,26.2,email,vip,west,no
5,9,0.009,114,3,79.7,app_push,growth,east,no
0,19,0.103,79,49,57.5,sms,new,west,no
4,14,0.173,80,71,55.1,ads,growth,south,yes
7,18,0.055,164,44,48.1,email,sleeping,west,no
4,21,0.104,345,42,58.7,sms,new,south,no
3,16,0.155,334,31,60.7,email,new,west,no
7,19,0.144,121,18,54.3,ads,growth,west,no
6,14,0.238,235,10,81.8,ads,growth,west,no
10,14,0.228,258,1,72.8,app_push,sleeping,east,yes
4,17,0.108,28,4,61.9,sms,new,east,no
9,17,0.206,24,47,43.4,ads,growth,west,yes
6,17,0.084,84,76,53.8,email,growth,east,no
3,14,0.132,195,26,62.5,app_push,growth,west,yes
6,14,0.154,287,80,39.6,app_push,sleeping,north,yes
5,17,0.015,239,33,62.0,app_push,new,east,yes
7,20,0.13,75,16,46.8,app_push,growth,east,yes
7,14,0.047,265,78,57.6,email,new,west,no
5,18,0.048,188,42,32.3,app_push,sleeping,east,no
4,19,0.179,181,10,56.7,email,growth,west,yes
2,23,0.145,216,75,74.6,sms,sleeping,south,yes
5,23,0.19,122,60,67.5,email,vip,east,no
1,19,0.111,204,16,51.7,app_push,growth,west,yes
5,18,0.094,224,21,48.5,app_push,growth,north,yes
5,13,0.105,127,59,78.6,email,sleeping,east,yes
4,15,0.128,223,81,52.7,email,vip,south,yes
5,20,0.116,241,48,55.4,app_push,growth,east,no
5,21,0.121,250,77,47.1,sms,growth,west,yes
5,19,0.158,331,2,55.4,email,vip,south,no
4,11,0.221,352,70,56.6,sms,growth,west,no
3,12,0.139,222,32,56.7,email,growth,south,no
4,17,0.165,329,25,55.5,sms,growth,south,no
5,17,0.173,148,69,73.1,email,growth,south,yes
8,10,0.148,69,8,45.8,email,growth,east,no
3,21,0.111,91,18,72.7,ads,growth,south,no
6,18,0.116,49,62,65.5,app_push,vip,east,yes
4,17,0.257,259,9,46.5,app_push,new,north,no
8,20,0.117,48,30,42.6,app_push,new,south,no
4,19,0.163,148,83,77.1,app_push,growth,east,no
3,14,0.22,100,79,73.5,app_push,growth,west,yes
3,14,0.107,249,18,53.2,app_push,sleeping,north,no
7,23,0.133,167,8,52.7,email,sleeping,east,no
12,28,0.028,242,21,57.0,app_push,growth,north,no
6,18,0.132,307,39,79.1,email,growth,west,no
0,19,0.085,324,20,55.3,email,growth,east,no
5,19,0.196,268,19,59.6,app_push,sleeping,west,no
3,22,0.193,111,37,62.6,app_push,new,north,no
6,17,0.239,166,44,68.3,app_push,growth,east,yes
5,16,0.205,152,29,78.7,app_push,new,north,no
3,14,0.162,277,43,58.5,app_push,new,south,yes
4,22,0.136,99,59,56.2,app_push,new,south,no
5,16,0.191,210,48,58.4,sms,growth,south,no
1,20,0.088,306,64,39.4,ads,growth,west,no
3,19,0.128,3,60,45.7,app_push,new,east,yes
8,22,0.123,115,5,67.1,ads,vip,east,no
4,16,0.193,353,28,63.9,ads,new,east,no
3,15,0.072,181,52,50.4,ads,vip,south,no
8,14,0.163,357,31,65.5,app_push,sleeping,north,no
7,22,0.144,108,30,72.1,app_push,new,west,yes
3,23,0.126,105,38,54.1,ads,new,west,yes
3,19,0.067,348,76,59.9,email,growth,north,no
4,22,0.165,130,38,29.3,app_push,vip,north,no
5,27,0.262,308,43,47.7,app_push,vip,north,no
5,8,0.141,67,46,69.5,app_push,growth,south,no
4,22,0.201,191,42,42.9,ads,sleeping,south,no
3,25,0.155,362,20,65.7,sms,vip,west,no
8,18,0.218,168,81,61.4,ads,vip,south,yes
2,12,0.121,217,59,68.0,sms,sleeping,east,no
8,17,0.122,75,74,56.5,sms,new,east,no
6,8,0.104,283,18,49.6,email,sleeping,north,no
9,21,0.13,66,56,47.5,app_push,new,east,no
4,16,0.108,194,15,49.2,email,vip,west,no
4,23,0.233,301,72,41.3,ads,vip,south,no
2,17,0.143,158,68,50.1,ads,vip,south,no
5,17,0.11,31,69,81.0,ads,growth,south,yes
2,23,0.136,58,77,71.9,email,growth,north,yes
7,24,0.128,143,18,39.5,sms,sleeping,east,yes
3,13,0.072,43,40,73.8,ads,sleeping,south,yes
2,20,0.188,111,21,62.3,ads,vip,west,yes
6,20,0.238,174,26,68.4,app_push,growth,north,yes
4,14,0.067,179,51,66.7,email,new,south,no
3,17,0.072,138,15,81.6,email,growth,west,yes
5,21,0.014,26,66,46.7,ads,new,east,no
5,15,0.171,150,18,45.8,sms,sleeping,west,no
3,25,0.102,4,32,38.0,sms,growth,north,no
2,21,0.094,360,27,72.6,email,sleeping,east,no
3,19,0.071,129,75,25.5,email,sleeping,east,no
1,22,0.075,256,39,75.8,sms,vip,east,no
5,19,0.093,223,31,27.9,email,sleeping,south,no
5,19,0.115,327,66,39.4,email,vip,east,no
6,15,0.134,124,16,63.3,app_push,sleeping,east,yes
2,14,0.117,283,10,76.2,email,growth,north,no
2,17,0.131,71,63,53.0,sms,growth,south,no
3,18,0.085,170,55,60.3,app_push,sleeping,east,no
4,23,0.109,275,47,75.5,app_push,sleeping,south,yes
7,18,0.135,93,19,68.8,email,sleeping,west,yes
4,15,0.276,50,35,94.8,sms,sleeping,west,yes
1,17,0.213,144,11,54.3,app_push,vip,north,yes
7,21,0.199,274,68,76.9,email,sleeping,east,yes
9,24,0.093,173,3,16.7,email,growth,east,no
4,16,0.142,11,9,66.0,app_push,new,east,yes
6,22,0.106,347,75,70.5,email,growth,north,no
5,17,0.131,108,9,50.2,app_push,new,south,yes
8,15,0.119,177,23,46.2,email,vip,south,yes
5,16,0.202,13,53,54.8,email,growth,east,no
4,21,0.133,242,16,63.0,sms,new,east,yes
3,13,0.135,99,72,48.3,ads,sleeping,north,yes
2,26,0.022,72,54,58.5,email,growth,north,no
8,20,0.249,306,18,30.1,email,new,south,no
7,19,0.053,303,23,57.1,email,vip,north,no
7,22,0.084,224,62,56.7,email,growth,west,yes
1,16,0.262,305,34,16.1,email,new,north,no
3,19,0.162,79,27,100.0,email,new,east,no
6,18,0.114,199,52,47.7,app_push,growth,west,yes
7,19,0.068,261,23,66.9,ads,vip,north,no
7,26,0.143,51,9,83.2,email,new,north,yes
9,17,0.184,309,46,55.1,email,growth,north,no
4,15,0.082,306,76,49.1,ads,sleeping,east,yes
3,15,0.165,355,35,35.4,email,growth,north,no
4,13,0.162,239,34,79.5,email,growth,west,no
7,18,0.114,34,24,68.3,sms,vip,west,no
3,8,0.123,128,28,52.6,email,sleeping,west,no
2,12,0.185,52,49,85.9,ads,new,east,no
5,12,0.141,163,43,32.9,email,sleeping,south,no
2,20,0.098,355,7,80.2,email,new,south,yes
8,8,0.095,95,62,29.8,sms,sleeping,south,no
8,24,0.185,152,14,100.0,email,vip,north,yes
5,19,0.166,318,65,30.6,email,vip,south,no
7,24,0.151,195,38,40.5,app_push,vip,east,yes
3,15,0.273,343,44,43.0,app_push,sleeping,south,no
3,19,0.139,51,83,84.1,app_push,new,north,yes
7,20,0.081,48,73,46.4,email,growth,south,no
2,12,0.217,279,57,76.2,email,sleeping,south,no
4,22,0.085,185,39,37.9,ads,growth,east,no
5,20,0.145,343,69,85.3,email,new,west,yes
9,23,0.059,97,22,41.6,ads,sleeping,north,no
1,24,0.099,207,37,73.7,email,vip,north,no
3,19,0.187,288,40,97.2,sms,sleeping,west,no
4,18,0.102,104,8,55.8,app_push,sleeping,east,no
4,24,0.017,189,5,65.7,email,new,south,no
6,23,0.068,181,46,54.6,app_push,vip,north,no
1,28,0.155,221,20,63.7,email,growth,south,yes
1,24,0.14,220,61,85.0,app_push,growth,south,no
1,17,0.116,271,45,57.3,email,growth,south,no
6,14,0.239,134,1,64.0,sms,vip,north,yes
7,21,0.068,118,78,51.4,sms,new,east,no
7,17,0.052,334,12,43.1,email,growth,east,no
5,16,0.059,347,46,43.3,ads,sleeping,south,no
1,13,0.1,277,36,56.2,ads,new,north,no
1,21,0.131,249,56,86.8,email,new,west,yes
3,11,0.097,152,67,44.0,app_push,new,west,no
7,13,0.182,279,38,48.6,email,growth,south,no
3,23,0.043,238,63,77.1,email,vip,north,yes
0,13,0.149,236,17,55.1,email,sleeping,north,no
4,17,0.211,183,61,28.3,app_push,growth,south,yes
5,17,0.177,267,67,70.1,email,sleeping,east,no
2,17,0.142,151,49,72.1,email,new,west,no
4,23,0.204,349,7,59.8,ads,growth,south,yes
6,18,0.167,123,36,51.6,ads,sleeping,south,no
2,20,0.112,121,49,27.6,sms,growth,east,no
6,9,0.064,89,75,56.8,sms,growth,south,no
5,23,0.128,45,57,77.5,app_push,growth,north,yes
3,20,0.079,76,78,62.0,sms,growth,north,no
4,14,0.083,7,73,50.7,sms,sleeping,south,no
6,21,0.247,62,72,47.9,email,sleeping,west,no
3,13,0.163,355,23,51.0,app_push,growth,west,no
3,11,0.171,137,3,52.0,sms,vip,north,no
2,10,0.0,159,21,76.5,sms,sleeping,south,yes
5,20,0.159,17,51,68.5,email,vip,west,yes
8,21,0.142,301,52,44.6,app_push,sleeping,south,no
2,16,0.135,177,56,75.5,ads,new,east,no
5,24,0.08,150,1,70.8,ads,vip,south,yes
2,23,0.182,329,30,55.0,email,sleeping,south,no
6,26,0.15,56,15,68.1,email,vip,north,yes
4,9,0.049,297,13,62.5,app_push,growth,east,no
7,20,0.186,150,40,100.0,email,vip,west,yes
5,13,0.171,216,6,39.8,ads,growth,north,no
3,26,0.094,156,68,56.3,app_push,growth,south,yes
6,12,0.106,320,7,47.0,app_push,new,south,no
4,21,0.189,158,29,60.2,sms,sleeping,east,yes
8,16,0.101,309,78,52.7,app_push,sleeping,east,no
4,21,0.106,8,9,99.4,ads,new,north,yes
3,10,0.191,170,10,92.0,ads,growth,north,yes
3,22,0.167,346,57,51.2,sms,growth,west,yes
4,20,0.276,348,9,58.4,ads,growth,east,no
4,16,0.217,60,45,41.2,email,new,south,no
5,17,0.069,144,61,71.6,email,vip,south,no
7,27,0.001,284,16,54.9,email,vip,east,no
5,14,0.127,262,51,56.7,app_push,vip,south,yes
3,24,0.139,252,30,58.7,ads,vip,west,no
5,13,0.142,5,44,39.0,ads,new,north,yes
7,23,0.202,42,31,70.3,email,vip,north,yes
3,9,0.179,270,59,87.1,email,sleeping,south,yes
4,15,0.094,234,13,51.8,app_push,growth,east,no
4,12,0.153,193,25,64.8,ads,growth,east,yes
4,15,0.165,152,15,82.9,sms,growth,west,yes
3,18,0.063,253,41,46.5,sms,new,south,no
8,14,0.134,140,31,34.2,email,growth,west,no
2,18,0.037,359,76,58.2,email,vip,east,yes
5,16,0.081,169,53,48.4,sms,growth,south,no
8,17,0.215,277,15,62.3,ads,sleeping,south,no
1,13,0.162,330,15,50.2,ads,new,west,no
8,22,0.023,279,83,78.0,ads,new,north,yes
4,13,0.108,4,34,53.3,app_push,sleeping,east,no
3,14,0.25,190,10,69.3,sms,growth,west,no
7,14,0.219,28,70,73.6,ads,vip,south,yes
4,22,0.085,14,38,57.7,email,new,south,yes
11,18,0.031,224,5,88.9,sms,vip,south,yes
6,17,0.316,183,18,61.1,email,sleeping,north,yes
6,15,0.114,267,65,51.7,ads,growth,west,yes
2,14,0.1,149,24,37.5,sms,growth,east,yes
5,19,0.17,257,43,55.3,email,vip,west,no
7,17,0.223,280,79,31.4,email,sleeping,east,no
1,11,0.179,336,41,74.5,app_push,sleeping,north,no
4,16,0.163,128,30,58.3,ads,sleeping,south,no
7,16,0.218,241,79,68.1,app_push,growth,east,yes
5,23,0.101,26,62,88.4,email,vip,south,yes
2,19,0.243,175,74,30.3,email,sleeping,north,yes
4,15,0.113,188,43,32.3,ads,sleeping,east,no
8,18,0.111,13,21,33.4,email,sleeping,east,no
5,15,0.122,4,12,76.1,ads,sleeping,south,no
6,20,0.254,333,26,73.4,email,sleeping,north,yes
7,25,0.191,263,61,37.3,email,vip,east,yes
4,14,0.152,61,49,51.3,app_push,growth,east,yes
4,20,0.194,330,27,73.6,sms,new,south,no
6,20,0.264,201,46,45.9,email,new,east,no
2,19,0.144,128,83,22.8,app_push,vip,west,yes
0,20,0.167,281,30,66.3,sms,sleeping,west,no
1,14,0.131,261,47,57.1,email,growth,south,no
4,16,0.033,102,40,50.3,app_push,growth,west,yes
6,16,0.105,31,58,52.9,email,vip,south,yes
10,23,0.154,25,12,55.3,email,sleeping,east,no
5,16,0.193,202,1,58.4,sms,vip,east,no
2,13,0.145,171,10,46.3,sms,sleeping,east,no
5,14,0.167,207,60,47.8,sms,new,east,yes
5,18,0.168,221,15,84.2,sms,vip,east,yes
2,24,0.139,37,48,50.5,sms,growth,north,no
5,18,0.091,279,50,78.1,sms,growth,south,yes
7,14,0.096,332,67,57.5,sms,growth,south,no
6,12,0.187,310,58,80.5,app_push,vip,west,yes
1,16,0.113,182,79,67.7,email,new,south,no
7,15,0.095,62,11,78.1,email,vip,west,no
5,18,0.141,178,34,68.0,app_push,sleeping,east,yes
9,17,0.181,6,45,46.1,ads,vip,west,yes
2,23,0.182,48,36,53.6,ads,new,north,no
6,18,0.276,20,16,46.6,ads,growth,south,no
4,16,0.164,258,38,49.6,email,sleeping,west,no
4,19,0.173,261,14,39.8,sms,vip,west,yes
6,21,0.078,4,60,71.0,app_push,vip,east,yes
3,17,0.072,222,61,64.7,email,new,south,no
5,20,0.044,251,40,68.4,app_push,growth,west,no
6,15,0.191,102,39,74.6,ads,growth,north,yes
4,22,0.224,28,18,59.0,email,vip,east,yes
5,14,0.156,119,57,46.5,app_push,growth,east,no
3,14,0.088,47,45,76.1,email,vip,south,yes
3,17,0.12,81,43,78.8,email,sleeping,south,yes
3,17,0.129,297,72,69.3,ads,growth,west,yes
4,21,0.235,329,74,57.6,app_push,new,south,no
2,24,0.207,6,28,57.8,sms,growth,west,no
2,22,0.1,78,56,44.5,sms,growth,west,yes
5,18,0.139,28,66,26.2,app_push,growth,south,yes
3,23,0.175,175,8,69.2,app_push,vip,north,no
1,8,0.168,314,65,70.1,app_push,vip,south,yes
8,15,0.01,98,48,15.7,app_push,vip,north,yes
6,21,0.106,263,52,25.5,app_push,sleeping,west,no
6,14,0.131,48,27,62.2,app_push,new,east,no
2,21,0.064,319,69,82.7,email,new,south,no
5,19,0.115,54,27,55.4,app_push,vip,north,yes
4,17,0.206,313,6,81.5,ads,sleeping,west,yes
5,12,0.173,210,8,47.7,sms,growth,west,no
4,16,0.117,363,27,32.0,app_push,vip,south,no
7,11,0.216,268,79,55.6,ads,vip,north,no
8,26,0.171,226,75,76.2,ads,growth,west,yes
9,19,0.133,82,20,56.9,ads,new,north,yes
3,22,0.13,246,68,82.9,sms,growth,south,yes
6,23,0.056,93,1,54.7,app_push,vip,west,yes
3,12,0.1,187,23,44.4,email,growth,east,no
5,13,0.042,305,59,54.3,app_push,new,west,yes
6,15,0.046,161,9,78.0,email,vip,north,no
10,22,0.11,159,28,66.0,email,new,north,no
4,12,0.133,79,37,84.1,ads,growth,north,no
3,21,0.076,158,67,76.6,sms,sleeping,north,yes
3,16,0.278,165,29,37.6,email,vip,south,no
6,17,0.143,169,20,69.3,email,sleeping,east,no
9,17,0.097,320,36,71.7,email,new,south,no
5,19,0.087,309,24,17.6,email,vip,east,no
7,13,0.098,68,6,64.0,app_push,vip,west,no
6,17,0.035,8,82,18.2,app_push,growth,west,yes
1,14,0.203,242,2,69.7,app_push,sleeping,south,no
4,17,0.197,36,81,31.7,email,vip,west,no
5,16,0.149,221,54,51.4,sms,vip,south,yes
2,10,0.133,135,8,57.0,app_push,sleeping,west,no
4,12,0.116,150,29,71.2,sms,growth,north,yes
11,24,0.145,311,18,62.1,sms,new,south,no
8,12,0.109,356,47,50.2,ads,sleeping,south,no
6,15,0.105,53,2,83.6,sms,growth,south,no
3,20,0.149,142,11,61.0,sms,new,east,no
7,15,0.151,313,11,65.7,app_push,new,west,no
4,16,0.182,308,70,14.8,email,growth,east,no
7,15,0.231,201,75,45.9,ads,sleeping,south,no
6,20,0.063,143,75,58.9,email,vip,east,yes
6,21,0.112,252,63,65.0,app_push,new,east,no
2,20,0.063,159,40,68.7,email,sleeping,east,yes
4,18,0.113,12,17,71.4,app_push,growth,east,yes
2,23,0.079,144,13,28.0,email,new,east,no
7,28,0.124,37,3,65.7,email,new,north,yes
4,16,0.248,62,60,82.9,email,sleeping,east,no
4,16,0.137,118,64,51.0,email,sleeping,west,yes
7,16,0.045,305,25,50.2,email,vip,south,no
8,9,0.186,234,11,74.7,email,growth,south,no
2,17,0.129,317,16,56.1,app_push,growth,south,no
1,20,0.153,61,79,54.0,email,growth,north,yes
5,26,0.172,288,54,38.4,app_push,growth,south,yes
4,17,0.158,145,15,83.0,email,sleeping,west,yes
5,12,0.128,107,30,62.3,sms,new,south,no
4,29,0.168,267,50,38.6,email,growth,south,no
5,18,0.104,325,35,71.1,email,growth,west,no
4,12,0.18,109,22,42.3,app_push,vip,north,no
6,23,0.079,202,59,66.8,sms,growth,north,no
3,21,0.163,148,28,39.7,ads,growth,north,yes
8,27,0.133,232,77,45.9,email,vip,west,yes
3,12,0.124,168,50,57.3,email,vip,north,no
5,18,0.04,290,42,68.6,app_push,new,south,yes
2,21,0.172,166,2,5.0,email,growth,west,no
5,14,0.215,253,83,40.7,email,sleeping,east,yes
5,13,0.178,116,58,36.9,ads,new,north,no
4,23,0.202,259,9,43.1,email,growth,west,yes
5,18,0.102,326,31,100.0,email,growth,south,yes
5,21,0.253,266,51,49.3,sms,sleeping,south,no
9,12,0.051,230,19,36.5,email,new,east,no
5,13,0.287,350,79,24.3,email,vip,east,yes
5,20,0.023,212,54,19.6,app_push,sleeping,south,no
4,16,0.147,133,61,55.1,ads,sleeping,south,no
2,20,0.257,288,72,51.7,ads,growth,south,no
2,15,0.201,62,25,68.0,app_push,new,west,yes
1,14,0.126,135,49,58.8,email,vip,north,no
12,13,0.124,150,62,76.0,email,sleeping,south,yes
8,24,0.179,19,69,55.0,email,growth,east,yes
2,26,0.189,296,31,49.6,ads,sleeping,south,no
3,14,0.031,12,66,51.2,email,new,north,no
1,21,0.081,66,8,40.0,email,new,east,yes
4,21,0.244,231,71,87.7,email,new,south,yes
4,22,0.021,357,80,30.6,app_push,growth,north,no
7,17,0.161,109,71,77.8,email,growth,east,yes
5,26,0.221,308,77,60.1,email,sleeping,north,no
3,16,0.131,267,70,89.0,app_push,vip,west,no
3,21,0.107,119,26,42.6,email,vip,south,yes
3,18,0.182,176,76,51.4,app_push,vip,north,yes
7,21,0.137,102,3,66.2,app_push,vip,south,yes
6,18,0.119,351,37,64.6,sms,growth,west,no
4,20,0.167,229,31,76.6,sms,sleeping,east,yes
3,15,0.115,187,31,68.1,ads,new,south,no
4,19,0.062,249,54,74.5,ads,vip,south,yes
7,10,0.064,52,75,74.5,ads,growth,east,yes
3,15,0.213,168,17,52.6,app_push,sleeping,west,no
2,19,0.183,221,74,71.5,email,growth,north,no
5,16,0.111,140,73,68.4,app_push,new,south,yes
3,26,0.065,79,56,55.4,ads,vip,south,no
6,20,0.148,102,54,78.4,email,vip,north,yes
5,16,0.094,191,66,52.4,sms,new,north,no
13,22,0.244,39,44,79.3,ads,growth,west,yes
5,20,0.076,9,28,73.4,email,sleeping,west,no
4,16,0.126,223,79,59.1,ads,new,east,no
3,17,0.06,222,39,40.3,app_push,sleeping,south,no
7,17,0.204,215,7,56.3,app_push,sleeping,north,no
3,11,0.091,194,32,45.6,app_push,sleeping,north,no
7,15,0.118,244,79,82.2,app_push,sleeping,east,no
5,14,0.055,195,22,88.3,email,new,east,no
1,21,0.099,181,2,72.2,app_push,vip,south,yes
4,26,0.118,51,12,51.3,app_push,sleeping,south,yes
5,18,0.159,305,63,38.0,app_push,vip,south,yes
6,21,0.185,216,73,68.1,email,sleeping,east,yes
5,22,0.12,174,30,17.2,email,sleeping,south,no
4,21,0.166,223,30,96.4,email,vip,south,yes
4,13,0.297,348,72,69.7,app_push,growth,east,yes
8,20,0.182,164,1,37.7,email,growth,west,no
6,16,0.032,131,70,30.3,email,sleeping,north,no
8,21,0.124,50,36,27.6,email,growth,south,no
2,14,0.163,288,5,58.0,email,growth,east,no
6,14,0.192,273,79,100.0,email,vip,west,yes
6,17,0.206,295,34,59.9,email,growth,west,no
6,14,0.051,185,22,53.5,app_push,new,north,no
4,18,0.16,105,39,41.1,email,growth,west,no
2,22,0.249,319,47,85.0,sms,growth,south,yes
4,22,0.139,296,83,65.8,sms,growth,west,yes
4,15,0.156,289,42,61.7,email,new,north,no
4,20,0.206,262,64,57.3,sms,sleeping,west,no
4,11,0.159,222,78,46.1,sms,growth,west,no
7,16,0.165,56,3,58.9,app_push,sleeping,north,yes
3,11,0.268,187,69,68.7,app_push,growth,south,no
3,13,0.14,51,28,22.3,email,sleeping,west,yes
4,11,0.125,43,60,59.4,app_push,new,west,yes
5,28,0.257,107,8,62.4,ads,growth,west,yes
3,21,0.128,191,37,78.9,email,vip,south,yes
2,18,0.163,293,81,36.8,app_push,growth,east,yes
6,18,0.177,94,28,30.5,ads,growth,west,no
4,20,0.076,203,73,28.7,sms,growth,east,no
3,17,0.01,24,38,60.7,app_push,vip,west,no
4,17,0.227,284,68,52.8,app_push,sleeping,west,no
4,22,0.077,113,20,50.9,email,sleeping,west,no
2,15,0.136,248,29,80.9,email,sleeping,south,no
10,20,0.078,200,19,74.3,email,sleeping,north,no
2,14,0.131,292,58,80.8,sms,new,north,no
7,16,0.045,274,8,56.1,sms,vip,north,no
5,14,0.089,135,53,43.2,sms,new,west,no
6,24,0.19,70,79,80.9,sms,growth,north,yes
2,11,0.13,23,70,64.4,email,growth,west,no
1,14,0.124,309,78,15.3,ads,new,south,no
6,14,0.062,353,58,93.2,email,vip,west,no
5,24,0.071,288,42,43.9,email,growth,south,no
4,25,0.173,52,5,66.1,email,vip,east,yes
6,19,0.148,299,19,72.6,sms,growth,west,no
4,21,0.099,19,36,54.8,app_push,sleeping,north,yes
3,19,0.125,117,27,47.9,sms,vip,west,yes
5,14,0.198,184,40,54.4,ads,growth,north,no
3,18,0.158,148,37,69.7,email,vip,west,yes
3,17,0.206,316,25,90.3,app_push,sleeping,north,no
4,12,0.093,130,9,84.3,email,sleeping,north,yes
3,24,0.076,30,77,57.3,sms,new,east,yes
9,11,0.116,142,28,85.8,email,growth,west,yes
6,17,0.11,35,32,35.1,sms,growth,east,yes
2,24,0.054,120,9,50.3,app_push,vip,west,no
8,15,0.092,51,12,34.5,email,sleeping,north,yes
4,16,0.214,96,21,46.4,ads,sleeping,south,no
2,24,0.185,218,12,71.1,ads,new,south,no
5,17,0.089,314,55,89.0,app_push,new,south,yes
1,20,0.033,265,3,50.7,app_push,sleeping,south,no
3,19,0.182,360,49,95.0,email,vip,west,yes
5,19,0.187,314,53,59.0,sms,sleeping,east,yes
8,17,0.038,135,36,40.1,app_push,new,east,no
1,21,0.164,364,82,42.0,email,vip,north,no
5,20,0.076,25,14,58.9,app_push,growth,east,no
6,14,0.13,117,47,33.6,ads,new,east,no
0,16,0.194,290,45,75.2,ads,new,west,no
4,20,0.124,74,67,47.8,app_push,growth,west,yes
0,18,0.112,168,16,56.1,email,new,south,no
5,20,0.123,66,39,100.0,email,growth,west,no
5,26,0.036,168,52,76.6,ads,sleeping,north,no
3,16,0.092,164,57,29.9,email,growth,east,no
4,18,0.163,127,21,58.5,ads,sleeping,west,no
5,23,0.084,249,80,35.7,sms,vip,west,yes
2,19,0.215,55,69,73.6,email,growth,north,yes
8,13,0.075,180,78,87.7,app_push,vip,north,yes
5,19,0.057,38,77,58.7,email,vip,east,yes
0,13,0.196,11,40,60.3,ads,new,south,no
5,12,0.181,284,40,42.0,email,growth,west,no
3,13,0.048,117,65,48.7,email,growth,west,no
7,24,0.143,74,60,63.4,sms,new,south,yes
4,20,0.197,351,38,46.0,email,new,north,yes
9,20,0.244,199,79,69.7,ads,sleeping,east,yes
4,18,0.195,335,44,73.6,email,sleeping,south,no
2,18,0.219,341,26,43.8,sms,sleeping,north,yes
8,28,0.165,294,38,37.1,email,sleeping,west,no
4,22,0.178,119,80,60.4,sms,sleeping,east,no
7,12,0.06,63,80,37.3,app_push,sleeping,east,yes
5,15,0.159,121,22,45.6,email,new,south,no
3,17,0.174,361,62,95.8,email,growth,east,no
2,18,0.217,81,4,73.0,sms,growth,east,yes
0,16,0.045,13,58,58.0,ads,growth,south,yes
2,13,0.171,313,45,68.4,email,growth,west,no
7,14,0.132,275,83,65.2,email,sleeping,south,no
6,19,0.143,349,21,48.0,app_push,vip,east,no
5,16,0.132,149,76,69.9,email,new,west,yes
5,16,0.239,171,38,50.3,sms,growth,west,no
2,16,0.236,254,4,46.5,app_push,new,north,no
3,24,0.265,362,33,51.0,app_push,new,north,no
2,12,0.156,207,2,78.3,ads,sleeping,west,no
8,13,0.136,154,71,36.5,app_push,sleeping,south,no
5,14,0.168,79,56,63.9,app_push,new,west,no
8,18,0.17,282,19,75.7,sms,sleeping,south,yes
5,21,0.157,93,52,91.1,app_push,growth,south,yes
7,20,0.114,142,59,78.2,sms,sleeping,north,yes
3,19,0.138,345,27,61.3,app_push,vip,south,no
5,14,0.101,29,8,63.8,email,growth,east,yes
3,16,0.136,245,11,25.0,app_push,growth,south,yes
6,15,0.148,274,77,62.5,sms,sleeping,east,no
3,24,0.092,306,35,59.6,email,growth,south,yes
4,17,0.185,66,65,74.8,ads,new,east,no
5,13,0.223,80,54,51.3,email,growth,west,yes
3,19,0.074,158,33,50.8,app_push,growth,east,no
9,15,0.123,227,46,58.7,ads,new,north,no
2,18,0.177,100,57,48.0,sms,new,east,no
9,20,0.146,248,63,40.3,app_push,sleeping,east,no
3,15,0.227,251,9,53.0,sms,growth,west,no
8,26,0.205,27,37,75.9,app_push,new,east,yes
5,23,0.132,228,55,85.7,email,growth,west,yes
3,19,0.188,126,67,43.6,sms,vip,south,yes
2,16,0.064,197,2,63.0,app_push,growth,east,no
5,16,0.11,349,69,5.0,app_push,new,south,no
4,13,0.181,97,3,44.3,sms,sleeping,south,no
8,22,0.206,203,58,56.5,app_push,sleeping,east,no
3,21,0.195,17,3,49.6,email,sleeping,south,no
4,18,0.164,268,83,51.8,app_push,vip,north,yes
5,19,0.156,172,73,54.4,email,new,south,yes
9,25,0.141,62,50,53.0,sms,new,east,no
1,17,0.092,362,50,25.3,email,vip,north,no
6,17,0.237,326,63,39.8,email,vip,south,yes
8,18,0.202,290,66,34.8,sms,sleeping,north,no
3,16,0.116,245,53,40.6,email,growth,east,no
7,20,0.083,336,64,40.7,app_push,growth,west,yes
6,18,0.133,151,21,49.8,app_push,sleeping,west,no
4,16,0.196,341,7,76.4,ads,vip,north,yes
1,21,0.106,275,19,68.3,app_push,new,north,no
5,34,0.108,309,66,100.0,sms,growth,south,yes
5,14,0.171,341,41,32.7,app_push,vip,south,no
7,15,0.193,324,25,71.3,email,new,north,no
2,29,0.151,68,31,56.7,ads,sleeping,west,yes
6,24,0.213,52,77,35.4,email,growth,north,no
5,23,0.181,90,47,42.7,sms,new,east,yes
5,14,0.144,133,6,36.2,email,growth,north,no
3,15,0.058,42,45,61.6,ads,new,west,no
3,19,0.137,249,2,42.6,email,growth,east,no
7,17,0.121,268,53,76.2,email,sleeping,west,no
8,14,0.099,130,5,87.1,sms,growth,north,no
3,19,0.208,272,33,84.3,ads,sleeping,north,yes
1,12,0.19,140,20,32.2,ads,vip,south,no
9,25,0.095,79,35,40.4,app_push,new,south,yes
4,23,0.133,31,34,35.0,email,growth,east,no
11,19,0.093,316,53,71.2,ads,growth,south,no
4,21,0.125,292,6,54.2,sms,sleeping,north,no
6,21,0.22,138,71,80.7,email,sleeping,south,no
5,17,0.187,212,62,77.3,app_push,vip,south,yes
4,20,0.217,157,45,58.9,ads,new,north,no
2,15,0.154,273,45,9.3,ads,new,east,no
5,15,0.234,287,36,64.4,ads,vip,north,yes
7,17,0.236,218,21,65.1,sms,growth,east,no
9,18,0.158,93,60,67.8,ads,growth,west,no
4,18,0.082,71,4,100.0,ads,growth,west,yes
4,18,0.124,123,71,54.6,ads,growth,south,yes
3,14,0.151,247,29,60.3,email,sleeping,east,no
4,16,0.118,290,80,45.8,app_push,sleeping,west,no
3,26,0.134,197,14,52.4,ads,vip,east,yes
3,16,0.155,111,81,74.0,sms,new,west,no
4,18,0.209,37,50,50.7,sms,vip,east,no
4,17,0.174,197,12,68.9,sms,sleeping,north,no
1,18,0.18,67,41,45.3,app_push,growth,north,yes
3,18,0.183,248,6,35.7,app_push,growth,north,no
3,18,0.178,182,17,57.9,email,new,west,no
4,16,0.031,229,77,43.6,app_push,sleeping,north,yes
7,22,0.18,14,62,57.9,app_push,vip,south,yes
4,19,0.128,118,25,42.8,ads,growth,south,no
9,14,0.138,251,17,46.9,email,growth,south,no
2,25,0.273,320,24,70.7,app_push,sleeping,east,no
7,16,0.121,351,32,48.3,email,growth,south,yes
5,10,0.182,108,67,73.2,sms,growth,east,yes
7,12,0.068,27,37,46.4,ads,growth,south,yes
4,19,0.078,28,14,100.0,email,vip,west,no
3,13,0.067,287,82,50.2,email,sleeping,north,no
4,10,0.121,357,79,65.9,app_push,vip,west,no
5,10,0.2,50,5,37.7,email,growth,north,no
3,24,0.088,277,23,62.4,sms,vip,west,no
6,19,0.16,70,66,56.5,ads,growth,south,yes
2,15,0.159,204,79,69.3,app_push,new,west,no
7,18,0.108,318,75,24.6,email,growth,west,no
5,16,0.0,319,30,39.1,ads,vip,north,no
7,25,0.248,191,83,55.0,email,vip,east,yes
3,16,0.204,64,58,74.6,ads,new,east,no
10,19,0.129,113,24,56.5,app_push,vip,south,yes
3,21,0.17,143,73,70.2,email,growth,west,no
1,21,0.113,101,45,59.4,app_push,vip,west,yes
7,12,0.095,240,30,56.5,sms,new,west,yes
4,24,0.112,98,23,66.8,ads,sleeping,south,no
2,18,0.153,27,64,74.5,sms,growth,east,no
1,20,0.08,64,53,45.8,email,growth,east,yes
3,17,0.156,19,15,41.2,sms,sleeping,east,no
1,19,0.172,180,46,49.5,email,vip,south,no
4,13,0.051,151,42,72.9,app_push,new,south,no
6,20,0.198,85,36,91.4,email,new,west,yes
6,24,0.156,126,70,38.6,app_push,growth,east,yes
5,23,0.108,46,62,56.9,sms,sleeping,north,no
6,24,0.193,166,80,77.4,email,new,north,yes
9,18,0.179,30,57,54.7,app_push,new,east,yes
9,12,0.233,330,22,68.2,app_push,new,north,yes
4,20,0.089,106,64,57.0,app_push,new,west,yes
3,23,0.026,338,33,57.8,app_push,growth,north,no
3,12,0.164,132,34,63.4,sms,growth,east,no
3,12,0.107,130,32,59.4,ads,sleeping,north,no
6,21,0.07,277,31,33.6,app_push,growth,south,no
6,17,0.258,1,16,67.0,email,growth,south,yes
3,21,0.215,360,19,62.4,email,growth,south,no
5,24,0.198,22,61,58.0,sms,growth,north,yes
4,20,0.131,231,14,48.1,email,growth,west,no
7,15,0.088,337,21,89.1,email,sleeping,north,no
6,20,0.063,127,3,46.9,sms,new,south,no
4,21,0.206,200,34,89.4,sms,sleeping,north,yes
5,22,0.114,264,14,57.2,app_push,vip,west,no
5,15,0.132,88,13,38.7,app_push,sleeping,south,no
10,11,0.149,91,55,53.5,app_push,sleeping,south,no
5,17,0.077,268,58,69.5,email,sleeping,west,no
6,18,0.126,149,3,77.1,ads,vip,east,yes
2,23,0.102,164,34,72.4,app_push,sleeping,south,no
8,20,0.185,133,27,74.8,email,vip,east,no
5,22,0.119,362,83,42.4,sms,new,south,no
3,22,0.127,138,77,58.6,ads,vip,south,yes
4,12,0.171,21,36,42.5,email,vip,west,no
5,22,0.085,161,51,71.6,ads,growth,east,no
3,16,0.151,154,65,44.4,email,new,west,no
4,20,0.11,304,80,67.0,email,new,west,yes
4,19,0.126,270,62,53.1,app_push,growth,east,no
2,13,0.216,145,4,61.2,ads,sleeping,south,no
2,29,0.225,38,73,92.6,ads,sleeping,east,yes
4,20,0.133,343,9,88.3,email,growth,west,no
5,21,0.212,213,62,75.6,ads,new,east,no
9,14,0.166,281,9,56.8,sms,new,west,no
0,16,0.246,185,24,53.4,ads,sleeping,north,no
5,10,0.077,262,44,100.0,ads,growth,south,yes
9,15,0.022,173,60,79.2,email,vip,south,no
7,24,0.222,108,59,54.0,email,new,east,yes
4,17,0.057,355,68,60.0,email,new,north,no
3,19,0.074,139,24,52.9,sms,new,south,yes
6,20,0.117,258,79,46.8,ads,sleeping,south,yes
3,17,0.146,238,75,50.4,ads,sleeping,west,no
2,27,0.103,188,47,39.7,app_push,sleeping,north,no
4,13,0.218,60,10,69.6,app_push,sleeping,north,no
5,13,0.236,82,31,100.0,app_push,growth,south,yes
4,14,0.168,280,4,66.7,sms,growth,east,no
3,13,0.113,211,5,40.1,ads,growth,west,no
4,21,0.109,43,78,74.6,email,sleeping,north,yes
8,15,0.206,132,43,71.1,email,sleeping,south,no
5,22,0.149,116,14,74.5,email,growth,east,yes
8,20,0.14,62,1,64.5,email,growth,west,yes
0,20,0.086,11,25,58.1,email,sleeping,north,no
6,22,0.218,65,68,43.0,app_push,vip,east,yes
2,21,0.164,128,67,86.6,ads,vip,west,yes
3,12,0.012,212,69,100.0,ads,growth,south,no
5,26,0.277,192,24,61.6,ads,growth,south,no
4,20,0.097,114,29,100.0,app_push,sleeping,north,no
7,25,0.058,62,77,46.1,email,growth,west,yes
6,18,0.007,266,79,59.5,app_push,growth,east,yes
3,20,0.149,331,53,57.6,app_push,new,south,no
2,25,0.148,288,55,44.6,app_push,growth,west,no
3,14,0.172,101,48,63.6,sms,new,north,yes
5,22,0.208,138,49,20.4,sms,growth,north,yes
2,16,0.14,52,74,56.1,email,growth,north,yes
11,10,0.121,162,37,75.4,ads,new,south,yes
5,16,0.123,220,8,56.0,sms,new,west,no
2,17,0.199,216,30,47.0,email,vip,east,no
3,17,0.098,338,6,70.5,app_push,growth,east,no
4,22,0.139,218,26,41.8,app_push,new,west,no
8,21,0.165,77,30,72.2,app_push,vip,east,yes
2,17,0.152,314,11,40.3,email,vip,north,no
7,14,0.079,152,10,47.0,app_push,growth,west,no
3,15,0.215,52,64,57.8,email,sleeping,west,no
6,16,0.009,183,15,54.8,ads,new,east,no
2,22,0.246,272,46,61.5,email,sleeping,west,yes
3,18,0.137,180,72,58.0,app_push,sleeping,east,no
8,26,0.084,94,36,74.2,ads,vip,north,no
5,19,0.064,219,35,72.9,app_push,growth,west,no
0,15,0.086,66,53,58.5,app_push,growth,south,yes
6,21,0.181,269,37,22.6,app_push,new,south,yes
4,18,0.113,270,69,67.5,email,growth,north,no
4,23,0.082,110,42,84.0,email,growth,south,yes
4,17,0.085,45,33,76.7,email,growth,east,no
6,19,0.234,208,60,65.4,app_push,new,north,no
5,20,0.213,269,33,66.0,sms,vip,west,no
2,18,0.178,262,50,52.8,sms,vip,west,no
7,22,0.039,91,15,19.7,sms,growth,south,no
6,13,0.201,163,81,87.6,ads,new,east,yes
2,24,0.133,354,48,40.3,app_push,sleeping,north,no
6,15,0.105,243,49,57.6,email,sleeping,west,no
8,20,0.121,114,34,69.1,app_push,vip,west,yes
5,26,0.174,316,80,50.8,sms,growth,west,yes
3,14,0.047,193,49,23.3,app_push,sleeping,east,no
3,16,0.151,339,35,90.8,email,vip,west,yes
4,21,0.164,332,44,64.9,email,sleeping,north,no
4,14,0.1,3,80,52.5,email,sleeping,north,yes
7,18,0.186,123,3,51.4,email,growth,south,yes
6,17,0.185,287,52,76.1,email,growth,south,yes
7,22,0.191,30,17,58.3,ads,new,east,no
5,18,0.101,227,75,59.1,ads,growth,south,no
4,17,0.094,206,17,94.4,app_push,growth,east,no
4,21,0.088,162,49,50.9,app_push,sleeping,west,no
5,22,0.128,259,69,68.0,app_push,growth,west,yes
3,15,0.252,53,73,31.0,ads,growth,south,no
6,20,0.16,196,42,80.2,app_push,growth,south,yes
3,16,0.123,133,4,48.6,sms,sleeping,west,no
5,18,0.127,340,50,43.9,app_push,sleeping,north,no
8,17,0.053,141,31,22.4,email,new,north,no
7,18,0.214,114,49,52.0,app_push,vip,west,yes
2,18,0.09,281,13,61.8,sms,growth,west,no
5,18,0.112,310,36,68.2,app_push,vip,south,yes
4,16,0.261,203,76,68.3,app_push,growth,east,yes
8,18,0.099,140,69,49.1,ads,vip,east,no
7,23,0.26,5,12,67.5,email,new,west,yes
5,17,0.103,287,62,77.1,sms,sleeping,north,yes
4,23,0.149,101,12,89.3,app_push,growth,north,no
3,19,0.128,5,61,41.7,sms,growth,east,yes
4,13,0.007,309,83,66.8,email,sleeping,east,no
5,20,0.116,364,48,66.4,ads,sleeping,west,no
3,13,0.19,160,32,59.8,email,vip,west,yes
4,18,0.198,1,23,41.2,app_push,growth,north,yes
3,23,0.221,118,55,64.5,email,sleeping,south,no
5,15,0.096,180,13,68.2,ads,new,east,no
6,22,0.133,173,12,59.7,sms,growth,south,no
7,12,0.195,45,83,49.8,email,sleeping,north,yes
4,16,0.272,250,40,54.5,email,vip,south,no
2,20,0.214,145,49,81.3,email,growth,west,yes
3,16,0.0,268,40,100.0,app_push,sleeping,west,yes
5,21,0.19,151,30,57.6,ads,sleeping,north,yes
3,16,0.159,296,68,16.7,app_push,sleeping,north,no
5,11,0.138,358,9,67.6,app_push,new,east,no
4,15,0.161,140,56,68.2,app_push,sleeping,south,no
2,12,0.181,250,62,45.8,sms,growth,south,yes
7,17,0.052,292,18,67.1,app_push,sleeping,west,no
1,16,0.177,326,20,67.8,email,sleeping,west,no
6,18,0.185,264,79,36.5,email,sleeping,south,no
2,24,0.167,336,73,28.2,app_push,vip,south,yes
8,20,0.123,171,44,65.7,email,sleeping,south,yes
4,24,0.039,328,54,62.1,email,growth,east,no
5,13,0.195,41,14,60.6,ads,sleeping,south,no
6,23,0.137,364,67,19.4,app_push,new,north,no
7,20,0.109,202,81,40.1,email,sleeping,north,no
3,8,0.127,310,6,65.1,email,growth,east,no
3,18,0.221,131,76,40.0,email,sleeping,west,yes
3,11,0.149,291,71,25.2,app_push,sleeping,east,no
2,15,0.185,128,50,60.8,sms,new,north,no
7,14,0.115,213,26,82.8,ads,growth,north,yes
3,15,0.169,40,76,65.3,email,sleeping,north,no
3,22,0.119,51,33,68.3,email,growth,north,yes
9,22,0.148,244,43,56.0,sms,new,west,yes
6,24,0.084,129,34,98.9,app_push,new,west,yes
5,25,0.273,243,33,27.7,email,new,south,no
9,14,0.098,85,47,51.1,app_push,vip,north,yes
5,16,0.144,229,10,64.3,app_push,growth,south,no
10,27,0.114,21,66,31.0,ads,growth,east,yes
5,19,0.137,181,51,79.2,sms,sleeping,south,yes
2,14,0.154,215,74,59.5,ads,sleeping,east,no
5,24,0.141,3,63,52.9,email,vip,west,yes
11,19,0.173,205,76,60.0,app_push,new,south,yes
7,19,0.205,281,80,55.4,email,vip,north,yes
6,19,0.17,95,33,58.1,sms,vip,south,yes
8,14,0.103,338,69,65.7,email,sleeping,east,no
2,19,0.062,302,6,62.9,email,sleeping,west,no
3,15,0.203,307,40,59.2,ads,growth,east,no
6,9,0.032,205,8,63.5,ads,sleeping,west,no
2,19,0.193,134,35,100.0,app_push,growth,west,yes
2,20,0.176,237,77,25.6,email,sleeping,west,no
3,23,0.103,29,78,65.0,ads,new,south,yes
5,13,0.115,257,25,45.5,app_push,new,west,no
7,13,0.156,34,40,66.7,app_push,growth,south,yes
4,19,0.198,226,23,49.4,ads,growth,north,no
6,17,0.253,299,1,39.8,email,vip,west,yes
3,17,0.279,160,61,69.7,sms,new,south,no
3,18,0.155,64,58,66.1,app_push,growth,north,yes
1,21,0.181,339,51,50.3,email,new,north,no
5,19,0.083,20,18,41.6,ads,new,north,yes
7,22,0.23,109,23,44.1,ads,growth,west,yes
5,12,0.0,141,38,63.6,app_push,growth,west,no
7,15,0.193,80,45,54.4,sms,vip,west,no
2,13,0.072,311,62,37.9,email,growth,south,no
8,21,0.172,237,7,97.0,sms,vip,north,yes
11,23,0.108,60,16,26.7,ads,sleeping,south,no
7,24,0.239,240,41,56.0,ads,growth,west,no
3,7,0.124,221,71,55.6,sms,vip,south,yes
8,17,0.137,60,70,99.1,email,growth,north,yes
5,14,0.116,354,2,54.0,email,sleeping,north,no
4,22,0.161,63,31,49.5,email,growth,north,no
1,17,0.076,7,44,78.3,app_push,vip,south,yes
1,24,0.127,353,66,24.8,ads,vip,north,no
7,11,0.12,206,23,59.3,ads,sleeping,north,no
3,19,0.177,226,53,79.9,ads,growth,west,no
4,19,0.19,57,55,49.4,email,growth,north,no
4,15,0.04,3,59,62.9,email,new,north,no
5,19,0.223,196,28,45.1,email,sleeping,east,no
4,20,0.158,364,31,55.3,email,sleeping,north,no
3,19,0.137,354,82,74.3,email,sleeping,east,no
5,20,0.186,64,56,89.4,ads,vip,east,yes
5,17,0.078,336,58,32.2,ads,new,west,no
4,14,0.096,76,36,84.8,email,growth,south,no
4,10,0.237,207,42,81.9,ads,vip,north,yes
2,23,0.139,322,62,64.3,app_push,vip,east,no
5,20,0.216,46,76,47.5,email,new,north,no
9,18,0.168,104,75,48.5,app_push,sleeping,south,yes
5,18,0.077,133,53,60.5,email,new,west,yes
3,17,0.041,49,75,73.0,sms,growth,east,yes
1,14,0.03,135,20,52.0,sms,growth,east,no
2,20,0.117,218,73,43.5,email,growth,north,no
8,25,0.076,354,37,51.8,ads,growth,north,no
6,20,0.204,269,28,44.0,app_push,new,east,no
6,14,0.0,220,30,77.4,email,sleeping,east,no
6,16,0.117,59,51,55.2,ads,growth,west,no
7,15,0.124,197,19,63.2,ads,growth,west,yes
5,17,0.093,119,31,66.2,email,sleeping,north,no
2,22,0.098,49,73,53.4,sms,new,north,no
4,17,0.172,123,12,81.1,email,growth,west,yes
3,16,0.24,337,34,49.1,sms,new,east,no
4,22,0.179,337,35,52.6,email,growth,west,yes
6,16,0.233,160,22,53.7,app_push,vip,south,no
2,14,0.288,345,42,47.8,email,sleeping,west,no
6,19,0.158,85,19,66.9,email,growth,south,yes
4,20,0.069,117,25,63.8,email,sleeping,north,no
4,16,0.077,46,56,58.4,sms,vip,south,no
5,15,0.153,169,52,32.8,email,vip,west,no
3,17,0.019,99,83,27.4,email,growth,south,yes
6,12,0.176,1,11,84.1,ads,growth,north,yes
5,20,0.198,62,71,64.1,app_push,growth,west,yes
5,13,0.163,132,23,70.4,email,vip,west,yes
3,24,0.199,51,45,41.1,email,sleeping,east,no
2,25,0.095,326,51,63.2,sms,new,west,yes
2,22,0.078,232,72,15.6,ads,sleeping,east,no
5,19,0.196,327,38,72.2,email,growth,north,no
1,16,0.188,61,30,62.4,ads,sleeping,west,yes
6,16,0.193,20,47,48.0,sms,growth,west,no
7,13,0.18,330,35,59.4,ads,growth,west,no
2,27,0.148,23,41,89.1,email,sleeping,north,no
4,16,0.151,226,81,75.3,sms,sleeping,north,yes
4,17,0.034,239,14,67.5,email,new,south,no
2,18,0.18,114,13,85.1,sms,growth,north,yes
6,12,0.083,94,5,40.7,email,vip,south,yes
6,16,0.031,326,65,29.2,ads,growth,west,yes
4,19,0.206,348,64,52.6,email,sleeping,west,no
3,15,0.198,331,12,62.0,app_push,vip,west,no
3,23,0.193,80,33,50.8,ads,growth,west,yes
5,17,0.241,213,42,71.7,sms,growth,south,no
3,19,0.118,334,42,66.3,email,sleeping,west,no
2,16,0.167,312,27,46.2,email,new,south,no
4,16,0.135,353,45,53.1,email,growth,north,no
5,21,0.107,212,65,44.9,email,growth,north,no
6,24,0.136,98,5,66.1,email,sleeping,west,no
0,20,0.202,107,31,47.1,app_push,sleeping,south,no
8,23,0.181,60,80,68.7,ads,growth,south,no
5,15,0.168,85,78,67.2,email,growth,south,yes
2,16,0.181,139,8,68.5,email,growth,south,no
4,20,0.11,202,83,92.2,ads,vip,north,yes
5,19,0.225,320,17,80.0,sms,growth,north,no
3,17,0.194,9,69,70.4,ads,growth,east,yes
4,24,0.178,105,5,51.2,app_push,sleeping,west,yes
4,17,0.085,201,45,59.9,app_push,growth,east,yes
6,13,0.172,144,23,40.6,sms,vip,east,no
3,25,0.013,221,55,36.6,email,growth,west,no
5,16,0.26,197,73,25.3,app_push,new,west,yes
4,20,0.186,140,75,65.6,email,sleeping,east,no
3,20,0.174,171,36,36.5,ads,sleeping,south,no
4,20,0.146,153,20,62.6,app_push,sleeping,west,no
3,18,0.086,24,74,60.9,app_push,vip,south,no
6,17,0.086,327,63,86.5,app_push,new,east,yes
8,15,0.023,137,2,50.9,app_push,growth,west,yes
7,18,0.161,179,41,40.2,email,new,north,no
5,11,0.205,248,4,65.0,app_push,new,north,yes
5,13,0.09,316,48,54.6,email,new,west,yes
4,17,0.13,31,22,73.9,ads,growth,north,no
5,23,0.127,208,48,58.1,email,sleeping,north,no
4,19,0.052,79,63,54.4,ads,growth,north,yes
8,18,0.15,343,68,66.2,sms,growth,west,no
1,14,0.101,32,21,67.1,email,vip,south,no
4,16,0.089,345,40,95.7,email,growth,north,no
9,24,0.171,330,37,63.8,email,vip,east,no
7,20,0.098,31,80,70.4,email,vip,north,yes
9,23,0.2,99,60,42.8,app_push,growth,north,yes
8,16,0.009,166,43,43.0,app_push,growth,north,yes
5,13,0.174,339,62,46.3,app_push,growth,south,no
5,11,0.132,117,1,53.5,ads,sleeping,west,no
7,21,0.082,29,14,77.3,app_push,sleeping,east,yes
9,21,0.201,27,40,79.7,ads,growth,south,yes
4,20,0.139,348,27,66.9,email,growth,west,no
3,17,0.148,207,5,77.5,ads,growth,north,no
1,12,0.159,55,72,63.1,ads,vip,north,yes
3,18,0.087,57,44,51.9,ads,growth,south,yes
4,21,0.142,135,49,83.6,app_push,sleeping,south,no
3,21,0.164,210,77,22.4,sms,growth,north,no
1,15,0.231,92,67,49.2,app_push,sleeping,west,no
7,16,0.079,147,3,27.2,email,vip,north,no
6,19,0.069,280,10,54.8,sms,new,north,no
2,21,0.128,265,78,49.7,ads,sleeping,east,no
4,19,0.158,205,54,59.8,ads,growth,east,yes
5,15,0.151,143,29,68.9,email,growth,south,no
2,19,0.123,115,74,47.2,ads,growth,north,no
4,10,0.0,164,19,61.3,app_push,growth,east,no
5,21,0.029,358,51,15.1,email,sleeping,south,yes
3,22,0.096,330,81,42.8,ads,vip,east,no
8,20,0.211,307,71,58.8,app_push,vip,east,yes
5,22,0.19,64,49,46.9,email,vip,north,yes
7,14,0.005,44,29,58.2,email,growth,north,no
7,17,0.21,356,17,43.4,app_push,vip,east,no
7,16,0.123,224,71,74.8,email,sleeping,east,no
5,15,0.134,285,2,57.0,email,new,north,no
7,17,0.053,295,54,50.8,app_push,new,east,yes
2,17,0.241,83,3,63.1,email,sleeping,east,no
10,19,0.168,196,68,50.3,sms,new,north,yes
5,12,0.153,299,11,37.5,app_push,growth,south,no
2,19,0.137,54,46,42.8,email,growth,west,no
2,28,0.123,266,82,61.4,app_push,vip,west,no
3,14,0.108,81,83,55.4,email,growth,west,yes
7,15,0.082,75,34,89.4,app_push,new,west,yes
2,16,0.144,263,56,57.2,email,new,north,no
4,18,0.239,214,62,32.6,app_push,new,east,no
4,13,0.129,174,35,45.4,sms,growth,south,no
4,17,0.126,320,43,53.7,app_push,growth,east,yes
3,19,0.123,223,6,42.2,sms,sleeping,south,yes
4,10,0.115,225,26,21.4,email,growth,east,no
2,21,0.122,312,64,70.7,app_push,vip,north,no
1,17,0.169,73,51,28.9,email,growth,west,no
3,10,0.13,242,45,68.9,ads,new,east,no
7,22,0.131,161,56,81.5,sms,new,north,no
3,20,0.225,322,77,64.2,app_push,growth,north,yes
4,19,0.24,196,22,37.7,app_push,vip,east,no
3,15,0.154,337,69,74.4,email,growth,east,no
1,15,0.13,29,49,27.9,email,growth,west,no
5,14,0.223,356,51,60.2,app_push,vip,west,no
4,19,0.144,15,7,54.5,app_push,growth,north,yes
4,14,0.182,202,83,54.7,email,new,east,no
3,11,0.172,326,20,58.9,app_push,vip,south,no
2,14,0.181,34,27,35.9,app_push,growth,east,yes
2,15,0.138,247,77,48.9,sms,growth,west,yes
5,16,0.224,57,61,33.5,sms,vip,north,no
4,14,0.172,34,29,71.1,email,sleeping,north,yes
6,21,0.207,221,24,24.3,email,vip,east,yes
2,23,0.084,240,31,50.4,ads,growth,north,no
4,18,0.077,125,31,90.8,email,new,east,no
7,11,0.058,267,51,65.5,app_push,new,west,yes
4,16,0.116,256,8,70.3,sms,growth,north,no
5,21,0.224,157,51,89.4,sms,vip,north,yes
5,13,0.139,37,35,88.7,app_push,vip,south,yes
4,16,0.139,358,80,26.2,email,new,north,no
3,16,0.154,134,67,33.4,sms,vip,west,no
4,11,0.096,206,1,45.4,ads,growth,north,yes
9,20,0.147,198,8,76.6,ads,new,east,yes
3,16,0.131,153,39,51.4,sms,sleeping,east,no
2,19,0.097,46,62,38.1,sms,growth,east,no
2,19,0.071,242,6,46.7,ads,new,south,no
6,12,0.206,54,40,42.7,ads,vip,north,yes
6,11,0.133,344,44,61.1,ads,vip,north,no
7,14,0.248,269,48,44.2,sms,sleeping,west,no
5,20,0.211,250,66,55.9,sms,growth,north,no
10,17,0.242,60,21,62.3,email,sleeping,east,no
1,9,0.175,31,26,69.9,sms,growth,south,no
