attendance_rate,gpa,study_hours_week,failed_courses,family_support_score,part_time_job,scholarship,program,commute_minutes,dropout
78.9,3.27,9.1,0,6.5,no,no,engineering,46.0,no
72.8,3.64,8.2,3,2.9,no,no,science,48.0,no
85.3,2.6,13.5,1,6.2,yes,no,business,48.0,no
85.7,3.49,12.5,0,4.2,no,no,science,50.0,no
76.6,3.4,12.5,1,10.0,yes,no,science,36.0,no
83.5,3.39,16.1,1,5.2,yes,no,engineering,38.0,no
91.9,2.22,21.7,3,8.7,yes,no,business,39.0,no
85.9,3.18,7.8,1,5.6,yes,no,arts,32.0,no
81.1,2.37,4.8,3,7.8,no,no,business,35.0,no
100.0,3.47,1.8,4,7.4,yes,no,arts,36.0,no
92.8,3.28,20.2,0,6.8,no,no,business,15.0,no
73.7,3.57,19.0,3,8.7,no,yes,arts,50.0,no
84.8,2.54,16.2,2,9.8,yes,no,engineering,35.0,no
63.1,3.06,20.0,0,5.6,no,yes,arts,36.0,no
99.9,3.25,13.1,1,4.8,no,no,science,35.0,no
79.2,2.89,8.5,2,4.1,no,no,arts,36.0,no
78.1,1.94,17.3,0,5.9,yes,yes,business,36.0,no
70.5,2.98,5.4,2,6.3,no,no,business,60.0,no
58.6,3.24,5.3,0,7.5,yes,no,science,60.0,no
100.0,2.77,10.6,1,6.9,no,no,engineering,32.0,no
61.2,3.03,10.6,1,6.5,no,no,business,46.0,no
83.2,3.9,15.1,1,8.3,yes,no,science,50.0,no
77.2,3.85,14.7,0,7.6,no,no,science,5.0,no
87.1,2.46,8.6,3,5.0,no,no,arts,17.0,no
69.5,3.87,15.1,2,7.1,no,no,arts,5.0,no
88.6,1.97,18.6,3,6.9,yes,no,science,73.0,no
85.9,3.34,11.3,2,3.9,yes,yes,engineering,64.0,no
87.6,3.68,11.7,0,5.3,no,yes,business,23.0,no
78.3,2.66,4.5,4,6.1,yes,no,science,47.0,no
92.9,2.82,13.6,0,7.3,yes,no,science,78.0,no
87.0,3.01,27.0,4,5.4,no,yes,science,5.0,no
87.8,2.9,12.4,2,6.1,no,yes,business,10.0,no
88.2,2.54,20.1,2,7.0,yes,yes,arts,34.0,no
87.0,2.72,15.9,0,7.0,no,no,arts,43.0,no
85.2,2.11,11.7,0,5.6,no,no,business,24.0,no
90.0,2.78,19.5,0,9.0,no,no,science,7.0,no
79.4,2.75,11.8,1,7.9,no,no,business,51.0,no
79.8,2.74,30.4,1,4.9,no,no,business,62.0,no
83.7,2.29,18.1,5,6.5,no,no,science,52.0,no
96.1,4.0,17.3,0,9.0,yes,yes,business,46.0,no
96.7,3.13,12.9,1,5.3,no,no,engineering,41.0,no
73.2,1.62,1.3,1,4.8,yes,yes,business,19.0,no
78.9,2.74,5.3,1,8.7,no,no,arts,34.0,no
66.7,2.46,13.1,1,6.3,yes,no,science,5.0,no
91.4,3.15,15.1,1,5.6,no,no,business,15.0,no
79.2,1.99,8.4,1,5.7,yes,no,engineering,25.0,no
98.3,4.0,7.6,1,6.9,no,no,engineering,58.0,no
74.4,2.44,12.4,0,3.8,yes,no,business,71.0,no
79.1,2.45,10.3,0,8.3,no,no,science,57.0,no
85.2,3.4,18.0,2,5.7,yes,no,business,22.0,no
93.4,3.05,13.0,1,7.1,no,no,engineering,19.0,no
82.4,2.6,14.5,1,8.4,no,no,business,36.0,no
76.5,3.1,8.7,1,7.5,yes,no,science,36.0,no
100.0,3.53,13.4,0,6.7,no,no,engineering,27.0,no
94.7,2.41,8.9,0,5.9,no,no,engineering,46.0,no
77.3,2.77,3.5,0,5.9,no,no,arts,42.0,no
91.5,3.07,8.2,0,4.2,yes,no,business,34.0,no
82.4,3.12,18.2,1,7.8,no,no,business,73.0,no
100.0,2.9,13.0,2,2.7,yes,no,engineering,43.0,no
72.3,3.3,14.5,2,7.9,yes,no,arts,45.0,no
97.7,3.1,15.0,1,7.4,yes,yes,engineering,53.0,no
84.1,2.68,0.0,2,6.6,no,no,business,26.0,no
63.0,3.5,3.1,2,5.8,no,no,business,75.0,no
87.5,2.18,16.0,2,10.0,no,no,engineering,41.0,no
97.5,2.67,1.1,1,9.9,no,no,engineering,30.0,no
77.0,2.84,15.6,0,5.3,yes,yes,business,23.0,no
80.1,3.15,9.1,2,7.2,yes,no,business,41.0,no
70.4,3.07,5.1,1,7.1,yes,no,engineering,41.0,no
91.3,3.23,6.5,0,10.0,yes,yes,science,27.0,no
87.3,2.28,12.4,2,8.0,no,no,engineering,20.0,no
66.3,1.44,11.2,1,5.0,yes,no,arts,45.0,no
75.0,3.03,18.7,1,5.2,no,no,arts,37.0,no
83.7,2.79,12.5,1,6.8,no,yes,science,49.0,no
87.2,3.14,12.9,0,2.7,no,yes,science,7.0,no
88.5,3.64,18.4,1,5.4,yes,no,science,44.0,no
92.4,1.55,13.3,0,3.2,no,no,engineering,41.0,no
64.5,3.43,16.8,0,4.7,yes,no,science,33.0,no
69.7,3.31,20.0,1,6.0,yes,yes,engineering,62.0,no
100.0,2.78,10.4,3,8.1,yes,no,business,86.0,no
74.4,2.92,13.4,1,8.7,no,no,science,24.0,no
94.4,2.79,10.9,2,10.0,no,no,arts,24.0,no
100.0,2.38,7.9,0,6.8,yes,no,arts,31.0,no
97.5,3.2,9.3,0,7.6,no,no,business,10.0,no
72.8,2.91,10.2,1,6.6,no,yes,science,41.0,no
79.6,1.82,6.4,3,3.1,yes,yes,engineering,50.0,no
90.0,2.94,6.9,1,5.5,yes,no,engineering,52.0,no
95.8,3.46,18.3,0,6.5,no,no,arts,49.0,no
91.3,3.06,7.8,1,7.7,no,no,arts,34.0,no
92.6,2.33,10.5,2,7.4,yes,yes,engineering,80.0,no
74.6,2.95,11.2,1,6.3,no,no,arts,67.0,no
72.2,2.79,18.3,1,7.3,yes,yes,business,24.0,no
61.9,2.47,10.2,1,5.1,no,no,arts,28.0,no
63.6,3.17,8.3,1,7.0,no,no,science,73.0,no
81.9,3.83,15.1,0,6.9,no,no,science,45.0,no
96.4,3.37,7.5,2,3.7,no,no,arts,44.0,no
82.6,3.03,6.4,4,7.1,yes,yes,engineering,12.0,no
72.2,2.74,18.9,1,8.4,no,yes,arts,42.0,no
93.3,2.43,14.5,2,6.5,no,no,science,42.0,no
96.4,4.0,8.7,2,6.7,no,yes,science,26.0,no
92.4,3.24,7.1,0,5.0,yes,yes,science,15.0,no
68.6,2.81,13.5,2,7.9,yes,no,arts,26.0,no
90.2,3.11,12.6,1,5.5,no,no,engineering,32.0,no
88.6,2.69,7.7,1,6.1,no,no,arts,39.0,no
89.2,3.3,13.6,1,7.7,yes,no,arts,29.0,no
68.9,3.45,21.4,0,4.8,yes,no,business,21.0,no
81.9,3.26,19.9,1,7.2,no,yes,engineering,36.0,no
72.0,2.74,7.6,0,6.9,yes,yes,arts,5.0,no
67.9,2.41,4.7,1,5.9,no,no,science,27.0,no
82.5,2.71,5.6,3,4.3,yes,no,arts,37.0,no
100.0,3.28,6.2,1,6.9,no,no,business,58.0,no
71.4,2.13,14.3,0,4.5,no,no,science,39.0,no
81.6,1.54,17.9,4,7.1,no,no,business,59.0,no
85.1,1.57,22.4,1,4.1,no,no,science,25.0,no
91.3,2.78,17.2,1,5.2,no,yes,arts,12.0,no
70.3,2.13,10.7,0,8.2,no,yes,science,32.0,no
85.1,3.27,20.6,0,4.6,no,no,arts,55.0,no
65.7,2.43,11.0,1,6.7,no,no,engineering,68.0,no
68.7,2.59,16.2,1,10.0,no,no,business,35.0,no
76.4,2.9,16.1,1,5.7,no,yes,science,12.0,no
87.7,2.49,9.9,1,5.0,yes,no,business,26.0,no
60.4,3.84,8.0,3,6.5,yes,no,engineering,27.0,no
78.6,2.56,17.6,2,7.6,no,yes,business,34.0,no
52.7,2.79,11.3,2,8.5,no,yes,business,40.0,no
81.8,2.53,13.7,1,7.1,yes,no,science,64.0,no
85.8,2.9,20.5,1,5.6,no,yes,business,35.0,no
71.6,3.0,5.6,3,7.9,no,yes,arts,20.0,no
68.4,3.71,2.1,5,4.8,yes,no,arts,42.0,no
89.9,3.36,19.1,1,6.9,no,no,engineering,5.0,no
78.1,3.49,11.0,4,4.5,no,yes,arts,33.0,no
86.9,4.0,11.5,2,8.6,no,no,business,33.0,no
77.4,2.84,13.6,0,10.0,yes,no,arts,70.0,no
93.0,2.52,11.6,0,6.5,yes,yes,engineering,13.0,no
60.1,3.1,20.2,3,6.5,yes,yes,arts,50.0,no
66.5,3.11,4.6,1,3.1,no,no,engineering,77.0,no
60.1,3.13,7.8,1,6.0,no,yes,engineering,32.0,no
91.6,3.14,13.3,1,5.1,yes,no,arts,36.0,no
100.0,2.62,18.7,0,7.1,yes,no,engineering,61.0,no
83.8,3.11,6.3,1,5.7,no,no,arts,36.0,no
88.0,1.16,17.2,4,7.1,yes,no,science,5.0,no
83.9,2.49,16.6,1,6.2,no,yes,engineering,58.0,no
100.0,3.26,18.2,1,5.6,no,yes,arts,46.0,no
85.6,3.05,8.8,2,2.3,yes,no,business,73.0,no
83.6,2.84,12.8,1,3.9,no,no,arts,59.0,no
81.1,3.89,23.7,0,6.3,yes,no,business,23.0,no
68.6,3.23,4.5,2,7.3,yes,no,business,10.0,no
75.8,2.82,16.6,1,1.8,no,no,science,46.0,no
93.3,2.83,6.3,4,8.3,no,no,arts,40.0,no
75.7,2.47,1.6,1,8.3,no,no,science,31.0,no
76.4,3.42,18.4,0,7.9,no,yes,science,71.0,no
84.3,2.77,4.4,1,4.7,no,no,business,40.0,no
75.6,2.93,12.1,1,8.6,yes,no,business,74.0,no
96.1,2.52,0.7,0,7.1,yes,no,science,5.0,no
71.8,3.88,16.7,1,3.3,yes,yes,engineering,85.0,no
79.5,2.23,5.8,4,3.5,yes,no,arts,52.0,no
76.6,3.53,11.3,0,5.7,yes,no,engineering,39.0,no
72.5,2.47,12.3,1,7.3,yes,yes,business,21.0,no
84.1,2.46,10.3,4,9.1,no,yes,arts,46.0,no
84.8,2.92,10.1,1,5.7,no,no,business,31.0,no
99.3,2.61,0.5,0,4.6,no,no,science,34.0,no
87.8,4.0,2.5,0,5.8,no,no,science,55.0,no
78.1,2.28,5.9,0,5.8,yes,no,engineering,31.0,no
86.4,3.12,14.4,2,5.6,no,yes,arts,71.0,no
74.4,2.22,3.1,3,4.5,yes,yes,engineering,58.0,no
80.4,3.16,5.7,4,8.3,no,no,business,5.0,no
65.1,3.3,13.9,2,4.7,no,no,business,43.0,no
84.7,3.47,13.9,1,7.4,no,no,arts,64.0,no
99.1,2.21,0.0,1,4.6,no,no,engineering,28.0,no
69.0,2.12,3.2,1,8.7,no,no,engineering,58.0,no
68.6,3.45,21.9,5,4.7,no,no,business,38.0,no
78.7,3.48,8.9,2,8.2,yes,no,science,58.0,no
78.2,3.06,20.2,1,6.0,yes,no,science,11.0,no
93.3,3.57,10.9,1,9.0,no,no,engineering,28.0,no
64.1,4.0,4.3,1,5.4,yes,no,engineering,66.0,no
74.1,2.79,15.1,3,6.1,no,yes,business,28.0,no
78.8,2.23,8.3,1,7.3,yes,no,arts,28.0,no
75.7,3.09,12.7,1,5.1,yes,no,arts,27.0,no
71.9,3.4,12.2,0,7.0,yes,no,business,33.0,no
70.0,3.04,9.5,3,6.4,no,yes,science,5.0,no
77.3,2.79,12.0,0,6.7,no,yes,engineering,46.0,no
76.0,3.0,6.1,0,4.0,no,no,business,10.0,no
89.2,3.26,6.4,0,7.1,yes,no,science,39.0,no
66.1,2.62,5.2,1,5.4,no,no,arts,68.0,no
82.2,2.81,8.1,1,8.1,no,yes,business,37.0,no
93.3,3.41,8.5,2,6.1,yes,yes,business,35.0,no
67.7,2.99,12.9,2,4.0,no,no,science,22.0,no
96.0,2.4,7.4,1,9.1,no,yes,arts,52.0,no
78.2,3.93,5.3,0,3.2,no,no,science,27.0,no
93.0,2.88,11.0,0,6.1,no,yes,engineering,18.0,no
64.7,3.05,16.9,0,5.2,no,yes,engineering,30.0,no
76.0,2.34,11.2,1,5.9,yes,no,business,65.0,no
86.7,3.45,8.6,3,4.2,no,no,arts,32.0,no
81.5,3.43,27.1,1,6.1,yes,no,arts,35.0,no
63.7,3.08,18.9,5,5.2,yes,no,engineering,59.0,no
79.8,2.88,11.1,0,4.9,no,yes,engineering,60.0,no
78.0,2.99,11.8,3,7.0,no,no,arts,36.0,no
75.6,2.74,5.6,0,4.0,yes,no,business,46.0,no
86.9,3.5,5.9,1,4.9,no,no,arts,14.0,no
100.0,2.72,4.5,1,4.2,yes,no,arts,40.0,no
88.5,3.06,8.7,4,7.2,no,yes,arts,36.0,no
87.0,3.37,22.4,2,6.6,yes,no,arts,40.0,no
85.9,3.25,5.4,2,4.7,yes,no,engineering,41.0,no
87.8,3.1,6.7,1,5.6,no,no,engineering,30.0,no
80.1,2.67,14.5,2,6.0,yes,no,arts,44.0,no
78.3,2.91,19.6,4,6.9,yes,no,engineering,45.0,no
76.2,4.0,14.2,0,10.0,yes,no,arts,5.0,no
86.1,2.11,11.0,0,6.7,no,no,science,43.0,no
79.4,2.15,18.6,0,4.1,no,no,business,16.0,no
89.5,2.57,10.0,4,10.0,yes,yes,engineering,44.0,no
67.5,3.41,0.0,3,5.9,yes,no,science,39.0,no
69.8,3.72,3.4,4,8.0,no,no,arts,37.0,no
90.0,3.35,16.0,0,8.7,yes,no,arts,40.0,no
68.8,1.88,18.2,1,7.2,no,no,engineering,32.0,no
83.2,1.92,2.0,1,6.2,yes,no,business,6.0,no
88.3,2.31,4.2,0,4.4,yes,yes,science,5.0,no
75.8,3.34,19.2,1,4.0,no,no,business,66.0,no
95.7,3.62,16.3,2,6.1,yes,no,science,25.0,no
70.2,2.64,17.2,2,8.9,yes,no,business,80.0,no
91.2,2.96,8.9,1,5.8,yes,yes,science,67.0,no
66.2,3.46,14.3,0,6.6,no,no,science,62.0,no
86.3,3.58,8.1,2,3.5,yes,no,arts,6.0,no
90.6,3.36,11.5,2,4.1,yes,yes,engineering,37.0,no
87.7,2.6,7.3,0,3.0,no,no,business,35.0,no
89.5,2.91,4.8,1,7.5,yes,no,engineering,45.0,no
88.2,3.18,11.4,2,8.0,yes,no,science,30.0,no
94.3,2.7,11.0,3,5.7,yes,no,science,20.0,no
100.0,3.56,14.2,1,7.1,yes,yes,business,48.0,no
72.5,2.87,24.3,0,8.1,no,no,business,35.0,no
76.8,3.27,14.5,1,5.0,yes,no,arts,40.0,no
72.7,3.48,5.9,1,10.0,no,no,science,32.0,no
87.3,1.79,4.5,1,8.5,no,no,engineering,77.0,no
63.7,3.64,10.1,1,10.0,no,no,science,55.0,no
63.7,3.48,5.1,0,6.9,no,no,engineering,37.0,no
74.5,3.54,7.3,0,5.9,no,no,science,18.0,no
90.4,3.65,0.0,0,7.8,no,yes,business,11.0,no
76.1,2.91,20.4,1,8.2,yes,yes,arts,12.0,no
73.3,4.0,16.9,3,6.1,yes,no,business,38.0,no
53.9,3.64,15.5,1,6.5,no,yes,arts,46.0,no
82.5,1.88,2.7,1,6.3,yes,yes,science,57.0,no
93.0,2.17,17.6,3,9.7,no,no,science,37.0,no
80.8,2.88,15.4,3,7.0,no,yes,science,59.0,no
77.2,2.6,14.7,1,9.6,no,no,business,15.0,no
98.1,3.68,7.4,1,5.2,no,yes,engineering,5.0,no
79.4,4.0,14.4,2,10.0,no,no,science,12.0,no
75.5,3.85,15.2,4,8.8,yes,no,arts,26.0,no
81.2,3.28,12.3,1,8.6,yes,no,science,40.0,no
82.1,2.35,5.4,0,4.8,yes,yes,engineering,63.0,no
94.8,2.37,1.8,1,8.6,yes,no,business,35.0,no
100.0,3.02,6.4,4,6.1,no,no,science,60.0,no
76.0,4.0,7.6,0,4.4,yes,no,science,22.0,no
91.5,3.04,11.2,1,9.2,yes,no,business,64.0,no
75.6,3.6,10.0,0,8.8,yes,no,business,30.0,no
83.8,3.44,15.3,4,2.6,yes,yes,science,55.0,no
79.8,1.82,14.9,1,7.1,no,yes,engineering,40.0,no
76.8,2.36,17.5,1,5.4,no,no,business,32.0,no
91.1,3.74,22.5,1,7.0,no,yes,science,47.0,no
76.0,2.44,4.3,0,5.3,no,no,business,16.0,no
68.5,3.15,2.7,0,6.0,no,no,engineering,65.0,no
72.0,2.85,9.7,3,10.0,no,no,arts,20.0,no
94.9,3.17,15.4,2,7.4,no,yes,engineering,41.0,no
73.0,3.22,13.2,1,4.9,no,no,science,35.0,no
92.9,3.87,7.0,0,7.8,no,no,business,20.0,no
77.5,2.87,12.2,1,5.0,no,no,science,65.0,no
75.0,2.55,19.6,4,4.5,yes,no,arts,36.0,no
77.7,2.9,17.4,1,10.0,no,no,engineering,36.0,no
68.1,4.0,12.5,3,8.1,yes,yes,engineering,27.0,no
77.5,4.0,2.6,2,9.5,no,no,science,35.0,no
90.8,3.48,8.9,0,4.6,no,no,engineering,46.0,no
100.0,2.81,8.8,0,6.3,no,no,business,75.0,no
81.1,2.56,11.1,2,10.0,yes,yes,science,38.0,no
80.6,3.22,11.8,1,10.0,no,no,science,37.0,no
81.0,4.0,16.7,1,2.3,no,no,science,9.0,no
73.8,3.08,16.6,0,5.6,no,no,science,34.0,no
72.8,3.34,17.5,3,7.0,no,no,engineering,84.0,no
71.7,2.38,10.1,1,4.5,yes,no,engineering,31.0,no
81.2,3.71,2.4,1,6.7,no,no,business,60.0,no
80.1,3.49,0.3,1,6.6,yes,no,science,40.0,no
93.9,4.0,12.7,1,3.1,no,no,science,10.0,no
78.9,3.13,18.8,0,4.5,yes,no,science,16.0,no
76.7,3.14,11.6,2,9.0,yes,no,business,24.0,no
81.5,2.88,17.0,0,6.7,yes,no,engineering,18.0,no
70.4,4.0,17.9,0,5.6,no,no,engineering,20.0,no
87.1,2.76,9.4,1,8.0,yes,no,science,35.0,no
85.4,2.74,10.2,1,5.5,no,no,arts,53.0,no
94.9,2.36,13.1,0,4.1,no,no,science,65.0,no
78.3,1.96,3.4,0,8.2,no,no,science,50.0,no
80.1,3.5,10.6,1,6.3,yes,no,science,37.0,no
100.0,3.5,14.5,0,8.2,yes,yes,business,45.0,no
83.4,2.64,8.9,0,4.9,yes,yes,science,65.0,no
92.5,3.83,1.7,2,6.2,no,no,arts,52.0,no
94.5,3.63,12.7,1,5.5,yes,no,engineering,47.0,no
81.6,3.07,10.3,0,6.5,no,no,engineering,44.0,no
76.0,3.03,2.1,2,5.8,yes,no,arts,30.0,no
83.5,2.8,3.8,1,9.3,yes,no,arts,51.0,no
77.7,3.11,16.0,3,8.6,yes,yes,engineering,37.0,no
83.8,2.88,11.5,1,7.0,yes,no,science,50.0,no
90.5,3.31,17.6,1,4.0,no,no,science,14.0,no
88.9,2.28,14.0,3,6.6,no,no,science,44.0,no
72.4,2.4,6.9,1,9.9,no,no,science,105.0,no
82.4,2.25,15.5,1,8.3,no,yes,arts,15.0,no
81.8,2.64,12.3,2,5.2,no,no,business,37.0,no
86.2,2.93,17.1,0,7.8,yes,no,science,5.0,no
91.8,1.87,16.1,1,6.3,no,yes,arts,12.0,no
100.0,3.21,19.5,0,7.6,no,yes,science,30.0,no
86.3,2.27,10.6,0,6.9,no,no,arts,90.0,no
70.1,2.94,14.0,1,8.7,no,no,engineering,12.0,no
79.2,3.42,7.0,2,10.0,no,no,business,26.0,no
68.3,3.63,8.7,2,8.2,no,no,arts,47.0,no
78.5,2.82,13.5,0,6.8,no,no,arts,43.0,no
84.4,3.56,18.2,0,4.7,no,no,engineering,55.0,no
89.3,3.04,18.6,1,5.4,no,yes,arts,11.0,no
71.8,4.0,20.4,0,7.0,no,no,science,5.0,no
100.0,2.23,13.3,2,7.1,no,no,science,39.0,no
81.1,2.37,2.8,1,8.8,no,yes,business,26.0,no
93.4,3.19,13.2,3,6.3,no,no,arts,87.0,no
83.3,2.01,11.4,2,6.8,no,no,science,70.0,no
95.9,2.17,6.5,2,8.0,no,yes,engineering,55.0,no
85.7,1.97,6.3,2,4.9,no,no,business,5.0,no
76.6,3.36,21.5,0,4.2,no,no,engineering,40.0,no
59.2,3.63,7.1,0,5.6,yes,no,arts,30.0,no
94.8,3.03,17.1,1,7.6,no,yes,engineering,73.0,no
84.1,2.75,6.9,1,5.7,no,yes,arts,40.0,no
77.1,3.09,12.9,0,5.1,no,no,arts,34.0,no
63.3,2.41,9.5,1,8.5,no,no,arts,78.0,no
58.3,3.02,10.6,2,8.7,yes,yes,engineering,66.0,no
72.2,4.0,0.0,1,7.9,yes,yes,arts,46.0,no
67.6,2.62,13.8,1,7.9,yes,no,arts,43.0,no
94.5,2.33,18.4,0,4.7,yes,no,engineering,40.0,no
83.0,2.68,13.4,0,6.3,yes,yes,science,83.0,no
81.6,3.29,14.9,0,4.0,yes,no,engineering,5.0,no
79.2,3.06,16.1,1,7.8,yes,no,engineering,49.0,no
77.1,2.91,21.8,1,7.8,yes,yes,business,42.0,no
73.0,3.81,9.4,2,7.5,no,no,arts,54.0,no
84.6,2.7,6.4,1,5.1,no,yes,arts,20.0,no
69.4,3.67,17.8,1,8.4,no,no,science,48.0,no
82.4,3.11,12.9,1,5.1,yes,no,engineering,16.0,no
72.0,2.77,15.1,0,6.2,yes,no,business,60.0,no
100.0,3.35,14.1,2,6.5,no,no,arts,53.0,no
87.3,3.26,13.0,2,2.7,no,no,science,33.0,no
77.4,3.18,12.6,1,4.2,yes,no,science,37.0,no
63.7,2.48,16.2,1,4.8,yes,no,business,56.0,no
100.0,2.02,16.1,2,7.4,no,no,engineering,49.0,no
79.1,3.37,8.1,1,4.4,yes,yes,engineering,12.0,no
90.8,2.32,11.0,1,10.0,no,no,business,41.0,no
75.3,2.79,11.5,0,6.9,no,yes,arts,49.0,no
96.5,3.67,8.3,1,5.1,no,yes,business,5.0,no
76.6,3.06,3.1,0,3.9,yes,yes,arts,53.0,no
93.2,2.2,16.7,1,5.5,no,no,science,48.0,no
64.8,2.81,6.5,1,9.7,yes,no,engineering,28.0,no
97.3,2.77,17.8,1,8.9,no,no,engineering,25.0,no
86.7,3.54,14.2,1,10.0,no,yes,arts,73.0,no
54.8,3.05,1.6,2,6.5,yes,yes,arts,80.0,no
93.1,3.44,17.4,3,2.9,yes,no,business,21.0,no
95.9,3.9,10.1,1,5.5,yes,no,arts,42.0,no
80.9,3.55,22.6,3,5.0,no,no,business,16.0,no
81.4,2.92,14.8,2,10.0,yes,no,engineering,36.0,no
95.8,1.99,2.2,0,8.0,yes,no,science,21.0,no
77.7,2.75,7.7,0,8.7,yes,no,science,80.0,no
71.3,2.67,11.0,2,8.7,no,yes,science,5.0,no
86.4,1.77,15.4,1,5.0,yes,no,science,42.0,no
75.8,3.45,13.8,2,4.7,yes,no,business,22.0,no
93.5,2.97,7.1,3,4.3,no,no,arts,37.0,no
86.7,3.63,4.7,1,5.4,yes,no,science,55.0,no
72.9,2.56,5.7,1,4.5,no,no,arts,41.0,no
90.9,2.65,17.3,0,4.9,no,no,science,51.0,no
68.4,2.94,22.4,1,7.3,yes,yes,engineering,5.0,no
82.7,3.69,15.2,5,6.3,yes,yes,business,22.0,no
71.6,2.1,17.6,1,7.5,yes,no,business,47.0,no
90.7,2.49,13.7,3,6.4,no,no,arts,25.0,no
85.7,2.46,19.3,2,10.0,no,no,arts,28.0,no
89.9,3.8,12.4,2,5.9,yes,no,engineering,5.0,no
71.7,2.31,16.3,0,7.6,no,no,engineering,24.0,no
74.5,3.42,7.6,2,4.6,no,no,engineering,61.0,no
67.5,2.71,21.3,2,5.6,no,no,arts,67.0,no
72.9,3.99,8.0,1,7.5,yes,yes,business,65.0,no
80.8,3.65,5.8,1,6.1,no,no,engineering,5.0,no
72.7,3.18,12.5,3,7.2,yes,no,science,31.0,no
78.9,2.68,14.4,0,6.3,yes,no,engineering,45.0,no
95.0,2.91,17.2,2,4.9,no,no,engineering,43.0,no
65.5,2.72,8.1,2,4.9,no,no,business,8.0,no
96.1,3.48,5.6,0,5.1,yes,no,engineering,28.0,no
70.6,2.41,12.9,1,4.9,no,no,arts,71.0,no
95.2,3.07,11.4,2,8.9,no,no,science,25.0,no
87.5,2.22,13.2,0,5.4,no,yes,science,16.0,no
77.0,3.07,20.5,2,6.0,no,yes,science,45.0,no
83.9,3.02,13.0,0,6.7,no,yes,science,35.0,no
93.9,3.57,14.1,3,7.1,yes,no,science,16.0,no
68.3,3.43,8.9,0,6.7,yes,no,science,37.0,no
79.1,3.57,17.0,0,5.6,no,no,engineering,23.0,no
97.5,2.75,17.6,4,4.5,no,no,arts,39.0,no
81.2,3.48,12.1,0,6.8,no,no,science,5.0,no
88.5,3.75,8.6,0,8.3,no,no,arts,40.0,no
65.9,2.71,10.4,3,6.0,no,no,business,37.0,no
87.2,3.35,12.6,4,7.7,no,yes,business,43.0,no
79.0,2.83,12.3,3,7.1,no,yes,science,15.0,no
96.7,3.17,2.7,4,3.6,no,no,science,76.0,no
78.0,3.65,8.4,1,6.1,yes,no,arts,17.0,no
71.7,2.73,12.7,3,5.5,no,no,arts,13.0,no
80.4,3.19,6.7,1,4.5,no,no,science,54.0,no
66.2,3.62,12.5,2,6.5,no,no,arts,25.0,no
100.0,2.57,8.9,2,5.7,no,yes,engineering,74.0,no
88.3,1.9,10.7,2,6.8,no,no,business,28.0,no
83.3,3.21,14.2,1,6.8,no,no,science,43.0,no
83.5,2.88,11.1,2,6.7,no,no,business,22.0,no
74.5,2.47,10.2,0,6.7,no,no,arts,34.0,no
64.4,3.17,21.5,0,6.8,yes,no,arts,85.0,no
87.8,2.71,4.1,0,5.1,yes,no,business,13.0,no
70.7,3.0,6.9,2,6.2,no,no,arts,5.0,no
97.6,3.77,14.8,0,6.8,no,no,business,32.0,no
71.9,3.06,14.5,2,4.2,yes,no,arts,38.0,no
73.7,2.46,6.4,0,2.6,no,no,science,26.0,no
95.8,2.85,7.2,4,4.3,no,no,engineering,54.0,no
64.3,2.8,14.8,1,2.1,yes,no,arts,107.0,no
100.0,2.71,9.7,1,4.4,no,no,engineering,28.0,no
69.7,2.12,8.7,2,5.9,no,no,business,18.0,no
79.1,2.9,5.6,0,5.3,yes,no,science,34.0,no
61.4,3.69,20.9,0,8.5,no,no,arts,39.0,no
85.7,2.74,12.2,3,8.0,no,yes,science,37.0,no
73.7,2.42,8.9,1,2.0,yes,no,engineering,21.0,no
86.3,1.15,10.1,0,3.7,no,no,business,42.0,no
74.1,2.47,22.4,2,10.0,yes,no,arts,66.0,no
78.4,2.85,12.3,0,3.8,no,no,engineering,48.0,no
79.9,2.17,12.2,1,6.1,no,no,science,90.0,no
100.0,2.75,16.7,1,3.4,yes,yes,business,29.0,no
68.3,3.53,10.0,3,9.5,yes,no,arts,38.0,no
81.2,2.72,6.1,0,4.7,no,no,science,68.0,no
69.2,3.07,6.3,1,4.9,no,yes,science,37.0,no
71.0,3.44,18.2,1,8.2,no,no,arts,9.0,no
83.5,3.25,16.0,0,5.7,no,yes,science,42.0,no
72.6,2.73,3.7,0,8.6,no,yes,science,41.0,no
93.5,3.29,3.0,0,9.2,yes,no,engineering,40.0,no
80.3,3.05,3.4,3,8.1,yes,no,business,33.0,no
63.8,4.0,26.6,0,8.5,yes,no,science,32.0,no
86.4,2.5,15.0,1,9.2,no,no,science,55.0,no
100.0,1.77,14.3,0,7.5,no,no,science,27.0,no
83.4,2.45,16.5,2,4.4,yes,no,science,47.0,no
81.0,3.11,15.1,0,4.8,no,no,arts,43.0,no
95.3,3.53,0.0,2,8.1,no,no,business,32.0,no
75.0,2.45,16.8,1,6.9,yes,yes,science,28.0,no
71.9,2.16,3.5,1,6.1,yes,no,engineering,52.0,no
79.1,3.64,11.7,0,5.1,yes,no,engineering,101.0,no
71.4,2.89,13.2,1,4.1,no,no,arts,5.0,no
75.2,3.36,14.0,0,4.0,no,no,business,21.0,no
67.0,3.01,11.3,1,7.9,no,no,engineering,59.0,no
71.7,2.9,13.8,1,7.3,no,no,arts,23.0,no
100.0,2.34,8.4,1,3.8,no,no,business,38.0,no
78.0,2.29,11.9,2,8.1,no,no,engineering,37.0,no
95.0,2.45,9.5,0,4.8,no,no,business,5.0,no
64.9,1.79,7.2,2,4.7,no,no,arts,69.0,no
93.4,3.43,9.7,2,3.8,yes,yes,arts,45.0,no
79.0,3.48,2.6,1,7.2,yes,yes,science,71.0,no
94.1,3.39,10.2,0,8.0,yes,no,science,32.0,no
96.7,2.84,4.7,0,4.1,yes,no,arts,32.0,no
87.6,3.7,11.8,0,10.0,no,no,business,20.0,no
69.4,2.96,18.5,1,7.4,yes,no,engineering,17.0,no
71.2,3.5,11.0,1,6.5,yes,no,business,39.0,no
69.7,2.86,15.7,0,8.0,yes,no,engineering,91.0,no
100.0,3.1,15.2,2,5.0,yes,no,business,36.0,no
83.8,2.89,16.5,0,8.1,no,no,engineering,69.0,no
62.7,3.07,13.4,0,7.8,no,no,science,43.0,no
80.6,2.7,13.8,2,7.8,yes,no,science,76.0,no
82.7,2.96,6.9,0,7.4,no,no,engineering,36.0,no
87.6,2.91,14.0,2,5.9,no,no,science,25.0,no
86.1,3.04,12.6,0,6.2,no,no,arts,36.0,no
84.9,2.71,13.1,4,8.0,yes,no,engineering,49.0,no
93.2,1.83,13.0,2,5.5,yes,no,engineering,37.0,no
74.2,3.34,18.0,0,8.8,yes,no,engineering,33.0,no
85.9,3.43,23.4,0,5.7,yes,yes,business,66.0,no
83.7,3.12,21.8,1,6.5,yes,no,engineering,39.0,no
93.2,2.88,18.4,2,4.2,no,yes,engineering,47.0,no
73.9,2.55,14.7,1,7.6,yes,yes,engineering,32.0,no
83.6,3.87,5.6,1,6.7,yes,no,arts,41.0,no
89.8,3.5,13.5,2,5.8,yes,no,engineering,17.0,no
95.7,2.06,17.6,5,5.5,no,no,arts,34.0,no
87.1,2.67,14.6,1,7.3,no,no,engineering,54.0,no
74.8,2.5,19.3,0,6.1,yes,no,business,6.0,no
75.6,3.47,10.0,2,6.3,no,no,engineering,40.0,no
52.0,3.34,8.0,2,8.3,no,no,business,5.0,no
93.2,3.64,13.7,0,9.0,no,yes,engineering,5.0,no
72.1,2.34,22.0,1,4.9,no,no,engineering,5.0,no
76.7,3.34,18.0,3,7.5,no,no,business,19.0,no
71.0,2.23,12.8,0,6.5,no,no,science,59.0,no
79.4,3.15,1.8,2,6.7,no,no,arts,44.0,no
70.5,3.43,17.3,0,4.7,no,yes,arts,36.0,no
79.2,3.25,12.4,3,6.2,no,no,engineering,14.0,no
90.8,2.84,10.6,1,6.1,no,no,arts,73.0,no
59.0,2.55,9.0,0,8.8,no,yes,business,63.0,no
82.7,2.85,13.0,1,5.2,no,no,engineering,19.0,no
94.1,3.6,10.3,1,7.2,no,no,business,48.0,no
83.7,3.43,10.2,1,6.6,no,no,engineering,37.0,no
93.7,2.02,15.5,1,8.1,yes,no,arts,30.0,no
89.2,2.88,20.8,1,3.9,no,no,engineering,42.0,no
62.5,3.74,12.0,1,5.3,no,no,business,44.0,no
88.5,2.95,10.7,3,7.9,no,no,engineering,7.0,no
87.0,3.21,13.7,2,5.3,no,no,business,34.0,no
88.3,3.14,11.8,0,4.6,yes,yes,engineering,46.0,no
80.3,2.87,14.1,4,7.3,yes,no,arts,43.0,no
60.2,3.6,7.6,2,8.3,no,no,engineering,58.0,no
74.4,3.19,14.5,1,7.2,no,no,arts,65.0,no
68.4,3.0,11.1,1,10.0,yes,no,business,35.0,no
71.5,3.68,12.2,2,4.2,no,no,science,51.0,no
86.9,3.46,11.1,2,7.0,no,yes,business,28.0,no
88.0,4.0,17.1,2,6.9,no,yes,business,28.0,no
74.4,2.99,11.8,1,5.8,no,yes,science,39.0,no
86.7,2.09,20.4,1,6.2,yes,no,engineering,83.0,no
80.3,2.43,2.8,0,9.3,yes,no,science,38.0,no
81.1,2.85,9.6,0,5.0,yes,no,science,51.0,no
99.5,1.93,6.0,1,10.0,yes,yes,science,48.0,no
76.9,1.86,9.2,4,5.3,no,no,business,46.0,no
82.9,2.95,7.2,2,9.5,yes,yes,engineering,21.0,no
97.6,3.57,23.3,0,1.3,yes,no,engineering,69.0,no
76.1,3.16,10.6,2,6.7,no,no,engineering,65.0,no
74.1,1.62,14.6,0,3.2,no,no,arts,37.0,no
76.0,2.87,16.2,0,4.7,no,no,business,65.0,no
90.4,3.52,6.1,0,4.9,no,no,business,61.0,no
86.2,2.4,11.7,1,4.0,no,no,arts,15.0,no
80.5,3.09,13.8,2,6.3,no,no,arts,36.0,no
90.7,4.0,25.1,1,6.6,no,no,arts,20.0,no
95.7,2.66,9.4,0,4.7,yes,no,business,55.0,no
94.0,1.78,8.4,2,6.7,no,no,business,5.0,no
96.1,3.01,17.0,1,6.3,no,no,science,11.0,no
78.4,3.55,13.1,3,5.7,no,yes,engineering,6.0,no
74.5,2.82,4.3,2,6.7,no,no,engineering,37.0,no
86.9,2.61,18.2,1,3.8,no,no,arts,79.0,no
78.3,3.12,8.0,1,10.0,yes,no,arts,31.0,no
89.9,3.7,13.8,1,7.9,no,yes,business,35.0,no
94.5,3.58,16.4,2,7.5,no,no,science,59.0,no
87.7,2.28,21.2,1,6.3,yes,no,engineering,47.0,no
80.1,4.0,12.1,2,7.8,no,no,science,30.0,no
81.1,2.68,11.0,2,3.8,no,no,business,28.0,no
82.2,3.17,10.8,1,3.2,no,yes,science,40.0,no
61.7,4.0,16.3,0,5.4,yes,no,science,15.0,no
92.1,1.9,16.9,1,7.6,yes,no,business,44.0,no
91.5,1.64,21.2,4,7.1,yes,no,business,30.0,no
75.1,2.96,10.6,1,3.9,no,no,engineering,66.0,no
82.8,2.85,13.7,2,3.8,no,no,arts,21.0,no
90.6,3.61,10.6,3,10.0,yes,no,arts,70.0,no
73.4,2.37,14.2,1,6.3,no,no,arts,31.0,no
79.3,2.42,11.3,1,6.0,yes,yes,business,63.0,no
81.3,3.28,5.0,2,6.3,no,no,business,32.0,no
78.7,3.77,13.8,3,6.6,no,no,science,29.0,no
74.2,3.46,10.9,0,7.8,no,no,science,77.0,no
77.0,3.48,11.9,0,7.1,no,no,science,39.0,no
80.9,3.53,7.3,0,8.5,no,yes,science,63.0,no
74.0,1.62,10.4,0,5.8,no,yes,engineering,61.0,no
100.0,2.07,17.7,0,6.3,yes,no,engineering,27.0,no
70.1,3.28,21.2,2,3.8,yes,no,science,54.0,no
94.3,2.51,18.0,1,3.6,no,no,arts,51.0,no
86.4,2.82,12.0,2,7.5,no,no,engineering,19.0,no
86.2,2.43,15.5,0,5.3,no,no,engineering,40.0,no
79.3,2.0,17.3,0,7.9,no,yes,science,36.0,no
89.2,3.73,10.1,1,7.9,no,no,business,38.0,no
73.5,2.41,3.1,1,7.2,no,yes,arts,22.0,no
95.8,2.91,24.2,1,4.7,no,yes,business,16.0,no
77.6,2.36,20.3,0,5.6,yes,no,science,28.0,no
85.3,4.0,7.9,1,4.1,yes,no,arts,36.0,no
60.2,3.37,6.2,2,2.5,yes,no,science,60.0,no
62.6,3.42,20.0,0,3.2,no,yes,engineering,32.0,no
76.4,2.76,10.2,1,7.0,yes,no,business,32.0,no
84.8,2.97,6.9,0,8.7,no,no,engineering,72.0,no
76.0,3.82,11.0,3,5.1,yes,no,engineering,56.0,no
83.5,2.35,17.0,0,8.2,yes,no,science,72.0,no
79.5,2.92,18.6,1,5.9,no,no,science,51.0,no
86.4,3.19,14.8,0,8.6,yes,yes,arts,16.0,no
73.2,3.16,8.1,0,7.9,yes,yes,science,22.0,no
88.3,2.24,7.3,2,3.9,no,yes,engineering,53.0,no
73.8,3.95,21.0,3,5.8,no,no,engineering,18.0,no
81.2,2.38,6.2,0,6.2,yes,no,arts,28.0,no
91.4,3.13,5.2,4,8.0,no,no,arts,33.0,no
74.5,3.49,10.2,0,8.7,yes,yes,business,30.0,no
83.2,2.92,27.1,2,7.4,yes,no,engineering,19.0,no
79.4,2.27,10.4,1,8.3,no,no,engineering,41.0,no
53.1,2.59,18.4,0,6.8,yes,no,business,32.0,no
98.4,3.3,2.0,1,7.2,yes,no,engineering,5.0,no
73.1,2.73,5.6,3,5.2,no,yes,business,65.0,no
84.2,2.44,6.7,1,8.0,no,yes,science,24.0,no
77.5,3.67,0.0,3,6.3,no,no,engineering,19.0,no
98.2,3.4,11.6,2,9.2,no,yes,engineering,6.0,no
91.9,2.64,12.1,0,6.7,yes,yes,arts,32.0,no
82.3,3.46,10.9,2,6.8,yes,no,business,27.0,no
94.2,3.11,7.0,1,7.9,no,no,arts,34.0,no
93.8,3.3,13.1,3,5.6,yes,no,arts,58.0,no
95.6,3.29,18.3,2,7.8,no,yes,business,53.0,no
100.0,3.18,0.0,2,6.6,no,no,business,34.0,no
80.8,4.0,14.4,1,5.6,yes,no,science,41.0,no
82.9,2.82,7.9,2,7.2,no,no,business,20.0,no
88.7,1.99,1.6,3,10.0,yes,no,science,77.0,no
72.9,3.34,18.6,2,7.2,no,no,business,41.0,no
89.0,2.3,7.8,0,7.2,no,no,science,51.0,no
79.8,3.09,16.6,2,8.6,yes,yes,engineering,42.0,no
77.1,3.86,4.3,0,5.9,yes,yes,arts,37.0,no
76.7,4.0,18.7,1,9.4,no,no,business,6.0,no
93.6,3.39,17.2,1,6.5,no,no,business,5.0,no
75.4,3.21,19.3,2,5.7,no,no,engineering,88.0,no
74.9,3.86,15.7,1,3.0,no,no,business,29.0,no
78.1,2.85,5.4,2,8.4,no,no,engineering,26.0,no
55.6,3.25,20.8,4,4.2,yes,no,engineering,66.0,no
73.4,2.38,12.1,1,5.7,no,no,engineering,36.0,no
100.0,3.76,11.4,3,3.8,no,yes,science,36.0,no
84.8,2.9,13.4,1,7.0,no,yes,engineering,34.0,no
86.2,3.4,7.6,0,5.2,no,yes,arts,76.0,no
78.2,2.6,16.7,0,9.9,no,no,business,71.0,no
89.6,2.31,7.7,2,4.9,yes,no,science,56.0,no
96.1,2.42,8.4,1,4.0,no,no,arts,61.0,no
66.6,3.18,9.8,1,6.7,no,no,arts,35.0,no
80.3,3.39,9.9,0,7.7,no,no,arts,25.0,no
96.6,2.46,9.2,0,5.2,yes,no,science,89.0,no
86.5,2.44,3.6,2,7.1,yes,yes,business,55.0,no
91.9,4.0,7.6,3,7.9,yes,no,science,43.0,no
79.0,3.79,8.6,2,4.6,no,no,science,19.0,no
93.3,3.48,4.7,2,6.8,no,no,business,21.0,no
94.9,3.17,11.4,0,10.0,no,no,science,17.0,no
91.0,3.74,15.5,0,5.7,yes,no,arts,12.0,no
79.1,2.84,13.0,1,5.3,no,yes,engineering,38.0,no
81.5,3.05,0.0,0,5.3,no,no,business,5.0,no
56.6,2.87,14.1,1,5.6,yes,yes,business,57.0,no
83.0,3.0,15.6,2,5.2,no,yes,science,40.0,no
85.3,2.91,15.9,0,10.0,no,no,business,26.0,no
94.0,2.2,11.3,1,6.0,no,no,arts,50.0,no
72.5,3.4,12.2,2,6.1,no,yes,science,14.0,no
81.9,2.96,15.7,2,7.4,no,no,business,17.0,no
61.2,2.83,22.1,0,6.6,yes,no,arts,43.0,no
78.5,3.03,13.3,0,3.6,no,no,science,28.0,no
77.2,3.4,2.5,0,4.7,yes,no,engineering,16.0,no
66.3,2.39,8.2,0,8.0,no,no,arts,16.0,no
52.1,3.41,7.3,5,7.0,yes,no,business,45.0,no
78.8,4.0,5.6,2,1.3,no,no,science,25.0,no
97.6,1.85,20.3,2,3.7,no,no,arts,5.0,no
75.9,4.0,14.7,2,5.8,no,no,business,38.0,no
77.1,1.94,15.9,0,6.4,yes,no,science,73.0,no
70.7,3.03,5.2,0,4.5,no,yes,engineering,27.0,no
98.9,2.9,15.4,0,3.0,yes,yes,arts,37.0,no
67.5,3.22,12.7,0,7.2,no,no,engineering,68.0,no
65.9,2.47,22.0,0,7.0,yes,no,science,66.0,no
82.7,2.04,20.9,1,5.7,no,no,science,42.0,no
98.6,3.38,0.0,1,6.0,no,yes,arts,50.0,no
94.5,2.68,9.4,1,5.1,yes,no,business,72.0,no
66.6,1.74,21.4,4,4.3,yes,no,science,40.0,no
74.0,3.02,5.6,0,6.2,yes,no,arts,41.0,no
82.9,2.31,9.9,2,7.5,yes,yes,arts,41.0,no
56.7,2.28,13.3,0,5.2,no,no,science,42.0,no
86.2,1.68,11.5,1,1.9,no,no,business,9.0,no
100.0,1.85,21.2,0,6.0,yes,no,arts,40.0,no
73.8,3.04,7.9,2,6.2,yes,no,engineering,44.0,no
86.1,3.64,11.8,2,7.3,yes,no,engineering,60.0,no
73.4,3.25,14.1,1,7.9,yes,no,engineering,40.0,no
85.4,3.98,15.3,2,9.2,no,no,arts,5.0,no
80.1,2.17,10.9,2,7.6,yes,no,business,12.0,no
81.0,2.71,13.8,1,5.1,no,no,engineering,58.0,no
71.0,2.6,13.9,4,5.3,no,no,engineering,36.0,no
87.4,3.15,10.8,1,5.9,no,no,arts,47.0,no
93.4,3.47,13.6,0,6.4,yes,yes,arts,5.0,no
82.3,2.65,16.5,0,7.4,no,no,engineering,33.0,no
100.0,3.61,15.5,2,8.4,no,yes,arts,33.0,no
79.4,2.73,13.9,1,7.7,yes,no,arts,25.0,no
78.3,2.7,13.3,1,7.7,no,yes,business,31.0,no
73.3,3.24,12.5,7,5.8,yes,no,science,59.0,no
94.4,2.51,5.1,1,7.2,no,yes,engineering,50.0,no
72.7,3.07,22.3,0,7.3,no,no,engineering,49.0,no
62.7,3.27,12.4,2,7.7,no,yes,arts,68.0,no
83.4,2.94,20.4,1,4.4,no,no,science,100.0,no
76.0,2.37,3.9,3,6.5,yes,no,engineering,43.0,no
70.7,3.45,9.4,1,6.1,no,no,engineering,45.0,no
74.9,2.33,17.0,2,5.5,no,no,science,50.0,no
84.7,3.76,14.5,4,4.7,no,no,arts,5.0,no
85.1,3.23,6.5,1,6.7,yes,no,engineering,28.0,no
93.7,3.45,7.4,1,6.1,no,yes,arts,52.0,no
87.1,3.0,18.1,1,6.1,no,no,business,58.0,no
94.8,3.29,15.6,3,2.2,yes,no,arts,32.0,no
100.0,3.57,0.0,0,6.5,yes,yes,business,40.0,no
68.6,2.74,10.5,1,7.6,yes,yes,business,38.0,no
97.6,3.21,6.9,1,7.4,no,no,science,43.0,no
87.9,2.27,4.4,0,4.0,yes,no,science,8.0,no
72.3,2.97,13.8,0,4.8,no,no,business,5.0,no
75.9,3.38,0.9,2,6.1,yes,yes,engineering,5.0,no
90.7,2.68,16.5,2,4.6,yes,yes,science,70.0,no
95.2,3.25,12.0,1,6.1,no,yes,science,16.0,no
80.2,2.82,12.4,2,6.6,no,no,science,43.0,no
78.6,3.19,6.3,2,5.9,yes,yes,science,42.0,no
100.0,2.62,6.6,2,4.8,no,no,business,67.0,no
79.0,2.68,13.4,4,6.9,yes,no,science,22.0,no
77.3,2.62,19.7,3,8.9,no,no,business,58.0,no
87.0,3.03,18.0,1,3.6,no,no,engineering,7.0,no
73.7,2.93,12.8,4,3.5,yes,no,arts,37.0,no
81.7,2.45,0.0,2,2.0,yes,yes,science,28.0,no
78.9,3.1,0.0,3,5.1,no,no,science,41.0,no
71.4,2.78,12.3,1,4.4,no,yes,science,66.0,no
88.5,2.67,11.5,2,5.4,no,no,engineering,32.0,no
76.5,1.61,11.2,0,8.6,yes,yes,business,9.0,no
77.7,2.65,5.4,0,6.3,yes,yes,engineering,24.0,no
96.5,3.84,21.5,2,7.4,no,no,arts,28.0,no
70.7,3.24,4.7,0,5.9,no,no,science,43.0,no
90.4,2.33,9.2,1,6.0,no,no,science,28.0,no
86.5,2.93,12.6,2,6.1,yes,no,engineering,28.0,no
100.0,3.56,18.6,2,5.1,yes,yes,business,60.0,no
78.8,2.88,2.0,0,5.3,yes,no,business,23.0,no
90.4,3.15,10.5,1,6.5,no,no,science,30.0,no
63.6,3.25,23.7,1,4.6,no,yes,arts,28.0,no
100.0,2.36,3.7,1,6.4,yes,no,arts,42.0,no
64.8,3.78,14.5,1,6.0,no,no,engineering,22.0,no
79.0,3.02,17.2,1,5.7,no,no,science,29.0,no
85.7,3.8,16.2,4,7.4,yes,no,arts,5.0,no
92.8,2.71,20.8,0,3.9,no,no,arts,33.0,no
100.0,3.85,2.0,1,5.6,no,yes,science,47.0,no
83.5,3.23,16.7,0,8.1,no,no,engineering,26.0,no
80.3,3.04,5.8,1,5.7,yes,yes,engineering,44.0,no
100.0,3.28,8.9,0,4.9,no,no,science,53.0,no
69.2,2.75,4.7,1,9.6,no,no,business,67.0,no
85.2,2.63,10.6,0,7.3,no,yes,business,20.0,no
84.6,2.13,12.4,0,5.7,no,no,engineering,52.0,no
86.7,2.71,16.8,0,4.5,yes,no,business,42.0,no
88.0,1.78,10.4,1,2.3,no,no,business,60.0,no
61.1,2.31,6.3,1,4.3,no,no,science,67.0,no
73.4,2.59,11.9,0,6.7,no,no,arts,36.0,no
78.3,2.52,16.1,0,6.7,no,no,business,42.0,no
72.5,2.46,14.4,1,7.2,no,no,business,41.0,no
86.0,3.62,8.9,2,6.0,yes,no,science,79.0,no
60.5,2.47,14.9,2,3.7,no,no,science,85.0,no
85.9,2.41,8.0,1,7.5,yes,no,science,55.0,no
80.4,2.61,9.2,1,7.9,no,no,business,42.0,no
90.6,3.52,20.5,2,6.1,no,yes,science,44.0,no
100.0,2.97,11.7,1,5.2,no,no,science,9.0,no
81.8,3.08,7.6,0,3.0,no,no,science,49.0,no
85.8,3.41,14.7,2,6.4,no,no,arts,5.0,no
100.0,3.87,19.9,1,2.7,no,yes,engineering,46.0,no
73.7,3.51,2.3,1,6.9,yes,no,arts,52.0,no
87.5,2.64,7.9,1,5.0,no,no,engineering,24.0,no
79.7,3.4,14.5,0,8.3,yes,no,arts,52.0,no
95.1,4.0,23.6,3,8.6,yes,no,engineering,58.0,no
91.2,3.6,18.5,1,4.3,no,no,engineering,18.0,no
82.5,3.25,10.9,0,7.9,yes,yes,science,36.0,no
100.0,3.82,15.5,1,7.4,no,no,arts,12.0,no
80.6,3.16,20.7,0,7.0,no,no,science,44.0,no
94.0,3.59,12.7,1,5.5,no,no,science,32.0,no
84.2,2.66,12.7,0,5.2,no,no,business,34.0,no
80.9,3.39,17.5,2,5.1,no,no,science,39.0,no
83.8,1.95,8.3,1,7.7,no,yes,engineering,69.0,no
72.5,2.63,20.1,0,8.2,yes,no,science,45.0,no
95.5,3.62,11.2,0,4.2,no,yes,arts,20.0,no
67.7,3.25,15.6,0,8.4,no,no,engineering,5.0,no
76.6,2.7,12.0,3,6.8,yes,yes,science,38.0,no
85.5,1.7,7.9,1,5.2,no,no,business,32.0,no
85.9,2.22,11.1,1,7.5,no,no,science,74.0,no
94.8,3.06,15.3,2,5.8,yes,no,arts,57.0,no
94.8,3.08,8.3,2,3.8,yes,yes,engineering,67.0,no
81.6,2.89,5.6,4,6.2,no,no,science,51.0,no
84.2,2.84,13.0,2,2.6,no,yes,business,49.0,no
75.7,3.71,11.1,0,8.5,no,no,arts,45.0,no
78.4,3.27,14.1,1,5.9,no,no,arts,21.0,no
65.7,2.76,3.7,0,8.4,no,yes,engineering,43.0,no
87.9,2.22,11.2,3,7.3,no,yes,business,27.0,no
85.5,2.74,11.3,3,6.8,no,yes,arts,29.0,no
89.7,3.38,10.9,0,6.7,no,no,engineering,30.0,no
81.7,3.54,10.8,0,6.8,yes,yes,arts,18.0,no
93.2,3.66,10.4,1,10.0,no,no,science,54.0,no
80.5,2.79,18.4,0,5.2,no,no,arts,17.0,no
94.4,3.49,10.2,1,5.9,no,no,science,17.0,no
99.3,3.68,11.0,0,5.7,yes,yes,business,51.0,no
85.5,3.02,16.3,3,5.7,yes,yes,arts,75.0,no
84.8,2.15,23.7,1,5.9,yes,no,science,36.0,no
56.6,1.68,13.1,1,10.0,no,no,engineering,23.0,no
100.0,2.97,9.7,2,5.0,yes,no,arts,26.0,no
90.0,1.58,16.0,2,8.5,no,no,business,39.0,no
83.7,3.91,4.5,0,5.3,no,no,science,31.0,no
78.4,3.01,15.0,1,4.0,no,no,engineering,21.0,no
73.2,2.62,10.9,2,8.7,yes,no,business,19.0,no
90.7,3.96,11.7,3,8.8,yes,no,business,12.0,no
69.8,3.31,1.6,2,3.0,yes,no,science,44.0,no
94.4,3.27,17.7,1,3.9,yes,yes,science,55.0,no
97.8,2.47,19.4,1,5.0,yes,no,business,83.0,no
82.4,2.93,7.0,0,7.6,yes,no,science,5.0,no
60.9,2.87,13.1,2,9.1,yes,no,arts,27.0,no
80.2,2.69,2.2,0,4.7,no,no,science,81.0,no
81.3,2.8,11.3,3,2.8,no,no,arts,33.0,no
74.3,2.05,9.4,1,5.9,no,no,business,32.0,no
100.0,1.44,18.9,1,6.2,yes,no,arts,36.0,no
60.5,2.4,13.9,1,5.2,no,yes,business,54.0,no
88.1,3.15,9.4,1,7.6,yes,no,science,71.0,no
64.5,3.94,10.8,1,5.2,yes,no,engineering,42.0,no
86.1,3.54,15.0,0,8.5,no,yes,engineering,54.0,no
68.5,2.94,13.9,2,6.5,no,no,science,29.0,no
100.0,3.01,14.9,1,5.5,no,no,science,61.0,no
73.1,3.16,19.1,4,7.2,yes,no,arts,40.0,no
74.1,3.02,14.8,0,6.0,no,no,arts,6.0,no
84.6,2.02,24.9,1,8.1,yes,no,arts,28.0,no
60.4,2.83,9.2,1,8.3,yes,no,engineering,31.0,no
97.1,3.47,4.1,2,9.3,no,no,arts,5.0,no
91.8,3.02,26.7,2,4.9,no,no,arts,25.0,no
91.5,2.9,14.6,1,2.7,no,no,engineering,40.0,no
67.9,3.67,9.9,1,10.0,yes,no,business,78.0,no
76.9,1.89,15.4,1,5.9,yes,no,arts,31.0,no
95.8,3.36,13.7,1,7.2,yes,no,engineering,60.0,no
90.6,2.53,16.3,0,5.5,no,no,science,6.0,no
79.6,2.95,14.0,4,7.5,no,no,science,5.0,no
91.2,2.45,19.5,3,7.8,no,yes,engineering,34.0,no
88.5,3.12,8.7,2,6.7,no,no,business,21.0,no
66.6,2.33,15.8,0,3.5,no,yes,engineering,37.0,no
100.0,1.47,26.1,1,5.5,no,yes,engineering,48.0,no
79.9,2.68,19.7,0,2.5,yes,yes,arts,26.0,no
99.5,2.7,2.9,1,5.7,no,no,business,14.0,no
79.2,2.01,12.2,1,9.7,yes,no,business,64.0,no
79.7,1.88,21.6,3,3.4,yes,no,arts,50.0,no
88.4,3.92,10.7,4,2.8,no,yes,engineering,81.0,no
97.9,3.32,9.4,0,7.6,yes,no,science,6.0,no
80.7,4.0,13.5,0,4.7,yes,no,engineering,5.0,no
72.3,4.0,1.7,2,2.9,no,yes,science,16.0,no
77.4,2.82,15.0,0,5.4,no,yes,science,27.0,no
92.1,2.2,12.8,2,7.3,yes,no,engineering,34.0,no
59.4,3.13,13.9,0,6.2,yes,no,engineering,37.0,no
93.0,2.74,12.2,1,9.3,no,no,engineering,64.0,no
95.7,2.64,15.0,2,6.4,yes,no,arts,71.0,no
82.7,3.99,12.7,1,8.6,no,no,business,64.0,no
71.9,2.85,5.6,3,5.0,yes,no,science,47.0,no
95.9,2.96,3.6,0,8.6,no,no,business,43.0,no
85.4,2.32,16.1,0,6.2,no,no,science,59.0,no
86.4,3.9,10.9,0,2.8,yes,no,arts,5.0,no
73.4,3.16,14.8,2,4.0,no,no,business,25.0,no
72.6,4.0,13.8,1,8.9,no,no,business,32.0,no
92.9,3.9,3.0,1,6.2,no,no,business,33.0,no
79.5,3.07,14.1,1,6.2,yes,yes,business,47.0,no
97.6,2.89,5.6,1,8.7,no,no,arts,40.0,no
100.0,3.18,5.6,1,9.6,yes,no,business,59.0,no
60.4,2.58,0.1,1,6.3,yes,no,business,41.0,no
87.9,2.42,2.9,1,5.7,no,yes,science,5.0,no
69.4,2.9,13.9,0,7.5,yes,yes,arts,5.0,no
89.1,3.05,19.7,2,4.6,no,yes,science,30.0,no
62.5,3.09,10.0,0,5.8,yes,no,engineering,39.0,no
77.6,4.0,7.4,1,5.5,yes,yes,arts,18.0,no
80.0,3.3,22.2,1,7.8,no,yes,science,32.0,no
76.2,3.11,5.8,1,4.9,yes,no,arts,29.0,no
91.7,2.72,11.6,1,5.7,no,no,arts,57.0,no
83.6,2.57,0.8,0,5.8,yes,no,business,5.0,no
88.2,4.0,14.2,1,9.4,yes,yes,science,45.0,no
74.8,3.0,7.9,1,8.1,no,no,arts,36.0,no
86.2,2.26,11.7,0,7.5,no,no,science,62.0,no
88.7,2.5,9.7,0,7.8,no,no,arts,20.0,no
87.0,2.73,10.6,0,7.3,no,no,arts,13.0,no
76.0,2.42,0.3,1,6.6,no,yes,arts,49.0,no
75.0,3.08,5.9,1,9.3,no,no,engineering,25.0,no
75.6,4.0,5.1,4,5.6,yes,no,arts,39.0,no
91.6,2.86,9.4,0,10.0,no,no,science,25.0,no
99.3,3.05,16.2,1,7.2,no,no,arts,43.0,no
71.9,2.46,0.0,2,5.7,no,no,business,10.0,no
76.7,2.91,8.2,1,6.0,no,no,engineering,28.0,no
66.0,2.51,19.1,3,5.0,no,no,engineering,46.0,no
82.5,1.34,20.4,1,6.4,yes,no,engineering,39.0,no
69.1,3.02,22.5,2,6.5,yes,yes,arts,37.0,no
81.2,2.65,19.4,1,9.1,no,yes,arts,32.0,no
85.0,3.1,20.6,2,5.8,no,yes,arts,64.0,no
77.4,3.94,0.0,2,6.5,yes,yes,arts,55.0,no
88.2,2.75,7.5,0,3.4,no,no,science,25.0,no
93.6,3.5,18.8,0,6.8,no,no,science,55.0,no
74.4,2.97,6.1,0,7.2,no,no,business,30.0,no
84.2,3.08,8.4,1,9.0,yes,no,business,71.0,no
97.2,3.02,20.1,1,5.3,yes,no,arts,23.0,no
88.1,1.27,18.1,4,7.3,yes,no,science,52.0,no
85.0,1.92,10.9,2,3.5,yes,no,business,45.0,no
76.7,2.36,9.9,1,7.6,yes,no,business,22.0,no
91.0,3.21,16.7,1,4.2,yes,yes,engineering,37.0,no
83.5,3.16,8.7,2,8.5,yes,no,science,53.0,no
77.4,2.64,11.8,0,7.4,no,no,engineering,5.0,no
92.7,3.75,10.2,0,5.2,no,no,science,35.0,no
93.7,2.53,14.1,2,8.1,no,yes,arts,37.0,no
89.8,2.28,10.0,3,6.4,yes,yes,science,29.0,no
95.1,2.44,8.9,1,4.4,no,no,arts,56.0,no
79.4,3.71,11.7,2,5.2,no,yes,arts,30.0,no
84.9,3.64,10.6,0,5.9,no,yes,business,16.0,no
84.4,3.1,19.2,1,8.5,no,yes,engineering,31.0,no
89.0,4.0,4.2,0,5.4,yes,no,science,38.0,no
82.3,2.5,14.0,1,3.7,no,no,science,11.0,no
72.7,3.19,9.4,0,5.8,no,yes,business,36.0,no
74.8,3.04,13.3,3,4.2,no,no,science,38.0,no
70.7,2.85,10.0,2,8.0,yes,no,engineering,89.0,no
84.5,3.32,19.2,1,4.2,yes,no,engineering,27.0,no
100.0,2.7,6.3,2,9.0,no,no,business,70.0,no
74.1,2.32,6.5,1,7.8,no,yes,business,31.0,no
91.5,1.97,11.5,0,9.1,yes,no,engineering,10.0,no
100.0,3.45,15.0,0,3.5,yes,no,arts,53.0,no
86.0,3.32,10.4,0,8.3,yes,no,science,27.0,no
84.4,2.77,14.7,1,9.4,no,yes,business,5.0,no
76.1,2.77,3.6,0,4.0,no,no,engineering,55.0,no
66.4,2.18,10.5,2,7.7,no,no,business,64.0,no
81.7,2.13,18.6,0,9.1,no,no,science,53.0,no
84.1,3.38,5.4,2,8.0,yes,no,science,51.0,no
80.1,3.52,15.3,1,5.2,yes,no,engineering,22.0,no
80.6,2.54,17.5,2,5.8,yes,no,business,44.0,no
75.8,2.54,17.8,2,4.7,no,no,arts,22.0,no
87.1,1.97,22.2,2,7.0,yes,yes,science,48.0,no
69.3,2.46,16.6,3,7.6,no,no,arts,50.0,no
95.0,2.91,6.9,4,8.6,no,no,arts,48.0,no
91.5,2.37,11.8,1,8.5,yes,no,engineering,55.0,no
82.7,3.01,12.4,0,6.5,yes,no,science,35.0,no
64.8,2.33,9.1,0,8.1,yes,no,engineering,39.0,no
81.6,2.85,7.8,1,5.8,yes,no,science,22.0,no
90.6,2.54,15.3,2,6.8,yes,yes,arts,45.0,no
85.5,2.11,21.9,2,9.0,no,yes,science,37.0,no
76.5,3.23,8.5,0,9.0,no,no,arts,32.0,no
75.6,2.98,8.7,0,6.9,no,no,science,42.0,no
74.6,2.56,7.6,2,3.4,no,no,engineering,30.0,no
92.4,2.45,14.6,0,5.5,no,no,engineering,7.0,no
66.9,2.65,17.8,0,8.3,no,no,business,53.0,no
79.7,2.99,0.7,1,6.4,yes,yes,business,37.0,no
91.2,2.21,15.6,0,5.4,yes,no,business,5.0,no
81.5,3.24,12.9,1,8.2,yes,no,science,53.0,no
100.0,2.44,21.9,0,9.7,yes,yes,arts,5.0,no
57.0,2.91,17.4,1,10.0,no,no,engineering,37.0,no
77.9,2.49,8.8,2,4.3,no,no,engineering,54.0,no
74.9,3.77,22.1,0,4.5,no,no,business,39.0,no
69.4,3.07,18.8,1,4.4,no,no,business,81.0,no
80.9,3.02,6.7,2,5.3,yes,no,science,43.0,no
68.9,2.28,0.1,2,8.2,yes,yes,engineering,13.0,no
95.7,3.71,6.5,3,5.5,no,no,science,62.0,no
92.6,3.6,16.7,1,5.9,yes,no,engineering,62.0,no
86.1,3.43,9.6,4,7.4,no,no,arts,37.0,no
86.7,3.51,15.3,1,8.9,yes,no,arts,65.0,no
80.7,3.92,9.7,0,8.9,yes,no,science,20.0,no
65.8,2.91,15.5,1,4.2,yes,no,science,50.0,no
97.3,2.88,9.4,2,4.0,yes,no,business,46.0,no
75.5,2.88,6.8,1,5.4,no,no,business,7.0,no
94.8,3.26,14.7,1,5.8,no,no,arts,83.0,no
84.0,3.01,7.7,0,8.7,no,no,arts,41.0,no
83.2,2.66,9.8,2,2.3,yes,yes,business,65.0,no
75.6,3.65,10.4,1,8.2,no,yes,science,32.0,no
100.0,1.66,19.9,1,5.9,no,no,business,61.0,no
82.0,3.26,8.3,0,6.8,no,no,arts,5.0,no
85.5,2.94,11.0,1,9.4,no,yes,engineering,44.0,no
78.7,2.78,6.9,4,4.1,yes,no,arts,47.0,no
84.5,2.59,13.6,0,5.4,no,no,business,35.0,no
95.3,1.95,6.2,2,3.5,no,no,engineering,36.0,no
83.2,3.07,12.3,1,6.0,no,yes,engineering,16.0,no
83.7,2.15,20.5,1,3.4,yes,no,engineering,36.0,no
100.0,2.64,4.1,0,5.6,no,no,engineering,29.0,no
68.7,2.98,7.4,2,10.0,no,no,science,84.0,no
78.5,1.64,2.9,3,2.5,yes,no,science,19.0,no
87.7,2.73,19.0,1,10.0,yes,no,engineering,36.0,no
81.5,3.94,10.2,0,6.5,no,no,arts,66.0,no
82.4,2.92,14.7,0,6.5,no,no,business,11.0,no
100.0,2.82,19.9,1,4.4,no,no,science,25.0,no
71.4,2.9,14.6,3,6.6,no,no,business,30.0,no
73.3,3.4,6.7,1,6.7,yes,yes,arts,45.0,no
82.6,2.86,10.7,2,8.0,yes,no,science,52.0,no
79.1,2.75,18.3,1,5.9,yes,yes,science,74.0,no
100.0,2.25,5.7,0,10.0,no,no,science,13.0,no
91.7,2.08,12.9,2,8.7,no,no,engineering,11.0,no
67.2,3.22,5.4,0,5.5,yes,no,science,55.0,no
88.7,2.8,26.2,4,5.7,no,no,engineering,33.0,no
75.1,3.27,1.2,3,6.5,yes,no,engineering,27.0,no
93.4,3.08,9.2,1,7.9,yes,no,arts,48.0,no
73.6,2.26,19.1,1,6.2,no,no,engineering,54.0,no
87.9,3.04,16.9,1,8.8,no,yes,engineering,38.0,no
96.9,2.5,14.0,2,9.1,yes,no,engineering,5.0,no
66.1,2.48,20.4,3,6.3,yes,no,science,45.0,no
63.0,3.22,9.6,2,5.0,no,yes,business,40.0,no
86.2,3.67,8.8,1,4.4,no,no,science,21.0,no
81.5,3.57,16.3,2,7.8,no,no,engineering,28.0,no
87.6,2.2,17.8,1,6.9,yes,no,arts,45.0,no
89.9,3.47,11.7,1,5.2,yes,no,business,28.0,no
95.0,3.5,8.8,1,10.0,yes,no,engineering,25.0,no
74.9,3.05,11.6,1,7.3,no,no,arts,36.0,no
77.4,3.28,12.4,0,4.0,yes,no,business,75.0,no
81.0,3.07,10.5,1,6.6,no,no,engineering,93.0,no
88.1,3.38,18.8,4,6.4,no,no,arts,37.0,no
79.6,2.22,8.4,0,7.1,no,no,arts,18.0,no
74.8,3.23,2.8,1,10.0,yes,no,arts,45.0,no
90.1,3.12,17.9,1,4.7,no,no,business,38.0,no
62.1,2.67,13.2,1,5.9,no,no,science,15.0,no
95.0,2.23,10.6,1,2.7,no,yes,engineering,33.0,no
85.2,3.87,8.2,0,6.5,yes,no,engineering,51.0,no
83.2,2.52,12.7,2,8.3,yes,yes,arts,58.0,no
76.4,3.06,10.4,2,7.6,no,no,science,37.0,no
66.9,3.83,12.0,1,6.4,no,no,arts,7.0,no
90.4,3.54,11.9,2,5.2,yes,no,business,17.0,no
67.8,3.32,17.8,1,8.5,yes,yes,arts,36.0,no
92.1,2.64,9.8,3,8.3,no,no,business,29.0,no
69.4,3.35,14.1,1,2.8,yes,no,engineering,25.0,no
82.1,3.26,4.6,0,8.3,no,no,engineering,21.0,no
95.9,3.24,11.2,3,6.4,no,yes,science,67.0,no
73.3,2.94,9.1,3,5.2,yes,no,engineering,15.0,no
98.8,3.09,25.9,0,4.4,no,no,business,45.0,no
60.3,3.52,15.2,2,6.8,no,no,arts,37.0,no
89.3,2.87,13.8,3,8.2,no,yes,arts,32.0,no
81.5,2.13,6.6,0,5.7,yes,no,science,43.0,no
83.6,1.45,19.5,0,9.5,no,yes,arts,41.0,no
93.5,3.7,9.4,2,6.6,no,no,science,24.0,no
79.4,3.37,14.6,0,4.9,yes,no,arts,79.0,no
71.0,2.77,9.7,0,8.6,no,no,science,5.0,no
68.7,2.14,11.8,1,6.3,yes,yes,science,30.0,no
76.9,3.05,14.1,3,9.9,no,no,business,56.0,no
84.8,3.3,10.3,2,4.7,yes,no,engineering,75.0,no
75.1,2.17,16.7,1,10.0,yes,no,engineering,43.0,no
89.8,3.62,18.7,1,5.8,yes,no,science,16.0,no
76.1,2.8,10.9,3,6.6,no,no,arts,48.0,no
62.1,3.1,6.7,4,5.3,yes,yes,business,39.0,no
71.5,2.42,7.8,2,6.0,no,no,business,56.0,no
70.7,3.4,11.9,1,3.5,no,no,science,59.0,no
72.7,2.56,9.1,0,4.4,yes,no,business,61.0,no
71.7,2.85,16.2,2,7.7,yes,no,business,28.0,no
76.3,3.61,8.7,2,4.6,no,no,business,5.0,no
77.5,2.77,11.1,3,7.6,no,no,engineering,52.0,no
85.4,3.11,4.9,1,8.6,yes,no,science,16.0,no
57.7,2.49,20.4,1,7.0,yes,no,engineering,33.0,no
93.8,2.6,14.1,1,3.7,no,no,engineering,39.0,no
94.2,3.33,20.6,1,4.5,yes,no,arts,38.0,no
90.6,2.39,23.6,2,10.0,yes,yes,engineering,42.0,no
93.7,2.03,10.8,3,4.0,no,yes,engineering,55.0,no
79.2,2.42,17.7,1,5.3,no,yes,arts,36.0,no
82.4,3.19,6.6,0,5.5,no,no,science,71.0,no
82.6,2.12,13.1,2,7.8,no,yes,science,69.0,no
90.9,2.26,2.7,2,8.4,yes,no,business,22.0,no
91.3,2.12,8.4,0,10.0,yes,no,engineering,55.0,no
74.7,2.74,5.2,1,3.6,no,no,science,59.0,no
76.3,3.25,9.5,3,8.1,no,no,science,66.0,no
91.5,1.98,11.2,3,3.2,yes,yes,arts,20.0,no
93.6,3.17,11.3,0,6.8,no,no,science,77.0,no
77.5,2.9,1.9,0,7.1,yes,no,science,54.0,no
93.2,3.67,10.5,1,10.0,no,no,science,76.0,no
92.5,3.21,12.1,2,5.6,yes,yes,engineering,39.0,no
81.7,3.6,14.7,1,7.3,no,no,business,52.0,no
72.9,2.55,0.0,3,3.1,yes,yes,engineering,49.0,no
79.3,1.32,9.9,0,7.3,no,no,arts,28.0,no
100.0,2.7,13.5,3,6.5,yes,yes,business,5.0,no
69.0,3.01,15.0,5,9.1,no,no,engineering,57.0,no
71.6,2.37,10.2,0,7.6,yes,no,engineering,5.0,no
77.7,2.26,14.7,4,8.5,yes,no,engineering,48.0,no
70.4,2.39,22.1,1,5.7,yes,no,engineering,36.0,no
95.8,3.58,13.9,1,5.3,no,no,science,5.0,no
62.2,2.99,6.7,3,7.2,yes,yes,science,36.0,no
83.6,3.65,16.3,3,3.7,no,no,engineering,37.0,no
80.5,1.86,16.2,1,7.6,yes,no,engineering,61.0,no
92.8,3.66,10.8,1,6.9,no,no,business,45.0,no
82.8,2.22,0.0,1,3.0,no,no,arts,33.0,no
87.4,2.79,1.9,0,5.6,no,no,arts,13.0,no
82.0,3.63,12.1,0,7.6,no,no,engineering,67.0,no
89.2,2.53,10.5,1,4.7,no,no,science,35.0,no
85.7,3.03,19.6,0,6.6,yes,no,engineering,15.0,no
72.5,3.53,13.9,2,3.7,no,no,engineering,22.0,no
86.2,2.24,11.7,0,8.4,no,no,business,5.0,no
94.8,2.59,18.6,0,8.0,yes,yes,engineering,76.0,no
77.3,3.26,14.1,2,5.9,no,no,engineering,5.0,no
84.4,2.32,4.2,2,8.6,yes,no,engineering,47.0,no
86.2,3.89,10.4,3,4.2,no,yes,business,62.0,no
68.1,2.77,9.5,0,8.5,no,no,science,20.0,no
90.1,3.47,0.0,1,4.6,no,no,science,27.0,no
85.1,3.1,14.0,1,10.0,no,no,engineering,39.0,no
91.2,2.95,21.5,2,8.4,no,yes,arts,46.0,no
72.4,2.76,14.5,0,4.4,no,no,engineering,32.0,no
86.7,4.0,3.6,2,7.7,no,no,engineering,31.0,no
90.4,3.12,13.5,0,6.5,yes,no,engineering,24.0,no
76.0,2.45,2.6,4,7.5,yes,no,engineering,18.0,no
76.9,2.48,15.4,2,1.5,no,no,business,69.0,no
85.4,3.52,0.0,1,10.0,no,no,business,54.0,no
97.6,3.38,5.3,2,3.9,no,no,science,5.0,no
84.5,2.73,6.5,2,4.8,no,yes,science,54.0,no
78.4,2.89,5.7,1,7.2,no,no,business,30.0,no
88.8,3.58,20.1,2,3.6,no,no,science,14.0,no
72.5,3.53,1.6,0,4.0,no,no,arts,33.0,no
94.8,1.98,0.0,2,7.8,yes,no,engineering,26.0,no
74.3,2.54,13.5,0,4.0,yes,no,business,17.0,no
72.9,3.75,15.2,1,5.6,no,no,science,26.0,no
100.0,2.96,9.2,0,5.1,no,no,arts,10.0,no
100.0,3.68,13.1,1,10.0,no,yes,engineering,81.0,no
80.6,3.38,8.3,1,5.1,yes,no,arts,72.0,no
70.0,3.26,13.9,4,6.0,no,no,arts,73.0,no
81.1,3.19,10.6,0,6.8,yes,yes,science,37.0,no
78.4,2.4,11.6,0,4.0,yes,no,science,42.0,no
100.0,3.21,9.4,1,3.5,no,yes,science,37.0,no
90.2,3.07,16.3,0,6.5,no,yes,engineering,73.0,no
87.1,3.59,11.1,3,3.5,yes,no,business,70.0,no
98.4,3.3,16.1,0,4.1,yes,yes,arts,43.0,no
72.1,2.8,0.0,3,5.4,yes,yes,business,50.0,no
64.2,3.42,22.7,0,8.5,no,no,business,5.0,no
70.8,3.2,14.6,2,5.2,no,no,business,38.0,no
88.0,3.27,10.4,0,8.3,no,no,arts,38.0,no
91.4,2.31,22.2,2,6.5,yes,no,arts,55.0,no
85.5,3.92,15.5,0,4.1,yes,no,business,31.0,no
80.3,3.31,12.2,2,4.3,no,no,arts,22.0,no
90.5,3.8,16.5,0,9.2,no,no,business,29.0,no
59.2,2.39,7.5,2,3.4,yes,no,arts,21.0,no
87.0,3.31,16.3,1,7.7,no,yes,business,17.0,no
89.8,2.11,11.9,0,7.2,yes,no,arts,65.0,no
79.1,2.91,5.3,2,6.3,no,no,science,64.0,no
70.0,2.82,5.0,3,9.0,yes,no,arts,5.0,no
70.6,3.62,7.1,1,4.4,yes,no,arts,54.0,no
74.9,2.97,16.4,1,3.5,yes,yes,business,32.0,no
71.9,3.94,21.2,1,3.9,yes,yes,arts,65.0,no
74.2,2.85,12.2,0,6.9,no,no,science,82.0,no
92.1,2.19,5.4,1,9.1,no,yes,engineering,17.0,no
66.7,3.94,5.2,1,6.2,yes,yes,science,22.0,no
74.7,2.44,17.4,2,8.5,yes,no,engineering,53.0,no
78.0,3.18,16.1,1,6.7,yes,no,arts,23.0,no
68.5,3.67,13.0,3,1.8,yes,no,arts,45.0,no
85.8,2.7,19.8,0,9.6,yes,no,arts,32.0,no
85.9,2.79,14.8,0,5.1,yes,no,engineering,75.0,no
100.0,1.83,10.9,1,6.4,yes,no,arts,13.0,no
91.9,3.56,19.2,2,6.0,no,no,science,66.0,no
71.8,2.69,14.3,0,5.2,no,no,arts,21.0,no
82.6,2.75,12.9,0,5.7,yes,yes,science,50.0,no
61.7,3.17,11.3,0,8.3,no,no,science,28.0,no
98.2,3.66,13.5,0,7.0,no,no,arts,52.0,no
81.6,2.76,13.8,1,8.2,yes,no,business,34.0,no
60.4,2.15,8.0,0,2.1,yes,no,engineering,61.0,no
89.3,2.93,10.3,3,6.9,no,no,science,20.0,no
84.8,2.76,11.7,0,8.8,yes,no,engineering,40.0,no
76.9,2.49,13.2,0,5.8,yes,no,business,45.0,no
76.4,3.05,14.6,0,8.5,yes,yes,science,5.0,no
100.0,2.82,0.0,2,5.1,no,yes,arts,49.0,no
64.4,2.71,10.0,1,6.6,no,yes,business,37.0,no
92.7,2.72,10.5,1,6.5,no,no,arts,5.0,no
70.7,2.05,1.4,3,6.9,yes,no,business,78.0,no
89.9,3.16,7.8,2,6.0,no,no,engineering,15.0,no
88.4,3.5,16.1,1,8.8,no,no,business,21.0,no
71.0,2.93,21.2,1,3.3,no,yes,business,24.0,no
97.3,3.26,0.8,3,9.0,yes,no,science,54.0,no
74.6,3.03,11.1,1,4.3,no,no,business,48.0,no
96.4,4.0,9.2,1,4.7,yes,no,engineering,52.0,no
75.2,3.06,9.8,0,7.4,yes,no,business,14.0,no
78.4,1.66,17.9,0,4.8,no,yes,science,31.0,no
79.9,3.04,7.0,1,7.6,yes,yes,science,16.0,no
94.5,3.99,15.5,1,7.6,no,yes,science,80.0,no
95.4,3.56,6.8,0,10.0,yes,no,engineering,24.0,no
80.8,3.44,3.0,2,5.2,yes,no,engineering,81.0,no
74.3,2.47,10.8,2,6.2,no,no,engineering,13.0,no
93.7,2.63,12.7,0,7.5,yes,yes,engineering,60.0,no
87.0,2.65,19.1,2,4.9,no,no,engineering,59.0,no
73.2,3.53,7.5,1,5.6,no,no,engineering,67.0,no
75.5,2.12,14.1,3,5.5,yes,no,business,90.0,no
86.9,3.87,13.4,2,8.0,no,no,business,28.0,no
59.8,2.63,10.8,0,3.3,no,yes,arts,61.0,no
64.4,2.24,0.0,1,9.2,no,yes,science,24.0,no
85.4,2.55,8.2,0,7.4,no,yes,arts,39.0,no
60.8,2.45,7.2,0,5.3,no,yes,business,67.0,no
85.8,3.52,11.3,2,8.6,yes,no,arts,30.0,no
92.7,2.84,16.9,5,7.2,no,no,engineering,83.0,no
68.9,2.57,19.3,2,7.5,yes,no,science,37.0,no
84.4,2.23,18.3,0,3.6,yes,yes,business,23.0,no
90.4,2.25,14.9,3,7.1,no,no,business,32.0,no
56.3,3.86,22.8,1,8.3,no,yes,engineering,36.0,no
81.4,2.17,12.1,2,7.3,yes,yes,arts,54.0,no
85.7,4.0,20.2,1,7.1,no,yes,arts,28.0,no
80.9,2.84,8.3,1,6.7,yes,yes,arts,76.0,no
63.0,3.77,14.1,1,5.3,yes,yes,business,5.0,no
98.1,3.69,18.9,1,7.9,no,yes,business,26.0,no
76.1,3.24,25.3,1,6.0,no,no,arts,16.0,no
80.2,2.5,13.3,1,9.5,yes,no,science,9.0,no
53.4,3.59,21.8,1,4.4,no,yes,engineering,29.0,no
89.8,2.18,15.2,0,8.9,no,yes,business,33.0,no
87.6,2.49,16.5,0,3.9,no,no,engineering,70.0,no
72.8,2.53,17.5,2,5.5,no,no,engineering,43.0,no
93.8,3.83,19.0,2,9.6,no,no,arts,40.0,no
89.1,2.62,7.7,0,6.8,yes,yes,business,25.0,no
78.2,2.75,11.1,0,5.9,no,yes,business,42.0,no
75.1,3.58,23.1,3,7.4,yes,no,business,39.0,no
76.0,3.05,13.6,1,6.0,no,no,engineering,19.0,no
89.5,2.92,19.1,1,7.5,no,no,arts,5.0,no
80.6,3.17,13.8,1,8.3,no,no,business,47.0,no
93.6,1.98,17.3,2,10.0,no,no,business,46.0,no
92.7,3.66,10.0,1,7.1,yes,no,arts,27.0,no
77.1,3.12,7.7,3,8.4,yes,no,arts,21.0,no
89.6,2.66,10.0,3,6.3,no,no,business,5.0,no
100.0,3.03,15.3,0,6.3,yes,no,science,26.0,no
79.4,2.66,14.2,1,9.4,no,no,business,34.0,no
63.6,2.63,11.6,1,9.0,no,no,business,86.0,no
71.9,2.92,13.5,2,6.1,yes,no,business,5.0,no
74.4,1.86,12.3,1,9.9,no,no,business,5.0,no
73.8,3.2,1.5,0,8.1,no,yes,arts,37.0,no
77.0,2.78,12.3,0,7.5,yes,no,business,43.0,no
87.9,2.97,16.0,0,8.3,no,no,arts,38.0,no
60.1,2.75,13.3,1,5.9,no,no,arts,20.0,no
82.8,2.58,14.9,2,5.7,yes,no,engineering,20.0,no
71.7,3.77,15.2,2,7.5,no,no,business,29.0,no
93.4,2.61,15.9,1,6.5,yes,no,science,46.0,no
97.2,2.27,13.5,1,9.1,no,no,arts,16.0,no
62.5,2.39,12.4,0,6.8,yes,yes,business,5.0,no
78.1,3.57,5.6,0,5.2,yes,no,arts,63.0,no
78.5,2.9,10.1,1,8.7,no,no,engineering,64.0,no
82.9,3.58,11.1,2,7.9,no,no,engineering,16.0,no
100.0,3.17,16.6,1,4.6,yes,no,arts,26.0,no
91.8,2.78,8.7,2,7.5,yes,no,engineering,104.0,no
70.2,2.74,12.1,0,7.4,no,no,business,28.0,no
67.0,3.23,15.5,0,5.9,no,no,arts,41.0,no
86.0,2.6,20.2,1,5.9,no,no,science,34.0,no
82.8,3.06,8.4,3,7.1,no,no,engineering,69.0,no
79.6,2.59,12.3,1,4.7,yes,no,engineering,24.0,no
70.5,2.75,21.8,0,7.6,no,no,engineering,90.0,no
90.2,2.77,19.8,2,6.4,no,no,science,39.0,no
91.9,2.7,12.9,3,5.8,no,no,business,46.0,no
86.8,3.37,22.5,0,6.7,no,no,science,43.0,no
98.8,2.51,12.4,1,6.6,yes,no,business,54.0,no
90.2,3.48,24.2,1,8.1,no,yes,arts,39.0,no
74.9,2.97,11.9,0,5.2,no,no,business,23.0,no
86.1,2.82,3.9,2,3.9,yes,yes,arts,36.0,no
61.1,3.11,12.8,2,7.1,no,no,engineering,41.0,no
90.1,3.24,22.3,1,5.4,yes,no,business,37.0,no
76.0,2.35,7.1,2,6.8,yes,no,business,34.0,no
79.4,2.79,3.4,0,7.6,yes,no,business,65.0,no
100.0,2.54,17.7,0,6.3,no,yes,business,50.0,no
57.0,3.32,11.7,1,7.2,yes,yes,business,32.0,no
94.0,3.61,12.0,0,8.1,no,yes,business,64.0,no
78.3,2.75,9.8,0,8.0,yes,yes,science,55.0,no
59.1,3.23,7.1,2,6.3,no,no,business,39.0,no
80.5,3.44,15.7,2,7.2,no,no,science,14.0,no
60.8,3.17,20.3,2,5.0,yes,yes,engineering,51.0,no
85.6,2.54,18.0,0,7.8,yes,yes,science,47.0,no
100.0,3.12,29.1,0,4.4,no,no,business,12.0,no
100.0,2.91,18.1,1,7.0,no,yes,arts,62.0,no
65.0,3.05,13.2,1,5.6,yes,no,science,49.0,no
75.5,4.0,2.6,2,3.2,no,yes,business,57.0,no
92.0,2.78,19.7,2,10.0,yes,no,science,55.0,no
77.3,3.36,6.0,1,5.4,no,no,engineering,51.0,no
76.4,3.31,12.1,2,5.0,yes,no,business,39.0,no
75.0,2.48,2.2,0,7.3,yes,no,arts,23.0,no
100.0,1.81,0.0,0,2.4,no,yes,arts,33.0,no
95.6,2.85,20.5,3,6.8,no,no,engineering,60.0,no
95.1,3.57,11.2,1,6.1,no,no,business,33.0,no
100.0,2.76,12.2,0,6.2,no,yes,engineering,43.0,no
82.2,1.87,18.7,1,7.3,no,yes,arts,17.0,no
82.8,2.32,8.4,2,6.7,yes,no,science,24.0,no
88.2,2.63,11.5,1,5.2,no,no,engineering,41.0,no
70.3,2.65,5.8,1,4.3,no,no,business,38.0,no
100.0,2.2,10.5,2,8.9,no,no,science,30.0,no
82.0,1.92,18.9,2,6.5,no,no,engineering,40.0,no
82.3,2.84,16.7,1,8.6,no,no,arts,54.0,no
73.7,3.21,19.7,1,6.2,no,yes,arts,43.0,no
71.7,3.29,9.0,2,7.2,no,no,engineering,44.0,no
79.4,2.68,2.7,2,7.5,yes,no,engineering,24.0,no
77.6,3.2,5.6,2,5.5,no,yes,business,37.0,no
80.0,2.76,11.4,1,5.7,no,no,science,23.0,no
89.4,3.35,15.6,0,6.4,no,yes,arts,15.0,no
80.5,3.5,7.1,3,3.2,yes,no,science,28.0,no
97.2,3.23,20.7,1,4.8,yes,yes,business,51.0,no
56.9,3.07,2.8,2,8.5,no,no,business,44.0,no
64.6,3.05,4.2,3,7.3,no,yes,engineering,32.0,no
80.1,3.01,14.9,2,8.3,no,no,engineering,37.0,no
71.3,3.23,11.3,0,10.0,yes,no,arts,42.0,no
94.8,2.79,16.8,1,5.3,yes,no,science,17.0,no
77.6,3.37,1.6,1,5.6,no,yes,arts,66.0,no
90.8,2.12,2.8,2,5.0,yes,no,arts,33.0,no
73.1,3.45,20.9,2,8.9,no,yes,business,9.0,no
68.9,3.77,15.6,0,8.4,yes,no,business,50.0,no
75.8,3.54,22.5,1,3.8,yes,yes,science,51.0,no
60.9,3.45,13.3,0,6.9,yes,yes,arts,8.0,no
86.3,3.31,3.9,1,6.4,yes,no,arts,5.0,no
96.1,2.67,16.2,2,3.2,yes,no,engineering,81.0,no
88.0,3.33,22.2,0,4.8,no,no,engineering,5.0,no
80.9,2.73,17.8,1,8.5,no,no,science,47.0,no
84.3,3.73,18.9,4,8.6,no,yes,engineering,14.0,no
56.2,3.28,13.2,2,5.9,no,yes,arts,40.0,no
68.6,1.93,9.8,1,7.5,yes,no,arts,13.0,no
81.5,3.21,14.8,1,4.4,no,yes,engineering,32.0,no
75.4,3.15,8.1,1,5.6,no,yes,business,29.0,no
63.2,2.18,14.4,1,3.4,no,no,arts,26.0,no
73.0,3.2,15.1,1,4.3,no,no,business,50.0,no
66.7,1.64,10.5,1,4.0,no,no,business,30.0,no
83.9,3.18,9.5,1,8.0,yes,no,arts,55.0,no
82.3,3.67,2.9,1,5.5,no,no,arts,41.0,no
64.8,2.12,17.1,1,6.6,yes,no,engineering,31.0,no
60.1,2.14,16.2,1,9.0,no,no,engineering,48.0,no
100.0,2.97,13.9,0,5.3,no,no,arts,42.0,no
71.2,2.6,6.4,1,6.9,yes,no,science,39.0,no
92.4,2.78,13.2,2,8.5,no,no,engineering,58.0,no
96.2,3.84,11.4,0,5.6,no,no,business,59.0,no
81.3,3.33,20.9,3,4.0,no,no,engineering,80.0,no
94.7,3.01,5.3,0,6.4,yes,yes,engineering,6.0,no
84.9,3.05,5.5,0,5.0,yes,no,science,71.0,no
94.6,1.81,16.1,3,8.3,no,no,arts,37.0,no
100.0,2.29,11.6,2,6.4,no,no,business,65.0,no
74.4,3.36,5.2,3,5.0,yes,no,engineering,74.0,no
79.0,3.12,14.4,1,6.0,yes,yes,science,41.0,no
87.8,3.7,11.7,3,6.6,no,yes,engineering,9.0,no
61.3,3.58,5.8,1,2.8,no,yes,arts,58.0,no
77.8,3.44,10.1,1,7.3,yes,no,business,61.0,no
84.0,2.47,10.1,1,3.4,yes,no,arts,44.0,no
87.5,1.97,0.8,1,3.6,no,yes,engineering,30.0,no
84.0,3.77,14.2,1,7.1,yes,no,arts,35.0,no
90.8,2.08,8.7,3,3.0,yes,no,engineering,63.0,no
96.3,2.67,13.7,3,9.2,no,yes,arts,11.0,no
100.0,3.28,12.2,2,5.5,yes,no,business,10.0,no
73.9,4.0,21.4,1,4.3,no,no,business,58.0,no
78.8,2.67,11.3,2,7.9,no,no,arts,79.0,no
82.8,2.89,12.0,2,6.8,no,no,science,30.0,no
82.9,3.77,6.4,0,7.6,yes,no,arts,54.0,no
87.0,2.35,9.8,3,9.6,yes,no,business,50.0,no
73.1,2.33,12.3,1,6.8,yes,no,business,86.0,no
86.5,3.2,16.2,1,6.7,no,yes,science,50.0,no
92.5,3.56,14.3,1,8.1,no,no,engineering,34.0,no
67.9,2.76,6.5,1,2.2,no,no,arts,41.0,no
89.0,2.59,9.7,1,6.0,yes,no,science,22.0,no
94.1,3.52,10.4,0,6.0,no,no,arts,20.0,no
71.1,2.35,16.5,0,7.1,no,no,arts,57.0,no
73.5,2.97,15.6,1,5.1,no,no,engineering,50.0,no
100.0,2.64,11.0,1,4.2,no,no,business,18.0,no
80.8,2.11,6.5,0,5.4,no,yes,engineering,55.0,no
72.3,3.11,17.5,1,7.9,no,no,arts,25.0,no
53.3,3.54,9.5,0,8.0,no,no,business,31.0,no
83.2,3.52,13.9,2,6.0,yes,no,science,5.0,no
100.0,2.68,7.3,0,6.3,no,no,science,16.0,no
86.2,3.41,14.4,2,4.2,yes,yes,business,8.0,no
94.1,2.26,8.4,3,9.6,yes,no,arts,16.0,no
86.7,2.86,13.8,2,4.5,no,no,science,7.0,no
74.5,2.44,13.6,0,9.0,no,no,science,68.0,no
82.8,3.08,0.4,1,5.8,no,yes,engineering,52.0,no
72.2,2.61,15.6,2,4.3,no,no,arts,5.0,no
89.3,3.13,19.2,0,5.7,yes,yes,engineering,25.0,no
100.0,3.4,21.2,0,9.1,yes,no,science,38.0,no
93.5,3.25,14.3,1,5.8,no,no,engineering,25.0,no
57.7,3.09,12.8,2,5.2,no,no,science,67.0,no
97.6,2.56,11.5,2,3.0,no,no,engineering,5.0,no
81.5,2.82,11.8,0,4.4,no,yes,business,7.0,no
70.6,1.9,17.4,2,10.0,yes,no,arts,37.0,no
71.9,3.06,5.7,3,6.3,no,no,science,44.0,no
88.6,2.51,12.7,1,8.9,no,no,engineering,60.0,no
71.4,2.75,9.4,2,5.7,yes,yes,arts,18.0,no
88.8,2.33,12.2,2,6.5,no,yes,business,37.0,no
97.6,2.31,22.3,1,7.4,no,yes,arts,37.0,no
65.5,3.25,19.1,7,7.6,yes,no,engineering,34.0,no
83.5,3.41,19.9,1,4.9,yes,no,science,35.0,no
93.7,2.82,15.5,0,7.9,no,no,arts,54.0,no
83.5,3.95,1.0,1,7.2,no,yes,engineering,13.0,no
79.4,2.67,12.1,0,4.8,no,no,arts,5.0,no
80.2,2.48,0.0,1,7.4,yes,no,science,57.0,no
98.8,3.27,0.0,1,7.2,no,yes,engineering,56.0,no
83.1,1.71,10.2,3,7.4,no,no,science,30.0,no
66.6,2.6,7.1,2,8.6,no,yes,arts,110.0,no
76.5,4.0,8.1,3,7.7,no,no,arts,19.0,no
64.0,2.9,4.2,2,4.7,no,no,engineering,11.0,no
100.0,2.72,1.8,1,4.3,yes,no,business,63.0,no
71.4,2.91,14.3,2,5.9,no,no,science,75.0,no
57.1,3.43,10.1,1,8.5,no,no,business,29.0,no
70.2,1.95,16.9,1,6.0,no,no,business,27.0,no
56.8,3.01,6.4,0,6.5,no,no,science,82.0,no
76.5,2.8,9.2,1,7.2,no,no,business,80.0,no
80.8,3.37,20.3,1,7.9,no,no,engineering,57.0,no
89.4,3.12,18.8,1,5.1,yes,no,business,5.0,no
82.9,2.68,6.6,0,6.3,yes,yes,science,25.0,no
72.6,2.88,14.6,1,6.3,yes,no,engineering,53.0,no
78.3,2.8,8.3,4,7.8,no,yes,business,69.0,no
83.4,3.08,4.6,1,6.8,yes,no,arts,64.0,no
100.0,3.21,14.1,1,7.5,yes,yes,science,39.0,no
98.0,3.11,20.5,1,9.0,no,no,business,27.0,no
97.9,3.56,15.0,1,7.2,no,no,business,23.0,no
100.0,2.86,12.6,1,6.7,no,no,engineering,61.0,no
84.8,1.89,13.3,3,5.6,yes,no,business,47.0,no
79.1,2.44,7.3,4,6.9,no,no,engineering,32.0,no
94.5,2.43,2.0,1,5.9,no,no,engineering,40.0,no
82.1,2.86,9.1,3,4.1,yes,yes,science,16.0,no
82.8,2.22,0.0,1,5.8,no,yes,science,52.0,no
75.3,2.49,5.5,1,5.6,yes,no,arts,25.0,no
88.4,3.15,9.7,2,6.7,no,no,science,18.0,no
65.6,3.26,15.6,0,5.5,no,no,arts,5.0,no
87.7,3.22,5.7,4,4.2,no,no,arts,88.0,no
77.5,1.67,6.7,4,4.3,no,no,science,41.0,no
81.7,2.42,14.5,0,6.7,no,no,science,31.0,no
100.0,2.39,14.6,2,4.2,no,no,arts,57.0,no
78.0,2.8,14.3,2,6.7,no,no,engineering,59.0,no
95.6,3.03,13.6,2,8.7,no,no,arts,48.0,no
99.8,2.52,9.0,2,3.1,no,no,science,49.0,no
65.5,1.98,7.6,1,5.5,no,no,engineering,65.0,no
85.3,1.83,11.9,2,7.3,no,no,science,63.0,no
55.1,2.67,12.3,1,7.2,yes,no,business,27.0,no
100.0,2.6,17.5,1,8.0,yes,yes,engineering,29.0,no
87.8,2.51,17.1,0,4.8,no,yes,business,28.0,no
79.5,2.22,16.0,2,9.9,yes,no,arts,32.0,no
84.8,3.08,14.4,0,6.1,yes,yes,business,22.0,no
88.9,2.97,10.6,1,9.3,no,no,arts,18.0,no
90.9,3.0,4.3,3,6.6,yes,no,business,32.0,no
80.0,2.42,11.1,1,9.2,no,no,science,44.0,no
70.3,2.98,12.2,0,8.5,no,no,engineering,33.0,no
100.0,2.94,2.2,1,6.0,yes,no,engineering,35.0,no
85.7,1.98,10.6,2,5.0,no,no,science,45.0,no
79.6,3.05,20.6,1,8.7,yes,yes,arts,98.0,no
70.3,2.78,15.6,0,4.6,yes,yes,engineering,107.0,no
86.9,3.19,17.2,2,5.0,no,yes,arts,37.0,no
93.4,2.37,7.7,0,6.2,yes,no,business,42.0,no
95.3,2.12,8.5,5,10.0,no,no,business,34.0,no
90.1,3.16,13.4,0,6.0,no,no,engineering,31.0,no
100.0,2.88,13.0,3,6.5,no,no,business,21.0,no
62.2,3.86,17.5,0,8.2,yes,yes,arts,50.0,no
75.3,2.76,10.3,1,2.5,no,no,arts,30.0,no
65.8,3.04,14.7,2,7.2,yes,yes,business,46.0,no
92.1,2.6,11.0,0,4.3,yes,yes,engineering,5.0,no
80.2,2.62,15.6,1,4.3,no,no,engineering,59.0,no
65.3,3.03,0.0,3,6.8,no,yes,engineering,5.0,no
76.1,2.45,8.6,1,6.4,no,yes,arts,37.0,no
100.0,3.77,5.0,1,6.1,no,no,business,24.0,no
77.1,3.49,11.4,1,4.6,no,no,engineering,34.0,no
81.7,2.47,12.8,1,4.9,no,no,arts,37.0,no
79.0,2.65,13.1,0,7.5,no,no,arts,60.0,no
79.8,2.96,12.0,0,9.0,yes,no,engineering,55.0,no
58.7,2.58,19.7,2,4.8,no,no,arts,69.0,no
89.1,2.68,8.7,2,5.8,no,no,science,86.0,no
83.9,2.79,13.7,1,9.4,yes,yes,arts,32.0,no
85.7,2.78,19.0,1,8.8,yes,no,business,21.0,no
73.9,3.38,19.5,0,6.1,no,yes,arts,9.0,no
70.3,3.83,11.0,1,8.0,no,no,science,20.0,no
93.0,2.5,11.9,0,8.0,no,no,arts,21.0,no
88.5,3.22,14.8,2,7.5,no,yes,engineering,32.0,no
75.3,2.76,5.4,1,6.2,yes,no,engineering,27.0,no
100.0,2.97,20.7,0,5.8,no,yes,science,33.0,no
83.6,2.4,12.4,1,6.3,yes,no,engineering,78.0,no
74.8,3.22,8.1,1,8.8,no,no,arts,33.0,no
83.6,2.86,23.3,1,6.6,no,no,engineering,61.0,no
94.6,3.09,16.0,1,7.2,no,no,arts,11.0,no
82.6,2.8,12.6,2,7.7,no,no,science,52.0,no
69.9,3.06,12.0,0,9.5,no,no,engineering,24.0,no
89.1,1.75,7.0,1,8.5,no,no,engineering,29.0,no
89.0,2.52,5.3,4,4.1,no,no,arts,20.0,no
85.6,3.74,21.5,1,4.2,no,yes,engineering,84.0,no
57.0,2.55,9.3,0,4.5,no,no,science,49.0,no
94.4,4.0,13.0,0,6.2,no,no,arts,70.0,no
72.4,3.3,12.7,0,8.7,no,no,business,37.0,no
98.7,3.28,14.2,1,10.0,no,no,arts,59.0,no
65.7,2.4,6.3,0,5.2,no,no,science,42.0,no
84.6,2.77,9.8,3,2.3,yes,yes,engineering,80.0,no
88.2,2.98,7.5,1,4.7,no,no,arts,53.0,no
78.9,2.86,19.2,2,5.0,no,no,science,5.0,no
68.7,2.63,8.0,0,6.9,no,no,science,38.0,no
74.6,3.15,11.5,1,6.1,yes,no,business,16.0,no
70.6,2.77,17.7,0,7.8,no,yes,engineering,35.0,no
77.7,2.19,17.1,1,7.1,yes,no,arts,18.0,no
95.2,3.39,17.0,1,6.0,no,no,engineering,21.0,no
61.6,2.6,8.8,1,9.9,yes,no,science,58.0,no
78.9,2.36,0.2,1,6.3,no,no,business,44.0,no
69.5,3.51,9.1,1,6.3,yes,no,science,36.0,no
81.4,3.43,17.5,1,9.9,no,yes,science,25.0,no
74.1,3.53,3.1,1,5.2,yes,no,arts,29.0,no
98.1,3.7,14.6,0,8.0,yes,no,engineering,13.0,no
62.3,3.29,15.2,1,6.4,yes,no,arts,40.0,no
97.1,2.65,7.2,1,4.5,no,no,business,53.0,no
100.0,2.98,16.3,1,6.0,no,no,science,14.0,no
75.1,3.29,0.0,1,6.0,yes,yes,business,5.0,no
77.9,3.32,12.5,2,7.2,yes,no,arts,45.0,no
81.5,3.04,26.4,3,8.6,no,no,engineering,25.0,no
89.7,3.71,11.3,2,6.1,no,no,engineering,54.0,no
79.8,2.69,14.8,1,6.6,no,no,science,5.0,no
84.6,2.85,10.6,0,3.5,no,no,science,55.0,no
100.0,2.81,16.1,0,2.1,no,yes,business,33.0,no
100.0,2.75,9.3,3,6.0,yes,yes,arts,44.0,no
100.0,4.0,6.2,1,4.0,no,no,science,64.0,no
93.5,3.29,5.0,0,7.3,yes,no,science,39.0,no
82.2,2.82,9.5,1,7.4,no,no,arts,73.0,no
76.2,2.73,13.8,5,8.6,no,no,arts,55.0,no
64.0,3.37,9.3,1,5.6,no,yes,engineering,29.0,no
87.3,3.74,7.4,1,5.4,no,no,engineering,37.0,no
73.4,3.0,17.3,1,7.0,no,no,science,27.0,no
93.0,2.68,1.9,0,6.6,no,yes,arts,31.0,no
87.1,2.53,11.1,3,8.2,yes,no,engineering,34.0,no
80.4,2.66,0.0,1,6.4,no,no,arts,30.0,no
77.0,3.29,14.0,1,6.3,no,no,science,63.0,no
87.9,2.63,6.9,1,8.4,no,no,arts,18.0,no
68.0,2.15,2.8,2,4.5,no,no,science,5.0,no
85.1,1.84,7.8,2,4.3,no,no,engineering,18.0,no
67.3,3.11,27.1,0,5.7,yes,no,engineering,36.0,no
66.1,2.9,14.5,1,7.1,yes,yes,arts,38.0,no
85.3,4.0,7.3,1,10.0,no,yes,engineering,62.0,no
94.2,3.12,11.9,1,6.4,yes,no,science,59.0,no
97.0,3.38,14.6,0,6.1,no,no,arts,35.0,no
87.7,2.84,16.0,1,2.3,no,no,arts,48.0,no
84.1,3.14,13.9,1,7.4,no,no,arts,37.0,no
73.1,2.73,7.1,1,7.7,no,no,science,34.0,no
83.6,2.53,15.1,2,5.6,yes,yes,science,33.0,no
89.7,2.44,17.2,3,6.5,yes,no,engineering,50.0,no
77.3,3.43,14.8,2,6.3,yes,no,science,18.0,no
68.0,3.51,2.8,1,9.9,no,no,arts,76.0,no
83.0,3.56,11.9,0,2.8,no,no,science,55.0,no
91.5,2.37,9.7,0,6.7,yes,no,arts,56.0,no
84.5,2.5,7.1,1,6.2,yes,yes,business,61.0,no
84.8,2.41,5.8,0,6.7,yes,no,engineering,64.0,no
86.5,3.71,13.0,0,7.0,no,yes,engineering,24.0,no
95.3,3.34,4.2,0,10.0,no,no,arts,45.0,no
65.8,2.77,11.0,0,3.9,no,no,engineering,33.0,no
98.2,3.55,21.9,4,2.5,no,yes,business,33.0,no
67.3,2.51,17.6,0,3.1,no,no,science,57.0,no
61.9,2.68,0.0,0,6.2,no,yes,business,63.0,no
85.7,3.58,11.1,0,8.7,no,no,engineering,50.0,no
84.8,1.96,17.4,2,5.2,yes,no,arts,32.0,no
100.0,2.95,12.6,1,8.1,yes,no,arts,48.0,no
93.1,3.49,1.9,3,5.5,yes,no,science,40.0,no
67.7,2.64,9.9,1,7.6,yes,no,engineering,69.0,no
94.4,3.34,13.4,1,3.8,no,no,engineering,50.0,no
92.7,2.94,17.3,1,5.9,no,no,business,47.0,no
83.1,3.28,2.2,0,7.4,no,no,arts,8.0,no
73.7,3.11,15.2,1,8.2,no,no,arts,72.0,no
65.3,2.18,9.9,1,8.2,no,no,business,49.0,no
87.4,2.85,18.4,3,8.1,no,no,science,52.0,no
77.0,3.25,15.9,0,8.1,yes,no,business,42.0,no
80.0,3.49,14.2,1,6.8,no,yes,engineering,62.0,no
78.7,3.12,11.0,2,6.1,yes,no,business,23.0,no
84.8,3.25,0.0,1,8.2,no,no,arts,45.0,no
92.4,3.35,18.8,0,7.3,no,no,arts,44.0,no
87.2,3.97,15.5,2,6.2,yes,no,business,24.0,no
100.0,2.44,5.6,2,8.0,yes,no,arts,17.0,no
76.0,2.5,4.3,0,5.7,no,yes,arts,53.0,no
89.3,1.69,11.4,1,5.3,no,no,business,75.0,no
92.3,2.39,4.4,1,4.2,no,yes,science,32.0,no
74.6,3.24,3.8,2,5.7,yes,yes,engineering,48.0,no
97.7,1.79,10.0,2,10.0,yes,no,engineering,85.0,no
91.3,2.96,24.9,0,8.1,yes,no,engineering,5.0,no
84.7,3.17,11.9,2,7.4,no,no,engineering,46.0,no
74.5,3.2,7.4,0,5.9,yes,yes,business,14.0,no
94.4,2.21,12.0,1,4.8,no,no,engineering,22.0,no
98.3,2.8,2.3,1,4.1,yes,no,business,19.0,no
