近30天登录天数,核心功能使用次数,团队成员数,当前套餐,客服咨询次数,月活跃时长_小时,自动化流程数,所属行业,数据量_GB,升级建议
1,25,18,基础版,2,30.8,2,医疗,3.67,保留当前套餐
18,17,14,专业版,3,1.0,3,制造,21.27,保留当前套餐
26,26,4,基础版,1,39.0,6,制造,12.75,升级专业版
14,19,9,基础版,2,20.5,3,咨询服务,34.6,保留当前套餐
15,22,13,免费版,3,9.2,2,教育,29.23,保留当前套餐
16,29,18,基础版,1,26.0,3,教育,26.77,升级专业版
3,22,20,免费版,2,10.4,4,制造,18.76,保留当前套餐
4,33,9,免费版,3,33.3,6,教育,22.99,保留当前套餐
6,19,6,免费版,1,17.7,2,制造,24.08,保留当前套餐
7,22,6,专业版,0,31.5,7,电商,11.27,保留当前套餐
19,24,11,基础版,1,31.3,4,电商,25.15,保留当前套餐
11,21,6,免费版,0,28.3,3,制造,4.97,保留当前套餐
15,24,7,基础版,2,1.0,6,制造,15.58,保留当前套餐
14,17,40,免费版,0,27.2,3,电商,15.65,保留当前套餐
5,13,6,免费版,4,25.1,2,教育,16.18,保留当前套餐
27,20,24,专业版,0,26.9,4,咨询服务,26.63,升级专业版
7,35,30,基础版,0,21.8,8,咨询服务,29.73,保留当前套餐
2,24,21,专业版,2,13.6,6,咨询服务,24.51,保留当前套餐
13,32,5,免费版,2,17.3,4,电商,4.53,保留当前套餐
5,16,18,基础版,1,17.8,4,电商,14.65,保留当前套餐
9,28,6,专业版,1,9.8,8,咨询服务,11.41,保留当前套餐
1,21,36,免费版,4,19.9,10,制造,14.01,保留当前套餐
21,23,7,免费版,2,13.6,4,制造,46.99,升级专业版
12,23,6,基础版,1,32.7,5,医疗,13.53,保留当前套餐
24,22,11,专业版,0,17.5,4,教育,17.85,升级专业版
16,25,4,基础版,2,20.7,6,教育,14.4,保留当前套餐
27,19,4,基础版,1,11.8,4,电商,31.26,升级专业版
28,27,34,基础版,4,31.5,6,电商,20.86,升级专业版
18,31,19,专业版,2,27.3,7,咨询服务,9.92,保留当前套餐
22,18,21,免费版,0,8.3,4,制造,0.5,保留当前套餐
23,21,4,基础版,3,14.2,9,医疗,14.62,保留当前套餐
11,23,7,免费版,0,1.0,3,制造,9.87,保留当前套餐
14,26,15,基础版,3,18.1,3,咨询服务,17.39,保留当前套餐
4,23,4,免费版,0,24.0,7,电商,35.99,保留当前套餐
11,19,18,免费版,2,20.3,2,医疗,13.76,保留当前套餐
26,22,8,专业版,2,12.0,11,医疗,13.97,保留当前套餐
15,27,23,免费版,1,11.1,1,制造,7.56,保留当前套餐
19,22,12,基础版,3,17.1,3,咨询服务,3.5,保留当前套餐
6,22,15,基础版,3,12.3,3,咨询服务,27.28,保留当前套餐
2,29,9,基础版,5,13.4,8,电商,8.55,保留当前套餐
17,24,18,免费版,2,16.9,6,教育,32.97,保留当前套餐
13,26,14,免费版,3,18.9,4,制造,14.46,保留当前套餐
9,26,9,基础版,1,10.8,6,医疗,36.82,保留当前套餐
7,20,6,免费版,1,11.4,0,电商,10.79,保留当前套餐
28,25,23,免费版,0,17.3,3,电商,22.08,升级企业版
11,24,4,基础版,3,32.4,1,电商,0.5,保留当前套餐
8,19,5,专业版,2,34.6,8,医疗,14.75,保留当前套餐
1,23,3,免费版,2,19.9,6,教育,18.11,保留当前套餐
28,23,23,免费版,1,23.7,2,制造,8.71,升级专业版
14,23,9,基础版,0,32.0,2,医疗,7.89,保留当前套餐
6,22,4,免费版,0,13.9,4,电商,10.56,保留当前套餐
14,18,16,专业版,0,6.1,4,教育,11.88,保留当前套餐
23,20,23,免费版,1,31.1,3,教育,11.14,升级专业版
30,23,4,免费版,1,18.4,4,制造,24.79,升级专业版
2,30,20,免费版,1,31.2,3,电商,18.41,保留当前套餐
27,16,15,免费版,0,12.2,2,电商,34.05,升级专业版
28,26,4,基础版,2,11.8,6,咨询服务,18.86,升级专业版
4,21,11,基础版,4,21.6,4,咨询服务,13.34,保留当前套餐
18,22,16,免费版,0,13.5,7,制造,26.13,升级专业版
27,23,4,免费版,2,23.8,5,咨询服务,18.59,升级专业版
15,14,8,免费版,3,21.6,2,制造,22.01,保留当前套餐
19,20,10,专业版,0,8.7,5,咨询服务,14.14,保留当前套餐
25,22,2,基础版,1,19.6,1,咨询服务,29.43,保留当前套餐
25,23,10,免费版,3,24.4,5,医疗,0.5,升级专业版
1,28,7,免费版,3,5.2,5,制造,18.18,保留当前套餐
26,31,16,基础版,0,19.8,3,医疗,0.5,升级专业版
19,23,5,基础版,3,29.1,4,电商,17.69,保留当前套餐
20,27,6,免费版,1,27.1,3,制造,21.21,保留当前套餐
24,19,5,免费版,2,23.5,5,制造,27.68,升级专业版
4,18,9,免费版,2,14.2,5,制造,26.02,保留当前套餐
30,25,4,基础版,0,24.6,6,医疗,10.98,升级专业版
23,22,4,基础版,2,1.0,2,咨询服务,12.36,保留当前套餐
24,24,4,基础版,2,26.7,5,制造,13.07,升级专业版
11,25,46,专业版,3,15.2,2,电商,18.66,保留当前套餐
25,25,11,专业版,2,22.1,4,咨询服务,0.5,保留当前套餐
15,32,4,免费版,2,19.8,6,制造,32.08,升级专业版
19,24,5,免费版,2,24.3,5,咨询服务,30.87,升级专业版
10,16,12,专业版,1,23.0,5,医疗,10.34,保留当前套餐
25,28,5,基础版,4,7.8,6,教育,2.48,保留当前套餐
14,22,11,基础版,2,10.0,5,咨询服务,8.02,保留当前套餐
1,19,9,基础版,1,21.4,7,医疗,23.33,保留当前套餐
4,22,9,免费版,1,8.3,2,电商,7.16,保留当前套餐
19,25,8,专业版,1,20.3,3,咨询服务,22.57,保留当前套餐
2,27,4,基础版,0,25.7,5,教育,31.02,保留当前套餐
7,21,64,免费版,0,22.4,5,教育,18.2,保留当前套餐
4,26,17,基础版,1,16.0,3,电商,9.83,保留当前套餐
24,26,6,免费版,1,21.0,3,制造,23.42,升级专业版
8,21,5,基础版,2,30.1,9,电商,31.68,保留当前套餐
24,22,10,专业版,2,7.3,8,电商,5.75,保留当前套餐
6,22,8,基础版,3,25.4,2,咨询服务,27.57,保留当前套餐
10,26,10,免费版,3,22.3,2,制造,27.02,保留当前套餐
11,24,6,基础版,1,20.8,4,电商,33.07,保留当前套餐
8,23,7,基础版,1,10.0,4,制造,22.13,保留当前套餐
23,25,7,免费版,1,11.4,7,医疗,20.68,升级专业版
16,23,11,专业版,2,20.9,4,制造,19.3,保留当前套餐
14,31,38,免费版,0,18.5,3,医疗,2.46,保留当前套餐
29,21,3,免费版,1,10.1,7,教育,38.43,升级企业版
6,25,5,基础版,3,18.1,2,制造,13.19,保留当前套餐
25,20,4,基础版,0,23.4,3,医疗,14.99,保留当前套餐
20,19,8,专业版,2,5.2,2,电商,20.97,保留当前套餐
26,17,8,免费版,1,19.9,5,教育,14.83,升级专业版
25,22,8,免费版,0,30.2,7,制造,12.77,升级专业版
11,18,12,免费版,0,24.8,3,教育,27.06,保留当前套餐
27,22,13,专业版,3,31.6,6,医疗,32.3,升级专业版
25,24,14,专业版,1,14.5,4,制造,22.39,升级专业版
6,28,20,免费版,2,28.5,4,咨询服务,0.5,保留当前套餐
18,16,11,专业版,2,20.5,3,医疗,28.58,保留当前套餐
30,20,16,基础版,1,9.1,3,医疗,22.02,升级专业版
17,24,8,免费版,0,32.1,2,咨询服务,26.78,升级专业版
15,34,1,免费版,4,8.7,10,制造,14.47,保留当前套餐
30,19,24,基础版,2,10.1,4,电商,31.1,升级专业版
16,33,3,基础版,2,14.8,5,教育,11.73,保留当前套餐
20,33,3,免费版,1,22.1,2,制造,30.87,升级专业版
21,20,3,免费版,3,34.3,10,医疗,3.25,升级专业版
23,25,9,基础版,1,9.2,7,教育,32.55,升级专业版
17,32,6,专业版,3,29.8,7,咨询服务,32.98,升级专业版
1,25,13,免费版,2,26.3,5,制造,22.29,保留当前套餐
21,21,5,专业版,2,22.5,2,制造,18.48,保留当前套餐
29,32,7,基础版,2,19.4,9,制造,3.31,升级专业版
2,23,3,基础版,1,30.7,5,咨询服务,16.52,保留当前套餐
4,20,36,专业版,1,20.2,1,教育,28.1,保留当前套餐
1,20,7,基础版,3,21.2,4,咨询服务,24.29,保留当前套餐
27,24,14,基础版,1,16.3,5,咨询服务,0.5,升级专业版
3,29,5,专业版,0,16.8,1,电商,13.6,保留当前套餐
12,22,17,基础版,1,35.3,3,医疗,35.03,保留当前套餐
12,19,13,基础版,4,28.6,7,电商,10.49,保留当前套餐
21,27,8,免费版,1,29.3,5,咨询服务,25.04,升级专业版
16,13,37,免费版,0,18.7,7,咨询服务,20.87,升级专业版
2,19,36,基础版,3,7.9,3,制造,31.57,保留当前套餐
15,26,27,基础版,4,21.0,2,咨询服务,30.06,保留当前套餐
24,25,20,基础版,0,22.1,6,医疗,41.31,升级专业版
20,19,13,基础版,4,25.4,8,咨询服务,16.21,保留当前套餐
19,24,11,基础版,3,33.7,5,医疗,0.53,保留当前套餐
8,18,9,专业版,2,23.7,3,教育,10.64,保留当前套餐
10,24,13,基础版,4,11.1,2,教育,18.34,保留当前套餐
20,24,2,免费版,0,14.1,4,教育,8.31,保留当前套餐
3,16,7,专业版,4,9.4,5,制造,11.33,保留当前套餐
22,22,13,基础版,0,36.8,1,咨询服务,10.61,升级专业版
5,21,7,免费版,5,19.6,4,制造,34.95,保留当前套餐
11,18,5,基础版,3,1.0,5,教育,15.95,保留当前套餐
26,24,6,基础版,3,16.8,5,电商,8.41,保留当前套餐
21,24,10,专业版,1,1.0,8,电商,37.06,保留当前套餐
13,30,4,基础版,4,38.7,5,制造,9.26,保留当前套餐
17,27,13,专业版,2,9.7,4,电商,29.36,保留当前套餐
2,29,14,基础版,0,12.2,3,医疗,0.5,保留当前套餐
24,19,6,免费版,5,10.4,3,制造,12.89,保留当前套餐
2,29,3,免费版,2,10.9,8,教育,11.68,保留当前套餐
10,27,15,免费版,3,11.1,5,咨询服务,25.78,保留当前套餐
24,23,4,基础版,1,22.5,5,制造,10.69,升级专业版
25,19,7,免费版,3,19.7,3,制造,27.88,保留当前套餐
12,24,25,免费版,2,25.8,3,电商,13.59,保留当前套餐
1,18,4,专业版,4,7.5,6,电商,21.07,保留当前套餐
19,31,5,专业版,3,27.4,6,教育,4.08,保留当前套餐
24,22,8,基础版,3,27.0,4,教育,11.8,保留当前套餐
2,27,24,基础版,2,9.4,7,制造,16.69,保留当前套餐
11,23,9,免费版,6,22.9,6,教育,11.17,保留当前套餐
22,22,14,基础版,2,32.8,4,咨询服务,10.01,保留当前套餐
30,20,14,免费版,1,23.3,7,咨询服务,13.69,升级专业版
4,31,8,基础版,4,24.6,1,电商,20.01,保留当前套餐
14,27,20,专业版,1,13.6,9,教育,14.54,保留当前套餐
8,24,8,基础版,1,21.8,1,电商,21.16,保留当前套餐
18,24,36,免费版,1,29.0,4,制造,14.3,升级专业版
22,24,15,免费版,2,15.5,4,电商,14.55,升级专业版
28,21,5,免费版,0,27.3,2,制造,29.59,升级专业版
17,17,34,基础版,1,14.7,4,电商,40.82,升级专业版
11,29,80,免费版,1,26.3,3,电商,24.31,升级专业版
18,29,8,专业版,4,12.3,3,电商,11.92,保留当前套餐
21,17,9,免费版,0,22.3,4,咨询服务,25.76,升级专业版
28,20,10,基础版,1,16.6,6,电商,21.9,升级专业版
17,26,2,基础版,1,11.3,4,咨询服务,11.55,保留当前套餐
12,19,7,专业版,2,17.4,5,咨询服务,0.5,保留当前套餐
28,18,10,专业版,0,13.2,3,咨询服务,8.21,保留当前套餐
7,22,8,基础版,5,1.0,6,教育,9.96,保留当前套餐
29,22,13,基础版,4,22.1,6,电商,29.77,升级企业版
5,23,6,基础版,4,1.7,4,医疗,13.1,保留当前套餐
10,28,6,免费版,2,15.3,5,医疗,8.61,保留当前套餐
27,22,17,专业版,3,42.5,4,教育,21.61,升级专业版
15,25,15,免费版,2,23.4,1,医疗,7.87,保留当前套餐
6,25,20,基础版,2,17.1,5,医疗,25.12,保留当前套餐
7,21,9,基础版,1,11.7,6,咨询服务,15.17,保留当前套餐
29,27,7,专业版,4,12.5,7,咨询服务,4.44,保留当前套餐
29,23,15,免费版,1,19.6,3,教育,9.65,升级专业版
11,25,9,基础版,2,21.9,5,医疗,8.34,保留当前套餐
17,31,2,免费版,4,7.6,6,电商,13.75,保留当前套餐
25,25,20,免费版,2,18.3,4,咨询服务,18.4,升级专业版
14,22,4,基础版,1,8.2,8,电商,19.45,保留当前套餐
14,23,8,基础版,1,16.0,3,电商,15.12,保留当前套餐
19,26,6,免费版,1,8.8,7,医疗,15.74,升级专业版
7,21,9,免费版,6,7.0,6,医疗,0.5,保留当前套餐
22,25,17,基础版,2,10.8,5,制造,20.08,升级专业版
5,32,10,基础版,1,16.2,4,教育,23.33,保留当前套餐
26,22,5,基础版,6,18.9,6,咨询服务,33.43,升级专业版
16,30,7,免费版,6,24.6,3,咨询服务,19.43,保留当前套餐
9,29,6,基础版,1,12.5,5,医疗,6.13,保留当前套餐
27,22,5,专业版,0,9.6,1,咨询服务,9.55,保留当前套餐
16,24,6,专业版,1,1.0,5,制造,11.48,保留当前套餐
22,26,4,免费版,1,10.3,5,电商,10.31,升级专业版
11,16,32,免费版,1,3.6,5,咨询服务,22.78,保留当前套餐
10,15,15,免费版,0,12.2,5,电商,0.5,保留当前套餐
12,24,16,专业版,1,28.3,3,制造,7.99,保留当前套餐
29,16,13,基础版,1,13.9,3,医疗,19.75,升级专业版
29,19,32,基础版,3,32.3,6,教育,28.93,升级专业版
15,21,4,专业版,3,14.4,6,咨询服务,0.5,保留当前套餐
17,13,14,免费版,4,21.6,2,医疗,23.44,保留当前套餐
16,28,12,免费版,3,22.2,7,电商,30.65,升级专业版
9,29,60,基础版,1,13.8,5,电商,31.65,保留当前套餐
6,16,10,免费版,1,15.5,5,医疗,24.07,保留当前套餐
10,21,65,免费版,4,22.2,7,制造,17.8,保留当前套餐
24,22,6,免费版,0,11.2,5,电商,16.37,升级专业版
23,23,16,基础版,0,15.3,5,教育,17.59,升级专业版
19,20,15,专业版,4,16.4,2,制造,13.38,保留当前套餐
14,27,18,基础版,2,24.4,6,咨询服务,5.86,保留当前套餐
20,13,12,免费版,1,20.1,2,电商,14.26,保留当前套餐
22,24,57,免费版,4,29.0,4,电商,15.92,升级专业版
18,23,18,免费版,1,15.7,5,制造,11.7,升级专业版
12,29,3,免费版,1,10.6,4,电商,5.66,保留当前套餐
8,37,5,基础版,4,17.8,4,医疗,20.56,保留当前套餐
7,18,14,基础版,4,24.8,3,教育,0.5,保留当前套餐
26,21,22,免费版,1,9.3,5,医疗,8.34,升级专业版
12,26,68,免费版,0,20.1,6,咨询服务,18.07,保留当前套餐
24,19,3,基础版,1,21.9,3,咨询服务,16.71,升级专业版
2,29,24,免费版,2,1.0,5,医疗,12.41,保留当前套餐
4,21,9,免费版,0,11.8,6,咨询服务,6.66,保留当前套餐
13,19,3,免费版,1,6.8,8,医疗,20.89,保留当前套餐
8,21,8,免费版,2,19.8,7,电商,18.69,保留当前套餐
28,13,29,免费版,3,10.8,3,医疗,7.61,升级专业版
14,17,6,基础版,2,25.6,5,电商,2.72,保留当前套餐
26,29,12,免费版,1,28.3,3,教育,18.69,升级专业版
24,33,4,基础版,3,13.6,3,医疗,21.81,升级专业版
27,26,7,专业版,2,22.1,8,制造,31.15,保留当前套餐
17,27,9,免费版,1,20.2,5,教育,38.44,升级专业版
16,35,4,免费版,1,21.0,6,教育,3.13,升级专业版
3,21,12,免费版,4,9.4,3,医疗,9.32,保留当前套餐
16,33,7,免费版,0,5.9,4,教育,0.51,保留当前套餐
30,16,9,专业版,1,29.7,5,咨询服务,25.02,升级专业版
13,20,6,免费版,0,10.4,4,医疗,21.02,保留当前套餐
3,18,6,免费版,3,14.8,5,制造,12.86,保留当前套餐
28,18,34,免费版,1,11.6,6,电商,21.9,升级专业版
30,17,22,基础版,1,26.7,4,电商,38.58,升级企业版
6,21,4,基础版,4,23.6,4,电商,31.75,保留当前套餐
19,21,11,免费版,1,20.4,5,电商,41.77,升级专业版
21,19,10,免费版,5,17.6,5,咨询服务,17.65,保留当前套餐
25,23,11,免费版,0,8.5,6,电商,52.27,升级企业版
11,24,5,基础版,4,17.8,5,咨询服务,7.01,保留当前套餐
18,22,5,基础版,2,19.6,4,制造,9.22,保留当前套餐
28,25,5,专业版,2,2.1,5,电商,24.95,保留当前套餐
10,26,11,专业版,3,6.9,5,教育,6.27,保留当前套餐
15,17,8,免费版,1,15.9,3,电商,35.15,升级专业版
25,22,5,免费版,3,8.9,7,医疗,29.92,升级专业版
24,19,8,基础版,1,18.3,2,制造,14.43,升级专业版
1,26,17,免费版,0,1.0,2,教育,30.45,保留当前套餐
13,14,9,基础版,4,17.1,7,教育,7.91,保留当前套餐
10,21,5,基础版,1,17.7,1,医疗,0.5,保留当前套餐
27,28,8,免费版,2,34.2,4,制造,1.42,升级专业版
11,28,11,基础版,2,11.7,5,电商,9.09,保留当前套餐
22,31,11,免费版,0,1.0,4,制造,36.22,升级专业版
28,10,12,专业版,3,15.5,7,电商,30.95,升级专业版
18,25,4,免费版,3,21.8,2,制造,0.5,保留当前套餐
11,20,8,专业版,3,24.9,2,医疗,27.8,保留当前套餐
8,20,4,免费版,3,16.0,6,咨询服务,26.62,保留当前套餐
10,25,9,基础版,2,1.0,7,制造,8.17,保留当前套餐
15,24,6,专业版,0,1.0,5,制造,45.66,保留当前套餐
27,22,2,免费版,2,9.2,4,制造,15.74,保留当前套餐
23,20,3,免费版,1,26.1,6,教育,15.52,升级专业版
20,23,5,免费版,0,17.2,5,电商,16.63,保留当前套餐
11,32,10,专业版,3,2.9,5,医疗,25.0,保留当前套餐
16,30,2,免费版,1,9.1,12,医疗,25.09,升级专业版
27,20,6,免费版,1,17.6,4,电商,14.9,升级专业版
6,25,6,免费版,4,22.8,1,电商,2.54,保留当前套餐
18,24,24,基础版,1,6.5,5,咨询服务,15.97,保留当前套餐
8,22,3,基础版,0,1.0,3,咨询服务,25.5,保留当前套餐
13,31,3,免费版,8,8.0,3,教育,34.32,保留当前套餐
7,26,1,专业版,3,19.1,4,教育,11.39,保留当前套餐
19,24,17,基础版,3,9.9,3,教育,21.34,升级专业版
6,33,33,免费版,1,20.8,4,医疗,41.29,升级专业版
17,19,12,免费版,2,19.3,2,教育,16.45,保留当前套餐
1,23,2,基础版,2,27.7,6,制造,17.6,保留当前套餐
2,17,6,免费版,3,22.2,6,教育,24.13,保留当前套餐
7,18,8,基础版,3,6.2,4,制造,20.36,保留当前套餐
24,23,6,免费版,0,7.6,5,电商,1.67,升级专业版
30,33,8,基础版,1,12.5,4,咨询服务,28.11,升级专业版
1,25,4,专业版,0,10.8,7,医疗,28.06,保留当前套餐
22,28,5,免费版,2,16.1,5,制造,11.06,升级专业版
4,23,8,基础版,2,5.8,2,制造,24.09,保留当前套餐
5,16,8,免费版,2,7.5,4,制造,16.56,保留当前套餐
26,22,16,基础版,2,8.1,6,制造,6.0,升级专业版
13,32,13,免费版,2,2.7,6,咨询服务,41.19,保留当前套餐
9,25,12,基础版,2,8.9,5,制造,17.01,保留当前套餐
19,25,33,基础版,2,16.6,2,制造,4.11,保留当前套餐
10,24,3,免费版,5,9.5,3,制造,15.43,保留当前套餐
25,26,29,免费版,2,1.0,6,医疗,28.73,升级专业版
8,24,21,免费版,1,16.8,5,制造,19.66,保留当前套餐
29,24,12,基础版,1,5.3,8,制造,19.21,升级专业版
27,22,8,免费版,2,5.4,4,咨询服务,21.66,升级专业版
12,15,5,专业版,4,6.6,7,电商,17.92,保留当前套餐
19,25,3,免费版,0,4.4,4,制造,8.04,升级专业版
2,24,3,免费版,1,24.7,6,咨询服务,18.84,保留当前套餐
21,27,4,免费版,0,20.6,5,咨询服务,7.93,升级专业版
20,24,4,免费版,2,13.7,2,教育,40.43,升级专业版
24,16,9,免费版,1,14.1,4,教育,34.71,升级专业版
9,27,3,免费版,3,15.7,4,咨询服务,29.92,保留当前套餐
28,27,22,专业版,3,11.7,3,医疗,28.94,升级专业版
11,26,16,基础版,0,27.9,8,制造,15.97,保留当前套餐
8,26,18,免费版,4,10.2,7,咨询服务,18.03,保留当前套餐
3,22,12,基础版,2,11.2,4,咨询服务,11.08,保留当前套餐
21,18,16,免费版,2,8.6,5,制造,16.98,保留当前套餐
27,25,9,基础版,4,22.0,5,制造,11.77,升级专业版
26,14,27,基础版,2,17.6,3,咨询服务,17.9,升级专业版
6,26,12,专业版,1,16.7,1,医疗,25.44,保留当前套餐
27,19,8,基础版,2,13.6,4,咨询服务,32.21,升级专业版
9,15,8,基础版,0,11.3,9,咨询服务,29.9,保留当前套餐
20,19,12,免费版,2,22.5,4,咨询服务,8.58,保留当前套餐
2,23,32,基础版,1,14.1,8,教育,21.37,保留当前套餐
12,23,52,专业版,1,32.4,2,教育,29.47,保留当前套餐
30,16,17,免费版,3,12.8,4,咨询服务,18.94,升级专业版
13,23,2,专业版,0,23.2,2,医疗,24.92,保留当前套餐
23,19,6,基础版,2,38.6,5,医疗,12.65,保留当前套餐
4,33,36,专业版,3,5.7,3,电商,38.82,保留当前套餐
23,23,18,免费版,4,11.7,4,制造,23.98,升级专业版
19,21,38,免费版,3,31.8,2,咨询服务,17.22,升级专业版
27,24,14,免费版,0,1.0,3,制造,13.59,升级专业版
13,21,15,免费版,1,13.6,8,电商,38.09,保留当前套餐
28,26,13,专业版,3,15.6,5,医疗,15.2,保留当前套餐
15,27,3,基础版,3,14.1,5,制造,8.17,保留当前套餐
8,29,2,免费版,1,15.2,6,电商,18.32,保留当前套餐
7,26,12,专业版,5,6.2,12,咨询服务,36.37,保留当前套餐
19,17,10,免费版,0,17.8,5,制造,22.87,升级专业版
19,21,8,专业版,0,18.3,1,电商,0.5,保留当前套餐
8,24,9,免费版,2,19.1,1,咨询服务,17.96,保留当前套餐
6,26,10,基础版,3,11.4,4,制造,21.04,保留当前套餐
4,24,9,免费版,2,5.4,5,制造,32.68,保留当前套餐
30,19,9,基础版,1,21.5,6,制造,19.33,升级专业版
8,23,39,免费版,1,3.0,3,医疗,6.76,保留当前套餐
17,29,5,基础版,2,32.2,4,电商,16.45,升级专业版
10,26,13,专业版,1,16.9,8,咨询服务,5.65,保留当前套餐
23,24,18,专业版,3,26.6,5,电商,22.99,保留当前套餐
4,25,8,基础版,2,25.8,3,咨询服务,19.13,保留当前套餐
8,26,20,免费版,1,18.5,8,医疗,9.2,保留当前套餐
3,22,13,基础版,2,24.6,4,制造,39.79,保留当前套餐
22,35,4,专业版,2,25.8,7,制造,24.17,升级专业版
28,22,2,基础版,2,18.4,4,咨询服务,0.5,升级专业版
12,20,5,专业版,3,28.8,7,咨询服务,2.47,保留当前套餐
28,23,32,免费版,0,7.3,6,电商,11.56,升级专业版
5,22,9,基础版,0,15.3,3,咨询服务,24.69,保留当前套餐
10,25,7,专业版,2,15.5,7,教育,21.58,保留当前套餐
4,20,12,专业版,0,12.7,7,电商,12.11,保留当前套餐
12,27,24,专业版,1,35.4,6,教育,8.21,保留当前套餐
5,19,12,基础版,3,19.4,2,医疗,12.17,保留当前套餐
6,21,16,基础版,0,12.2,7,咨询服务,32.45,保留当前套餐
17,23,15,免费版,7,16.6,2,电商,26.89,保留当前套餐
11,23,12,基础版,1,1.0,4,电商,12.77,保留当前套餐
26,18,13,免费版,4,18.2,4,教育,33.44,升级专业版
25,20,11,免费版,0,38.8,4,咨询服务,9.22,升级专业版
10,33,7,基础版,2,28.5,4,医疗,35.02,升级专业版
23,23,7,基础版,0,12.7,4,教育,28.16,升级专业版
6,24,34,免费版,4,13.2,6,电商,22.97,保留当前套餐
17,18,4,基础版,2,28.2,5,电商,21.89,升级专业版
6,17,68,免费版,1,23.2,7,制造,10.05,保留当前套餐
13,27,14,免费版,0,19.7,9,电商,23.82,保留当前套餐
17,20,4,基础版,2,30.0,3,电商,3.52,保留当前套餐
20,36,4,基础版,1,19.7,8,电商,14.15,升级专业版
26,29,62,基础版,0,17.2,3,咨询服务,0.5,升级专业版
22,23,9,专业版,1,35.8,4,制造,0.5,升级专业版
11,16,3,基础版,0,38.3,10,教育,25.61,保留当前套餐
20,15,3,基础版,2,13.3,6,制造,4.06,保留当前套餐
13,19,6,基础版,2,34.2,5,教育,8.33,保留当前套餐
6,23,1,基础版,4,12.7,5,制造,23.58,保留当前套餐
23,18,9,基础版,0,24.5,3,电商,26.99,升级专业版
5,21,7,专业版,5,23.3,2,咨询服务,22.41,保留当前套餐
10,16,18,免费版,1,29.6,2,医疗,17.21,保留当前套餐
8,18,7,基础版,3,9.9,2,教育,14.62,保留当前套餐
24,19,17,基础版,2,11.6,3,制造,1.77,保留当前套餐
21,30,6,基础版,2,8.1,5,教育,9.37,升级专业版
12,18,6,基础版,2,8.4,5,咨询服务,15.43,保留当前套餐
2,24,9,免费版,2,12.6,3,咨询服务,29.09,保留当前套餐
18,17,7,基础版,4,16.3,4,咨询服务,13.36,保留当前套餐
3,25,16,免费版,2,14.5,4,咨询服务,40.05,保留当前套餐
8,24,2,免费版,1,9.1,2,医疗,20.12,保留当前套餐
4,22,10,基础版,0,30.5,5,制造,34.59,保留当前套餐
6,31,6,免费版,1,16.8,8,教育,26.55,保留当前套餐
29,20,5,基础版,1,22.0,9,医疗,18.68,升级专业版
8,31,6,免费版,0,24.8,0,医疗,17.71,保留当前套餐
2,21,3,专业版,3,10.3,5,咨询服务,7.9,保留当前套餐
21,23,5,基础版,0,29.9,4,咨询服务,12.98,升级专业版
19,26,4,基础版,0,6.4,4,电商,12.25,保留当前套餐
12,19,13,专业版,1,12.7,5,咨询服务,33.64,保留当前套餐
5,24,3,基础版,0,12.9,2,电商,18.97,保留当前套餐
20,20,37,专业版,2,12.1,7,电商,20.88,保留当前套餐
24,25,6,专业版,1,20.6,6,医疗,12.05,保留当前套餐
7,17,11,基础版,1,8.2,2,制造,4.17,保留当前套餐
13,30,8,免费版,3,15.5,8,咨询服务,15.51,保留当前套餐
21,17,24,基础版,0,10.8,8,医疗,15.87,升级专业版
30,25,5,免费版,1,14.0,6,电商,17.04,升级专业版
16,32,16,免费版,0,35.8,4,咨询服务,14.45,升级专业版
26,28,15,免费版,1,36.5,1,咨询服务,30.28,升级专业版
19,30,5,基础版,5,17.2,5,电商,25.46,保留当前套餐
22,28,7,基础版,1,24.0,1,制造,18.52,升级专业版
1,24,5,基础版,2,26.7,5,教育,28.16,保留当前套餐
19,30,10,免费版,2,23.8,4,制造,26.4,升级专业版
28,30,5,基础版,2,14.6,4,制造,0.5,升级专业版
12,20,14,基础版,0,7.8,7,咨询服务,23.11,保留当前套餐
2,19,16,免费版,1,24.7,5,教育,35.67,保留当前套餐
16,28,3,免费版,0,28.4,7,医疗,7.5,升级专业版
11,18,10,基础版,2,26.0,2,教育,23.58,保留当前套餐
27,29,8,专业版,2,34.2,4,医疗,3.52,保留当前套餐
13,24,3,基础版,2,17.5,5,制造,17.43,保留当前套餐
13,23,20,基础版,2,10.5,3,咨询服务,29.51,保留当前套餐
27,32,9,基础版,3,16.5,5,咨询服务,9.38,升级专业版
21,23,6,基础版,1,18.0,4,制造,10.28,保留当前套餐
16,26,9,免费版,0,19.5,1,医疗,27.72,升级专业版
21,22,5,基础版,3,12.4,3,医疗,5.64,保留当前套餐
2,21,4,基础版,1,24.1,3,医疗,25.78,保留当前套餐
20,21,4,免费版,1,13.9,4,教育,38.15,升级专业版
17,18,2,基础版,4,34.4,6,制造,8.67,保留当前套餐
13,26,20,基础版,0,20.0,3,咨询服务,37.38,升级专业版
25,25,2,免费版,1,19.2,0,医疗,33.4,升级专业版
5,18,8,免费版,1,14.5,3,医疗,22.38,保留当前套餐
5,29,6,免费版,1,18.8,3,电商,24.92,保留当前套餐
12,23,11,专业版,0,13.3,3,医疗,0.5,保留当前套餐
28,23,11,专业版,4,1.0,5,电商,12.15,保留当前套餐
24,29,2,基础版,2,19.6,4,教育,13.15,升级专业版
30,22,12,免费版,2,18.5,4,教育,18.64,升级专业版
27,21,4,免费版,3,17.0,5,医疗,23.25,升级专业版
30,22,8,专业版,1,32.9,3,咨询服务,9.93,升级专业版
8,28,13,免费版,1,1.0,7,教育,7.88,保留当前套餐
26,20,21,基础版,3,30.8,13,咨询服务,31.65,升级专业版
22,28,2,专业版,4,33.8,6,教育,22.28,保留当前套餐
12,23,8,基础版,0,16.8,6,教育,34.39,保留当前套餐
27,19,8,基础版,3,17.0,5,制造,24.76,升级专业版
2,24,39,免费版,1,26.4,3,教育,18.53,保留当前套餐
18,31,17,免费版,2,31.0,9,教育,13.59,升级专业版
5,25,34,免费版,0,18.6,6,教育,16.63,保留当前套餐
15,23,10,免费版,3,13.8,6,教育,20.75,保留当前套餐
3,33,3,基础版,5,32.2,5,教育,42.64,保留当前套餐
8,20,10,免费版,0,38.6,9,咨询服务,29.69,升级专业版
18,27,10,基础版,4,26.9,4,医疗,10.0,保留当前套餐
30,22,36,免费版,2,8.0,5,咨询服务,10.42,升级专业版
30,25,5,免费版,2,1.0,4,制造,34.18,升级专业版
15,21,13,基础版,0,20.5,4,电商,35.46,升级专业版
13,14,5,免费版,1,7.1,4,教育,16.01,保留当前套餐
2,26,34,免费版,0,5.8,8,医疗,1.75,保留当前套餐
18,24,5,免费版,1,20.9,5,电商,20.44,保留当前套餐
9,27,2,基础版,2,3.5,7,电商,20.74,保留当前套餐
20,24,8,基础版,0,19.4,4,教育,21.86,保留当前套餐
14,28,24,免费版,2,23.7,4,咨询服务,29.65,保留当前套餐
12,25,38,基础版,6,23.2,9,电商,28.78,保留当前套餐
29,25,7,免费版,1,31.3,5,制造,32.38,升级企业版
4,17,9,免费版,1,29.6,6,制造,33.69,保留当前套餐
11,24,4,免费版,0,17.6,6,电商,28.57,保留当前套餐
29,25,7,免费版,1,25.4,3,教育,21.42,升级专业版
22,33,22,基础版,0,17.1,2,制造,5.23,升级专业版
12,37,3,免费版,1,1.0,4,电商,0.5,保留当前套餐
30,23,15,专业版,2,25.9,2,医疗,23.96,保留当前套餐
30,24,14,基础版,0,13.5,5,教育,19.01,升级专业版
14,14,7,免费版,0,34.1,5,电商,9.32,保留当前套餐
1,12,13,免费版,1,5.5,5,咨询服务,21.49,保留当前套餐
14,22,28,免费版,1,7.3,3,医疗,32.85,保留当前套餐
13,22,12,基础版,3,26.8,5,咨询服务,16.88,保留当前套餐
9,17,17,基础版,0,22.7,4,医疗,25.42,保留当前套餐
14,20,3,基础版,1,1.0,3,咨询服务,12.18,保留当前套餐
16,27,6,免费版,4,25.4,3,咨询服务,11.71,保留当前套餐
30,22,7,免费版,1,9.3,3,咨询服务,14.14,升级专业版
10,28,3,基础版,2,6.8,2,教育,18.57,保留当前套餐
13,25,7,基础版,0,8.6,7,咨询服务,18.31,保留当前套餐
19,28,5,免费版,5,10.2,4,制造,31.32,保留当前套餐
20,25,3,基础版,4,14.3,1,电商,2.32,保留当前套餐
22,30,8,免费版,2,9.5,5,教育,46.26,升级企业版
19,26,13,基础版,2,26.0,4,教育,23.68,升级专业版
28,25,16,基础版,0,18.3,5,咨询服务,21.42,升级专业版
3,16,31,免费版,1,26.3,8,医疗,15.62,保留当前套餐
17,16,15,免费版,1,21.1,6,咨询服务,11.49,保留当前套餐
11,17,5,免费版,2,33.1,8,制造,52.66,升级专业版
2,29,6,免费版,3,6.0,5,教育,19.28,保留当前套餐
9,23,5,基础版,0,10.3,2,电商,11.67,保留当前套餐
21,20,7,免费版,1,21.8,9,电商,5.36,升级专业版
17,16,19,免费版,1,10.5,6,教育,30.85,升级专业版
13,17,16,专业版,3,9.3,5,医疗,3.78,保留当前套餐
9,23,14,基础版,3,14.1,3,电商,27.95,保留当前套餐
21,28,71,免费版,0,9.1,6,制造,23.33,升级专业版
10,18,30,免费版,3,9.8,4,咨询服务,20.78,保留当前套餐
11,21,4,免费版,0,16.3,7,电商,23.54,保留当前套餐
12,21,8,基础版,1,18.8,9,咨询服务,2.48,保留当前套餐
29,27,2,基础版,0,22.4,2,医疗,9.07,升级专业版
29,23,10,专业版,2,18.8,8,教育,39.32,升级专业版
6,28,6,免费版,2,8.1,4,电商,27.23,保留当前套餐
28,22,8,基础版,2,27.0,5,教育,0.5,升级专业版
7,23,7,基础版,1,9.3,1,咨询服务,10.21,保留当前套餐
6,23,8,基础版,3,23.4,3,医疗,9.63,保留当前套餐
12,23,10,免费版,1,30.8,8,咨询服务,16.83,升级专业版
4,24,13,免费版,2,20.4,4,医疗,20.93,保留当前套餐
17,15,8,免费版,4,25.1,4,制造,3.08,保留当前套餐
4,15,12,基础版,1,6.4,4,咨询服务,3.35,保留当前套餐
11,15,9,基础版,1,23.8,5,咨询服务,6.64,保留当前套餐
9,13,24,专业版,0,23.8,4,教育,20.64,保留当前套餐
15,32,17,免费版,1,20.4,2,制造,33.65,升级专业版
22,24,9,基础版,1,11.4,6,制造,0.5,升级专业版
10,21,23,基础版,0,14.0,5,制造,12.68,保留当前套餐
8,21,7,免费版,1,14.5,4,咨询服务,29.62,保留当前套餐
25,15,13,专业版,2,25.0,6,咨询服务,17.28,保留当前套餐
23,20,15,免费版,2,24.0,4,电商,29.73,升级专业版
7,22,20,免费版,0,8.9,3,教育,29.33,保留当前套餐
3,18,13,基础版,0,13.6,2,电商,20.81,保留当前套餐
4,29,19,免费版,1,7.5,5,教育,32.14,保留当前套餐
2,25,12,基础版,1,9.9,4,电商,7.97,保留当前套餐
21,22,12,基础版,2,15.4,6,教育,28.43,保留当前套餐
25,25,7,免费版,1,28.3,6,电商,21.59,升级企业版
3,21,2,免费版,2,3.3,4,教育,10.25,保留当前套餐
23,23,12,基础版,1,28.1,5,电商,13.93,升级专业版
9,26,8,免费版,5,20.1,4,教育,12.4,保留当前套餐
9,19,4,基础版,1,8.9,2,医疗,9.29,保留当前套餐
28,18,1,免费版,0,23.5,3,制造,0.5,保留当前套餐
10,24,29,专业版,0,17.6,6,教育,18.3,保留当前套餐
6,28,18,免费版,1,21.0,8,电商,32.01,保留当前套餐
28,17,3,基础版,3,20.0,5,电商,23.34,升级专业版
13,14,24,基础版,1,19.2,5,教育,10.01,保留当前套餐
11,21,2,基础版,1,16.6,4,电商,19.86,保留当前套餐
19,21,4,专业版,3,21.0,5,教育,11.18,保留当前套餐
22,30,5,免费版,0,15.4,7,电商,4.6,升级专业版
14,22,20,基础版,2,24.6,10,电商,38.41,保留当前套餐
8,19,23,免费版,2,28.0,3,教育,23.85,保留当前套餐
30,17,13,基础版,1,34.8,5,咨询服务,19.54,升级专业版
18,25,3,基础版,2,35.9,3,教育,15.14,保留当前套餐
9,16,13,免费版,2,21.2,4,医疗,9.93,保留当前套餐
21,14,6,基础版,1,7.4,4,咨询服务,23.15,保留当前套餐
10,24,12,免费版,3,20.7,1,医疗,27.46,保留当前套餐
15,22,7,专业版,2,23.2,5,制造,9.09,保留当前套餐
30,18,6,专业版,3,25.4,4,医疗,45.22,升级专业版
28,32,5,基础版,3,40.4,7,医疗,31.62,升级专业版
25,19,15,免费版,2,34.1,1,制造,20.26,升级专业版
30,19,90,专业版,1,4.5,2,咨询服务,34.36,升级专业版
9,21,6,基础版,1,15.2,5,医疗,26.03,保留当前套餐
15,26,7,专业版,3,10.3,8,制造,8.5,保留当前套餐
28,16,8,专业版,1,20.2,3,制造,29.33,升级专业版
13,24,5,免费版,2,19.8,3,电商,8.04,保留当前套餐
27,23,2,基础版,1,33.6,3,医疗,21.92,升级专业版
30,24,8,免费版,1,16.5,4,电商,0.5,升级专业版
12,13,7,专业版,2,14.5,3,电商,33.89,保留当前套餐
23,21,27,免费版,1,26.6,4,电商,11.37,升级专业版
10,26,22,专业版,0,29.2,5,制造,7.77,保留当前套餐
11,19,16,免费版,4,26.5,7,电商,28.41,保留当前套餐
24,26,22,免费版,1,14.3,0,医疗,7.46,升级专业版
5,28,21,免费版,0,17.3,2,教育,7.95,保留当前套餐
17,27,6,基础版,5,40.5,5,咨询服务,19.69,升级专业版
30,17,5,基础版,3,42.0,4,咨询服务,17.87,升级专业版
22,22,6,基础版,1,11.9,3,制造,18.22,升级专业版
10,23,3,免费版,0,25.0,4,电商,23.59,保留当前套餐
28,28,10,基础版,2,16.2,3,制造,14.61,升级专业版
14,22,10,免费版,3,11.4,6,制造,27.08,保留当前套餐
19,30,6,免费版,2,16.0,7,电商,1.64,升级专业版
1,15,7,基础版,1,23.8,7,咨询服务,30.72,保留当前套餐
25,19,5,免费版,2,28.2,2,咨询服务,12.25,升级专业版
14,27,13,免费版,2,11.3,6,咨询服务,9.39,保留当前套餐
10,23,3,免费版,3,11.9,3,电商,32.58,保留当前套餐
16,20,5,专业版,1,8.7,5,咨询服务,18.06,保留当前套餐
7,22,54,基础版,1,15.1,5,电商,0.5,保留当前套餐
14,20,12,专业版,1,32.8,6,医疗,11.86,保留当前套餐
18,29,8,基础版,1,43.7,1,制造,16.7,升级专业版
2,21,12,免费版,1,14.2,5,电商,2.74,保留当前套餐
8,21,21,免费版,1,16.1,6,咨询服务,14.2,保留当前套餐
11,21,5,免费版,2,18.3,4,咨询服务,31.67,保留当前套餐
4,18,4,免费版,0,26.8,4,教育,18.46,保留当前套餐
26,26,7,免费版,1,18.7,6,咨询服务,24.19,升级专业版
16,24,7,免费版,1,13.7,5,电商,19.78,升级专业版
16,18,2,基础版,4,24.2,7,咨询服务,9.05,保留当前套餐
4,21,1,基础版,3,27.8,0,咨询服务,21.84,保留当前套餐
15,24,9,基础版,0,23.0,3,咨询服务,23.6,保留当前套餐
30,27,8,基础版,2,24.3,7,医疗,14.51,升级专业版
7,27,14,基础版,2,12.6,4,制造,11.32,保留当前套餐
11,27,15,免费版,0,33.5,5,教育,13.76,升级专业版
23,24,18,专业版,1,20.6,1,教育,31.44,保留当前套餐
15,35,2,免费版,2,26.3,3,教育,34.98,升级专业版
25,24,20,专业版,1,23.7,4,教育,7.56,保留当前套餐
8,28,6,免费版,2,24.5,3,医疗,16.04,保留当前套餐
7,16,7,免费版,0,20.7,7,医疗,11.97,保留当前套餐
21,13,4,免费版,0,2.9,6,咨询服务,15.67,保留当前套餐
18,20,33,免费版,1,7.3,4,电商,7.87,保留当前套餐
30,22,2,基础版,0,41.5,7,咨询服务,13.53,升级专业版
30,27,13,免费版,0,10.5,3,教育,16.99,升级专业版
30,17,46,专业版,4,29.2,8,咨询服务,27.67,升级专业版
27,28,19,专业版,2,7.8,3,制造,21.99,保留当前套餐
30,21,6,专业版,3,10.9,5,制造,23.57,保留当前套餐
13,24,3,免费版,0,20.7,3,咨询服务,16.01,保留当前套餐
11,24,8,免费版,3,3.6,5,电商,5.44,保留当前套餐
18,22,4,免费版,7,27.3,12,教育,22.81,升级专业版
13,23,6,基础版,1,15.0,3,电商,26.55,保留当前套餐
4,28,20,免费版,2,15.2,6,医疗,13.99,保留当前套餐
30,26,10,专业版,2,14.0,4,制造,15.26,保留当前套餐
24,19,6,免费版,3,13.4,6,制造,0.5,升级专业版
29,32,71,免费版,1,30.9,3,咨询服务,0.5,升级专业版
16,25,13,免费版,2,16.9,3,医疗,13.55,保留当前套餐
28,20,18,免费版,2,21.0,4,教育,22.52,升级专业版
2,23,21,基础版,3,21.2,5,电商,1.13,保留当前套餐
30,33,8,基础版,2,26.9,4,医疗,27.04,升级企业版
7,20,28,专业版,2,10.9,5,制造,19.01,保留当前套餐
19,28,21,免费版,3,10.6,7,咨询服务,24.24,保留当前套餐
29,32,4,免费版,0,19.1,3,教育,4.27,升级专业版
30,19,8,免费版,0,35.6,3,教育,27.69,升级企业版
12,26,3,免费版,1,27.8,3,咨询服务,13.94,保留当前套餐
20,25,9,免费版,2,22.1,3,制造,22.15,升级专业版
14,24,5,免费版,0,8.1,5,电商,16.8,保留当前套餐
8,17,7,专业版,3,20.9,0,医疗,3.51,保留当前套餐
15,19,8,基础版,2,21.2,6,医疗,11.34,保留当前套餐
28,25,6,免费版,1,18.5,8,教育,19.07,升级企业版
3,18,12,免费版,0,3.2,5,医疗,0.63,保留当前套餐
28,18,10,专业版,2,31.9,2,教育,31.3,升级专业版
12,23,13,免费版,3,11.3,2,咨询服务,0.5,保留当前套餐
10,20,12,基础版,0,10.5,4,教育,38.3,保留当前套餐
18,19,7,免费版,2,20.1,3,电商,26.23,保留当前套餐
7,29,11,免费版,2,15.2,5,制造,16.14,保留当前套餐
28,19,4,基础版,6,17.7,2,医疗,11.98,升级专业版
19,20,58,基础版,0,29.3,1,教育,8.22,升级专业版
21,22,3,免费版,3,13.0,4,教育,30.39,升级专业版
30,21,5,免费版,1,21.1,6,咨询服务,32.73,升级专业版
9,35,11,免费版,2,20.6,1,咨询服务,30.67,保留当前套餐
14,16,9,免费版,3,16.6,5,医疗,21.92,保留当前套餐
15,18,26,基础版,1,19.0,10,教育,21.37,保留当前套餐
6,31,18,免费版,1,15.0,3,电商,35.15,保留当前套餐
15,20,14,免费版,3,33.2,2,咨询服务,15.84,保留当前套餐
12,22,7,免费版,2,9.4,5,电商,17.14,保留当前套餐
8,27,16,免费版,2,28.8,5,医疗,23.15,保留当前套餐
2,22,3,基础版,2,11.5,7,制造,8.77,保留当前套餐
18,23,7,基础版,1,21.1,3,教育,26.56,保留当前套餐
24,23,19,专业版,2,11.1,4,电商,15.79,保留当前套餐
16,20,16,免费版,2,12.5,4,电商,31.3,保留当前套餐
30,22,18,免费版,2,12.7,6,教育,19.52,升级企业版
24,17,5,基础版,0,24.5,4,教育,14.98,保留当前套餐
10,18,6,免费版,2,16.0,5,教育,4.98,保留当前套餐
2,25,30,基础版,1,12.7,2,制造,8.58,保留当前套餐
21,24,12,基础版,4,20.7,6,教育,22.58,保留当前套餐
19,15,7,免费版,2,12.4,4,电商,9.92,保留当前套餐
1,35,8,基础版,0,32.3,8,咨询服务,30.39,保留当前套餐
29,27,11,基础版,0,29.5,6,教育,15.04,升级专业版
8,26,45,基础版,1,28.8,10,医疗,12.52,保留当前套餐
3,27,7,基础版,0,19.9,5,电商,26.12,保留当前套餐
2,23,12,免费版,3,12.6,3,制造,9.37,保留当前套餐
28,15,4,基础版,3,32.1,4,制造,12.61,升级专业版
13,21,1,基础版,3,15.7,5,制造,23.38,保留当前套餐
10,21,4,免费版,2,10.8,4,电商,16.88,保留当前套餐
25,20,2,专业版,1,1.0,8,咨询服务,28.39,保留当前套餐
27,22,9,免费版,3,5.9,4,电商,11.72,升级专业版
3,20,7,免费版,3,22.8,8,制造,15.56,保留当前套餐
23,25,8,免费版,0,25.7,1,电商,11.06,升级专业版
19,25,6,免费版,1,22.5,4,咨询服务,26.23,保留当前套餐
23,19,9,基础版,1,12.8,7,教育,20.38,升级专业版
8,12,7,专业版,4,1.5,7,教育,44.95,保留当前套餐
6,17,13,基础版,3,22.4,1,医疗,16.55,保留当前套餐
11,34,4,免费版,4,16.1,5,制造,1.51,保留当前套餐
22,24,19,专业版,3,17.8,2,咨询服务,4.33,保留当前套餐
29,19,11,基础版,2,30.7,5,制造,29.54,升级专业版
29,19,13,专业版,0,30.8,4,电商,9.13,升级专业版
10,22,4,基础版,2,17.1,3,医疗,0.5,保留当前套餐
12,24,3,基础版,1,21.2,2,医疗,37.43,保留当前套餐
15,21,3,基础版,2,21.9,2,制造,0.5,保留当前套餐
8,33,29,专业版,3,9.2,6,咨询服务,24.85,保留当前套餐
11,20,8,基础版,1,21.3,5,制造,6.17,保留当前套餐
13,23,18,免费版,1,16.0,3,电商,21.26,保留当前套餐
7,24,4,免费版,0,14.8,10,医疗,34.68,保留当前套餐
21,16,52,免费版,3,16.9,1,咨询服务,15.34,升级专业版
3,19,1,免费版,0,23.7,4,医疗,16.25,保留当前套餐
5,22,19,基础版,0,12.3,7,教育,19.65,保留当前套餐
21,28,6,免费版,2,14.0,5,医疗,5.19,保留当前套餐
27,27,6,免费版,5,28.5,8,教育,7.13,保留当前套餐
17,21,9,基础版,2,27.1,5,医疗,27.08,保留当前套餐
9,21,5,基础版,3,20.6,5,电商,19.04,保留当前套餐
8,15,6,专业版,3,27.2,2,电商,22.8,保留当前套餐
24,28,6,基础版,2,18.5,5,制造,6.72,升级专业版
1,27,5,免费版,3,9.9,7,教育,17.8,保留当前套餐
5,20,4,专业版,2,7.2,4,咨询服务,9.36,保留当前套餐
22,23,22,基础版,3,28.8,1,制造,10.48,保留当前套餐
12,24,4,免费版,2,12.3,3,制造,24.1,保留当前套餐
28,19,16,专业版,0,17.6,5,制造,35.71,保留当前套餐
1,18,17,免费版,1,21.3,3,制造,5.15,保留当前套餐
24,18,2,基础版,3,28.3,4,医疗,22.15,升级专业版
25,21,24,基础版,3,27.6,7,电商,9.16,升级专业版
18,20,11,专业版,0,11.4,2,医疗,10.59,保留当前套餐
5,23,9,专业版,2,21.3,2,制造,26.18,保留当前套餐
29,22,2,基础版,0,25.7,6,咨询服务,12.56,升级专业版
2,25,8,专业版,0,19.1,2,教育,6.33,保留当前套餐
12,30,29,免费版,0,17.4,4,咨询服务,17.3,保留当前套餐
1,18,27,基础版,2,5.5,6,咨询服务,20.84,保留当前套餐
2,17,5,专业版,0,35.8,7,医疗,25.64,保留当前套餐
23,39,9,基础版,2,13.1,2,制造,5.67,升级专业版
27,18,5,免费版,0,20.1,4,咨询服务,26.27,升级专业版
28,34,8,免费版,1,37.4,3,制造,51.43,升级企业版
24,20,6,免费版,4,17.8,8,教育,15.75,升级专业版
24,29,7,免费版,1,1.0,2,咨询服务,17.01,升级专业版
15,26,29,专业版,3,25.4,4,制造,10.85,保留当前套餐
16,27,18,基础版,0,13.9,1,教育,27.06,升级专业版
30,26,11,免费版,0,9.9,3,教育,14.48,升级专业版
30,22,19,基础版,1,11.2,0,教育,3.81,升级专业版
14,21,20,基础版,4,22.6,4,医疗,13.25,保留当前套餐
6,21,6,免费版,1,19.9,5,电商,27.04,保留当前套餐
8,11,6,基础版,1,1.5,2,电商,24.13,保留当前套餐
24,27,34,基础版,0,1.0,2,电商,17.28,升级专业版
5,28,7,免费版,1,24.3,5,医疗,11.33,保留当前套餐
30,21,26,专业版,3,26.0,1,电商,13.15,保留当前套餐
7,20,5,基础版,1,37.1,8,咨询服务,20.15,保留当前套餐
16,24,23,基础版,0,25.0,4,教育,7.06,保留当前套餐
11,25,2,免费版,2,16.6,7,电商,3.13,保留当前套餐
6,23,12,免费版,2,14.4,4,电商,6.91,保留当前套餐
5,25,33,免费版,0,16.3,3,咨询服务,19.93,保留当前套餐
28,27,12,基础版,2,18.2,3,教育,8.83,升级专业版
14,28,9,基础版,4,9.0,7,教育,22.53,保留当前套餐
9,26,3,免费版,2,10.0,6,医疗,21.25,保留当前套餐
9,22,6,免费版,1,9.0,4,医疗,19.59,保留当前套餐
23,26,15,免费版,6,38.1,3,医疗,0.5,保留当前套餐
17,27,7,基础版,5,1.0,3,制造,0.5,保留当前套餐
15,22,11,免费版,1,12.9,5,教育,5.6,保留当前套餐
13,20,22,基础版,2,15.1,5,医疗,7.1,保留当前套餐
19,17,31,专业版,1,27.1,8,教育,13.24,保留当前套餐
4,29,2,基础版,2,40.4,4,教育,22.81,保留当前套餐
7,21,14,专业版,1,10.7,5,咨询服务,26.31,保留当前套餐
16,19,3,专业版,2,23.1,8,咨询服务,23.2,保留当前套餐
20,18,6,基础版,0,20.8,6,医疗,24.64,保留当前套餐
17,26,48,基础版,2,36.7,4,制造,31.31,升级专业版
17,27,26,基础版,2,19.2,6,医疗,11.09,升级专业版
22,21,6,专业版,2,23.2,5,教育,0.5,保留当前套餐
13,26,7,专业版,0,2.8,5,咨询服务,11.9,保留当前套餐
12,16,12,基础版,2,22.9,4,制造,34.55,保留当前套餐
10,20,8,免费版,3,20.5,6,咨询服务,29.96,保留当前套餐
13,22,20,基础版,1,13.7,7,制造,20.12,保留当前套餐
11,28,14,免费版,0,25.4,4,电商,5.44,保留当前套餐
25,19,20,免费版,3,16.2,8,电商,13.87,升级专业版
1,24,16,基础版,0,20.7,3,电商,9.98,保留当前套餐
16,27,6,免费版,4,31.6,4,咨询服务,0.55,保留当前套餐
30,30,12,免费版,2,25.2,5,咨询服务,13.7,升级专业版
8,16,15,免费版,3,7.2,4,咨询服务,32.88,保留当前套餐
2,20,11,免费版,2,26.4,4,医疗,5.49,保留当前套餐
5,25,17,专业版,1,31.9,4,教育,38.71,保留当前套餐
1,24,6,基础版,1,11.6,1,咨询服务,11.19,保留当前套餐
25,19,3,基础版,3,34.8,6,电商,0.5,保留当前套餐
16,23,18,基础版,0,18.2,4,医疗,24.43,保留当前套餐
22,21,19,免费版,4,6.6,2,教育,12.63,保留当前套餐
30,28,2,基础版,2,35.2,8,教育,24.68,升级专业版
27,32,42,专业版,1,23.1,2,制造,29.28,升级专业版
13,23,8,免费版,2,8.3,4,教育,19.88,保留当前套餐
5,20,4,基础版,1,10.8,5,医疗,16.48,保留当前套餐
22,24,6,专业版,3,18.7,6,医疗,36.38,保留当前套餐
30,25,5,专业版,3,2.0,6,电商,24.57,升级专业版
11,24,21,基础版,1,27.1,7,医疗,25.39,保留当前套餐
2,18,3,免费版,2,26.9,3,制造,17.23,保留当前套餐
19,23,4,免费版,3,4.8,9,咨询服务,40.34,升级专业版
4,25,5,免费版,1,4.6,4,电商,16.54,保留当前套餐
5,25,21,免费版,0,11.5,3,教育,31.05,保留当前套餐
5,15,9,基础版,1,18.4,4,制造,19.33,保留当前套餐
22,15,8,基础版,4,18.4,2,教育,22.97,保留当前套餐
7,25,17,专业版,3,16.6,4,医疗,21.55,保留当前套餐
11,21,7,免费版,0,21.4,4,咨询服务,12.18,保留当前套餐
26,25,6,免费版,1,10.4,5,教育,35.71,升级专业版
20,21,3,专业版,3,15.5,11,制造,7.67,保留当前套餐
16,27,11,专业版,2,21.9,4,教育,33.75,保留当前套餐
16,22,6,免费版,2,31.2,5,医疗,3.82,保留当前套餐
5,22,9,基础版,2,19.3,3,电商,11.26,保留当前套餐
24,18,25,基础版,1,23.5,2,医疗,22.37,升级专业版
8,32,9,基础版,0,7.0,3,制造,28.01,保留当前套餐
13,24,9,基础版,1,1.0,5,咨询服务,27.92,保留当前套餐
29,24,14,基础版,2,8.9,2,教育,31.0,升级专业版
10,27,8,专业版,0,27.6,1,教育,20.42,保留当前套餐
28,39,51,免费版,3,17.5,3,电商,27.97,升级企业版
25,18,7,专业版,1,19.0,5,制造,20.09,保留当前套餐
15,20,10,免费版,1,23.1,8,医疗,22.2,升级专业版
30,23,14,基础版,2,5.5,5,电商,5.21,升级专业版
16,20,29,专业版,2,21.5,5,教育,0.5,保留当前套餐
20,22,4,免费版,0,18.5,6,医疗,21.41,升级专业版
10,27,8,基础版,4,5.6,7,医疗,11.83,保留当前套餐
16,28,9,专业版,3,23.0,6,电商,46.29,保留当前套餐
23,22,7,基础版,1,27.2,2,电商,40.54,升级专业版
8,11,26,基础版,1,18.2,3,教育,10.57,保留当前套餐
30,19,18,免费版,3,16.1,6,电商,26.62,升级企业版
27,24,3,免费版,0,3.8,4,医疗,5.22,升级专业版
9,24,16,基础版,0,17.4,4,医疗,21.96,保留当前套餐
20,20,9,免费版,1,26.0,4,咨询服务,13.8,升级专业版
19,19,20,免费版,3,16.8,6,医疗,1.03,保留当前套餐
20,25,6,免费版,4,29.7,5,制造,13.51,保留当前套餐
21,19,7,基础版,1,14.6,5,咨询服务,31.65,升级专业版
7,29,7,免费版,0,16.6,4,教育,24.15,保留当前套餐
23,20,16,专业版,2,22.1,1,制造,13.91,保留当前套餐
24,17,20,专业版,1,13.0,2,咨询服务,21.66,保留当前套餐
14,32,10,免费版,0,15.9,4,咨询服务,10.1,保留当前套餐
11,24,21,免费版,3,39.0,6,咨询服务,29.98,升级专业版
15,17,2,免费版,4,30.0,3,电商,19.03,保留当前套餐
4,26,16,基础版,0,26.4,8,电商,20.48,保留当前套餐
3,26,8,专业版,2,13.7,9,教育,15.66,保留当前套餐
19,22,10,专业版,0,7.3,5,医疗,20.99,保留当前套餐
20,27,6,基础版,2,14.9,11,制造,39.03,升级专业版
12,27,9,基础版,0,14.7,2,制造,25.67,保留当前套餐
2,12,24,专业版,4,19.9,4,教育,16.37,保留当前套餐
30,23,11,免费版,1,11.1,3,教育,16.41,升级专业版
30,24,27,基础版,1,13.0,4,制造,25.95,升级专业版
16,25,3,专业版,0,25.5,5,教育,35.77,保留当前套餐
14,16,10,专业版,1,20.7,1,电商,14.88,保留当前套餐
3,11,9,免费版,1,11.6,5,制造,22.23,保留当前套餐
26,27,10,免费版,1,21.3,6,教育,12.18,升级专业版
8,22,37,免费版,0,13.8,7,电商,12.12,保留当前套餐
9,21,9,基础版,2,14.9,7,咨询服务,27.24,保留当前套餐
6,22,5,专业版,5,22.6,4,教育,18.63,保留当前套餐
23,28,20,基础版,1,15.6,2,教育,22.28,升级专业版
16,15,9,基础版,1,37.5,4,制造,12.27,保留当前套餐
29,19,9,基础版,2,22.8,2,医疗,4.11,保留当前套餐
18,23,18,免费版,2,28.2,6,电商,26.2,升级专业版
16,19,13,基础版,1,20.2,3,医疗,9.38,保留当前套餐
28,24,1,免费版,3,26.1,4,咨询服务,31.48,升级专业版
23,30,8,免费版,1,17.5,7,电商,26.67,升级专业版
4,23,7,专业版,5,24.1,8,电商,31.7,保留当前套餐
12,21,4,基础版,1,13.1,4,咨询服务,14.27,保留当前套餐
23,20,12,基础版,2,27.0,4,教育,15.7,保留当前套餐
3,28,11,基础版,1,18.3,9,电商,20.9,保留当前套餐
2,29,9,免费版,3,5.2,1,教育,21.96,保留当前套餐
9,21,3,专业版,1,19.0,3,咨询服务,13.06,保留当前套餐
7,28,17,基础版,0,28.2,3,电商,38.02,保留当前套餐
25,21,6,专业版,1,21.6,6,医疗,22.43,保留当前套餐
7,25,57,基础版,1,25.3,2,医疗,9.21,保留当前套餐
15,30,22,免费版,2,4.9,6,教育,16.42,升级专业版
20,29,8,免费版,1,20.2,7,医疗,30.04,升级专业版
29,19,8,免费版,1,27.7,4,电商,3.77,升级专业版
3,24,5,免费版,2,22.9,3,电商,0.5,保留当前套餐
15,16,12,基础版,1,9.1,6,制造,18.37,保留当前套餐
23,32,2,基础版,2,10.3,6,医疗,23.63,保留当前套餐
5,18,4,免费版,0,14.3,2,教育,14.38,保留当前套餐
8,18,4,基础版,1,29.8,5,制造,6.95,保留当前套餐
29,25,2,基础版,1,5.2,2,医疗,14.18,保留当前套餐
9,24,6,免费版,1,11.6,6,医疗,0.5,保留当前套餐
24,23,6,专业版,1,16.6,8,教育,16.68,升级专业版
8,30,4,基础版,3,9.2,1,电商,8.06,保留当前套餐
16,16,44,专业版,1,7.2,1,制造,17.29,保留当前套餐
1,29,8,专业版,0,16.2,7,教育,3.87,保留当前套餐
21,16,12,免费版,1,2.9,3,咨询服务,12.31,保留当前套餐
24,25,16,免费版,2,30.1,5,医疗,19.75,升级专业版
7,26,22,基础版,1,16.5,1,电商,21.12,保留当前套餐
13,16,6,基础版,1,21.0,6,电商,13.51,保留当前套餐
3,30,6,基础版,3,13.7,8,制造,0.5,保留当前套餐
30,26,55,免费版,2,8.4,3,电商,21.64,升级专业版
27,24,13,基础版,1,19.3,2,电商,12.59,保留当前套餐
6,29,11,免费版,3,20.5,8,医疗,12.75,保留当前套餐
17,22,13,免费版,2,19.0,6,咨询服务,31.91,升级专业版
12,16,74,基础版,3,19.1,6,教育,17.11,保留当前套餐
8,21,18,基础版,1,23.4,6,制造,25.6,保留当前套餐
11,19,75,专业版,3,24.3,9,医疗,25.47,保留当前套餐
21,25,33,专业版,1,17.1,5,电商,16.01,升级专业版
28,24,9,免费版,2,28.1,5,教育,0.5,升级专业版
29,24,128,免费版,2,23.9,3,教育,16.03,升级企业版
3,29,4,基础版,0,29.3,6,制造,21.5,保留当前套餐
2,19,5,免费版,1,18.7,3,教育,23.84,保留当前套餐
5,29,5,免费版,2,30.0,6,教育,17.17,保留当前套餐
10,26,21,免费版,0,15.8,7,教育,11.49,保留当前套餐
29,28,7,基础版,1,12.0,8,制造,25.37,升级专业版
24,22,16,专业版,3,8.8,8,医疗,15.21,保留当前套餐
1,19,22,免费版,2,19.3,7,医疗,6.37,保留当前套餐
29,23,9,基础版,1,10.5,6,咨询服务,14.54,升级专业版
23,28,8,专业版,0,26.4,4,电商,16.28,保留当前套餐
18,17,6,专业版,1,7.5,5,电商,18.24,保留当前套餐
30,18,4,基础版,1,18.4,4,制造,15.44,升级专业版
15,22,4,免费版,2,22.5,4,电商,13.7,保留当前套餐
24,28,14,基础版,1,12.0,5,医疗,23.46,升级专业版
20,12,4,免费版,3,17.8,7,教育,15.44,保留当前套餐
23,23,8,免费版,0,13.2,8,电商,21.78,升级专业版
23,23,13,免费版,0,19.1,8,教育,13.75,升级专业版
18,25,12,免费版,1,25.6,5,咨询服务,0.5,升级专业版
7,33,3,基础版,2,25.0,5,医疗,4.02,保留当前套餐
25,19,10,免费版,2,23.5,3,制造,7.73,升级专业版
8,28,6,基础版,0,14.2,3,医疗,17.17,保留当前套餐
23,18,6,免费版,1,11.6,6,教育,30.67,升级专业版
27,26,7,免费版,1,16.4,6,医疗,15.21,升级专业版
4,12,10,免费版,1,21.3,5,教育,20.73,保留当前套餐
20,18,15,免费版,3,31.1,3,医疗,33.26,升级专业版
21,22,7,专业版,5,8.3,4,咨询服务,23.87,保留当前套餐
18,24,7,免费版,1,12.2,5,医疗,18.57,保留当前套餐
12,26,20,免费版,2,20.6,5,咨询服务,16.71,保留当前套餐
18,21,33,基础版,1,1.0,6,医疗,18.72,保留当前套餐
14,27,10,基础版,3,22.4,4,制造,27.87,保留当前套餐
19,27,43,专业版,0,10.2,3,咨询服务,10.69,保留当前套餐
24,22,5,基础版,0,10.3,2,医疗,7.88,升级专业版
29,21,12,基础版,2,13.2,4,制造,16.07,保留当前套餐
12,21,5,免费版,1,8.5,2,教育,8.78,保留当前套餐
5,21,1,免费版,1,9.1,2,医疗,11.31,保留当前套餐
12,19,11,专业版,1,20.3,3,制造,28.82,保留当前套餐
21,22,9,基础版,1,24.7,4,医疗,6.22,保留当前套餐
23,24,16,基础版,3,24.8,6,制造,15.53,保留当前套餐
17,19,3,基础版,2,10.6,3,制造,0.5,保留当前套餐
27,21,7,基础版,3,27.2,3,电商,0.5,升级专业版
16,23,10,基础版,0,32.2,3,电商,26.43,保留当前套餐
7,28,14,专业版,3,3.0,2,制造,23.84,保留当前套餐
19,21,8,免费版,1,19.6,7,咨询服务,32.02,升级专业版
12,21,10,免费版,1,11.8,13,医疗,2.91,保留当前套餐
25,22,49,免费版,2,22.9,6,咨询服务,18.21,升级专业版
27,28,4,专业版,3,23.2,8,教育,22.98,升级专业版
23,20,7,免费版,3,8.2,7,电商,20.98,升级专业版
19,28,20,专业版,0,15.7,1,教育,7.63,保留当前套餐
25,28,19,免费版,2,30.4,7,医疗,28.06,升级专业版
12,21,13,基础版,1,20.6,4,制造,32.61,保留当前套餐
24,16,3,专业版,1,12.0,2,制造,4.41,保留当前套餐
11,22,6,免费版,0,12.7,2,医疗,0.5,保留当前套餐
10,22,2,基础版,0,8.3,3,教育,8.97,保留当前套餐
11,19,3,专业版,1,30.4,5,电商,30.24,保留当前套餐
28,24,13,基础版,0,42.6,8,电商,21.89,升级企业版
1,26,5,免费版,1,18.9,3,教育,2.09,保留当前套餐
14,18,8,免费版,0,7.0,2,制造,2.08,保留当前套餐
10,23,4,基础版,1,3.5,2,电商,11.31,保留当前套餐
21,20,3,专业版,2,4.0,1,咨询服务,9.4,保留当前套餐
2,22,4,免费版,0,25.6,9,医疗,23.35,保留当前套餐
19,13,19,专业版,1,10.3,8,电商,20.19,保留当前套餐
23,19,19,基础版,1,22.0,4,教育,36.55,升级专业版
29,28,18,基础版,2,15.9,7,制造,16.79,升级专业版
6,24,3,基础版,1,2.0,4,制造,12.55,保留当前套餐
8,17,5,免费版,0,37.2,7,制造,5.89,保留当前套餐
2,21,27,专业版,3,18.5,6,医疗,0.5,保留当前套餐
16,22,13,免费版,2,34.3,3,教育,23.47,保留当前套餐
5,26,16,基础版,0,3.5,3,电商,27.44,保留当前套餐
6,21,6,免费版,1,21.4,2,咨询服务,10.73,保留当前套餐
30,18,11,专业版,3,17.6,7,电商,14.52,升级专业版
21,18,25,专业版,0,4.7,3,咨询服务,4.36,保留当前套餐
11,21,11,基础版,1,22.4,6,教育,22.35,保留当前套餐
19,26,11,基础版,4,6.9,5,教育,38.5,保留当前套餐
12,27,9,基础版,0,5.6,2,电商,37.22,保留当前套餐
13,26,3,免费版,0,24.3,6,制造,13.35,保留当前套餐
21,22,2,基础版,1,17.0,2,制造,12.51,保留当前套餐
21,26,14,免费版,3,27.0,3,教育,35.96,升级专业版
29,23,9,专业版,2,20.0,3,医疗,0.5,保留当前套餐
22,27,2,免费版,2,25.4,4,教育,26.27,升级专业版
8,23,6,基础版,0,15.9,4,制造,16.23,保留当前套餐
5,22,9,免费版,3,8.6,6,咨询服务,8.15,保留当前套餐
15,17,39,免费版,5,14.4,5,咨询服务,9.48,保留当前套餐
12,26,10,专业版,0,17.4,3,咨询服务,22.32,保留当前套餐
8,16,31,免费版,2,34.1,3,电商,13.08,保留当前套餐
7,28,8,免费版,2,30.4,3,电商,0.5,保留当前套餐
19,25,9,基础版,1,20.8,3,医疗,21.01,升级专业版
23,16,28,免费版,1,11.0,5,咨询服务,7.69,升级专业版
6,20,5,专业版,2,12.4,3,咨询服务,24.67,保留当前套餐
8,24,3,基础版,3,25.3,2,医疗,15.51,保留当前套餐
2,29,11,免费版,0,23.1,4,医疗,7.87,保留当前套餐
6,19,7,免费版,3,18.6,5,咨询服务,33.39,保留当前套餐
26,20,8,专业版,0,32.1,1,制造,0.5,升级专业版
12,28,6,免费版,1,20.8,3,医疗,15.87,保留当前套餐
29,19,5,专业版,1,4.0,4,咨询服务,2.92,保留当前套餐
19,22,12,免费版,2,18.8,6,教育,23.26,升级专业版
25,19,17,专业版,5,10.3,5,教育,4.68,保留当前套餐
18,18,28,专业版,1,16.1,2,医疗,1.67,保留当前套餐
21,28,5,专业版,1,6.3,4,制造,0.5,保留当前套餐
8,24,16,基础版,0,12.9,7,教育,20.78,保留当前套餐
10,22,19,基础版,3,18.4,2,制造,2.92,保留当前套餐
22,16,45,基础版,2,10.5,5,医疗,22.71,升级专业版
19,20,45,基础版,1,9.9,1,咨询服务,12.52,升级专业版
30,27,7,免费版,1,15.5,1,教育,14.36,升级专业版
29,19,5,基础版,0,23.5,9,电商,7.26,升级专业版
3,28,4,基础版,0,15.8,2,咨询服务,20.12,保留当前套餐
6,18,27,基础版,2,11.4,4,咨询服务,16.31,保留当前套餐
20,18,64,基础版,3,18.8,10,医疗,33.26,升级专业版
19,17,24,免费版,1,25.1,2,制造,0.5,保留当前套餐
3,26,129,免费版,3,22.0,3,教育,41.32,升级专业版
19,22,6,免费版,1,10.6,3,医疗,22.62,保留当前套餐
13,20,3,免费版,2,24.0,7,教育,14.8,保留当前套餐
28,13,4,免费版,1,19.8,4,教育,12.75,升级专业版
11,15,3,专业版,0,5.0,4,制造,19.65,保留当前套餐
27,23,40,基础版,3,23.1,6,电商,0.84,升级专业版
13,22,23,免费版,1,26.2,2,教育,0.5,保留当前套餐
22,24,30,基础版,1,22.9,6,咨询服务,0.5,升级专业版
2,19,4,专业版,2,17.0,5,制造,17.64,保留当前套餐
15,19,5,专业版,0,12.2,7,制造,24.09,保留当前套餐
23,27,11,免费版,3,1.0,8,医疗,14.68,升级专业版
11,28,9,专业版,4,13.4,6,制造,45.38,保留当前套餐
24,27,7,专业版,3,43.3,5,教育,19.17,升级专业版
25,20,9,基础版,3,28.4,3,咨询服务,31.18,升级专业版
18,19,13,专业版,4,22.3,7,制造,0.5,保留当前套餐
28,24,15,专业版,5,19.2,5,咨询服务,18.62,升级专业版
19,23,3,专业版,2,7.6,3,医疗,22.3,保留当前套餐
25,25,11,基础版,1,23.0,6,制造,20.88,升级专业版
15,19,27,基础版,1,4.2,7,教育,9.89,保留当前套餐
24,20,6,免费版,2,22.5,6,咨询服务,23.43,升级专业版
28,30,7,免费版,2,27.7,1,教育,23.54,升级专业版
27,24,16,免费版,2,21.9,1,教育,14.88,升级专业版
13,20,3,专业版,1,22.2,2,医疗,18.74,保留当前套餐
3,21,4,免费版,3,11.2,4,制造,0.5,保留当前套餐
15,17,2,专业版,3,19.9,8,教育,8.55,保留当前套餐
9,23,19,专业版,2,27.9,4,教育,27.75,保留当前套餐
26,29,3,免费版,1,15.0,7,咨询服务,19.68,升级专业版
25,23,17,基础版,3,15.6,7,电商,17.98,保留当前套餐
7,22,15,免费版,2,25.1,6,电商,20.29,保留当前套餐
4,17,13,免费版,3,2.2,6,教育,32.48,保留当前套餐
21,31,2,基础版,0,17.0,5,电商,22.49,升级专业版
10,26,14,专业版,2,15.6,3,教育,0.5,保留当前套餐
22,22,4,基础版,0,18.2,5,咨询服务,18.94,保留当前套餐
25,15,8,免费版,0,30.2,5,教育,11.69,升级专业版
19,17,21,免费版,1,32.9,4,制造,28.11,升级专业版
14,28,2,免费版,1,20.2,4,咨询服务,2.54,保留当前套餐
9,17,15,免费版,0,18.2,3,制造,8.95,保留当前套餐
1,25,4,免费版,2,8.3,7,医疗,16.49,保留当前套餐
22,14,9,免费版,3,19.9,5,医疗,17.1,保留当前套餐
13,17,54,专业版,1,20.8,4,咨询服务,24.0,保留当前套餐
11,22,69,免费版,4,27.4,8,教育,24.03,保留当前套餐
21,22,12,基础版,1,20.2,4,医疗,11.79,升级专业版
6,23,8,免费版,4,16.7,2,咨询服务,34.51,保留当前套餐
22,25,4,免费版,0,14.6,9,电商,5.88,升级专业版
25,24,22,免费版,0,13.0,3,咨询服务,10.83,升级专业版
23,26,4,基础版,2,10.8,5,咨询服务,31.84,保留当前套餐
22,23,12,基础版,0,16.0,7,教育,20.5,升级专业版
1,22,5,免费版,0,15.4,2,教育,14.95,保留当前套餐
4,15,11,基础版,1,24.0,1,制造,39.23,保留当前套餐
21,19,17,基础版,2,26.7,6,医疗,18.44,升级专业版
15,23,20,免费版,1,17.2,6,电商,10.66,升级专业版
8,25,17,专业版,4,9.4,4,医疗,16.92,保留当前套餐
19,25,3,专业版,2,17.1,4,制造,37.24,保留当前套餐
12,13,19,专业版,4,18.6,10,电商,5.93,保留当前套餐
28,22,10,免费版,0,13.7,2,制造,3.35,升级专业版
25,22,10,基础版,1,27.8,2,咨询服务,7.09,保留当前套餐
16,27,26,免费版,4,22.3,6,电商,35.66,升级专业版
12,28,10,免费版,4,24.1,6,教育,28.21,保留当前套餐
29,19,5,免费版,0,15.3,6,医疗,0.5,升级专业版
24,17,3,免费版,2,8.6,5,医疗,14.96,升级专业版
26,23,8,基础版,4,11.6,2,教育,5.47,保留当前套餐
25,25,13,基础版,0,16.3,7,制造,22.77,升级专业版
6,23,8,专业版,2,1.0,12,电商,22.63,保留当前套餐
5,21,69,基础版,2,17.8,4,咨询服务,7.21,保留当前套餐
9,17,9,专业版,2,25.1,1,医疗,17.24,保留当前套餐
12,22,4,免费版,4,1.0,8,咨询服务,5.93,保留当前套餐
16,29,6,专业版,2,12.6,6,制造,0.5,保留当前套餐
30,20,2,免费版,2,27.2,8,医疗,27.15,升级企业版
5,19,6,免费版,1,19.2,6,电商,23.33,保留当前套餐
13,20,13,免费版,1,5.1,3,医疗,29.03,保留当前套餐
5,26,22,基础版,5,14.0,3,教育,18.66,保留当前套餐
10,18,7,免费版,1,22.6,4,电商,17.06,保留当前套餐
11,28,21,基础版,1,11.8,10,电商,11.07,保留当前套餐
22,24,20,专业版,1,19.6,3,电商,0.5,保留当前套餐
18,20,2,专业版,6,28.2,5,医疗,6.69,保留当前套餐
26,20,6,基础版,1,19.7,5,制造,7.5,升级专业版
9,22,7,免费版,2,4.7,3,医疗,0.5,保留当前套餐
24,23,7,免费版,4,26.1,4,制造,23.59,升级专业版
15,21,4,免费版,3,12.2,3,制造,24.46,保留当前套餐
22,31,7,基础版,3,15.4,2,咨询服务,28.46,保留当前套餐
24,29,12,免费版,2,29.9,3,制造,10.0,升级专业版
2,25,10,免费版,1,25.6,4,制造,6.92,保留当前套餐
29,19,48,专业版,1,15.6,6,电商,10.95,升级专业版
23,17,5,专业版,3,42.6,4,制造,12.94,保留当前套餐
22,21,18,基础版,2,2.1,5,咨询服务,0.5,保留当前套餐
21,19,4,基础版,1,12.8,4,咨询服务,33.86,升级专业版
13,28,19,基础版,2,20.9,6,医疗,17.66,保留当前套餐
10,32,32,基础版,1,19.7,3,咨询服务,18.89,保留当前套餐
29,33,3,免费版,1,1.0,5,医疗,17.74,升级专业版
23,21,7,基础版,0,18.1,3,咨询服务,12.55,升级专业版
9,23,2,免费版,0,14.8,1,制造,32.79,保留当前套餐
28,18,19,专业版,1,21.5,2,电商,17.03,保留当前套餐
18,14,12,基础版,2,11.1,3,医疗,21.4,保留当前套餐
16,18,23,专业版,1,6.1,7,咨询服务,25.26,保留当前套餐
17,22,2,免费版,3,20.1,4,咨询服务,13.93,保留当前套餐
10,18,5,基础版,1,33.9,3,教育,22.49,保留当前套餐
2,19,21,免费版,1,6.0,5,咨询服务,13.23,保留当前套餐
29,26,4,基础版,3,3.1,3,医疗,35.47,升级专业版
19,30,3,基础版,3,12.6,8,教育,15.04,升级专业版
21,20,2,基础版,2,23.0,3,咨询服务,21.05,保留当前套餐
18,23,1,基础版,1,10.5,5,教育,26.61,升级专业版
1,26,4,基础版,1,26.6,1,医疗,9.31,保留当前套餐
3,23,4,专业版,1,23.5,6,电商,2.12,保留当前套餐
9,32,29,免费版,1,26.0,6,咨询服务,17.98,保留当前套餐
26,18,22,基础版,1,1.0,6,电商,0.5,保留当前套餐
21,19,8,免费版,2,15.5,3,咨询服务,9.58,升级专业版
3,14,6,免费版,1,27.5,2,电商,14.33,保留当前套餐
29,30,3,基础版,1,26.0,4,医疗,21.88,升级专业版
13,27,4,基础版,2,19.8,5,咨询服务,7.65,保留当前套餐
3,25,8,基础版,1,18.7,8,教育,0.5,保留当前套餐
26,17,30,基础版,1,17.3,6,教育,19.47,升级专业版
4,22,3,专业版,2,25.7,4,教育,9.35,保留当前套餐
29,27,13,基础版,1,13.0,4,医疗,24.21,升级专业版
7,24,3,免费版,2,1.7,6,医疗,14.11,保留当前套餐
9,24,25,专业版,1,20.2,6,教育,24.79,保留当前套餐
22,17,4,专业版,1,35.6,5,制造,27.29,升级专业版
9,16,7,基础版,3,12.0,4,教育,19.18,保留当前套餐
18,17,12,免费版,0,12.4,9,教育,9.44,升级专业版
7,22,4,基础版,3,20.1,3,教育,21.2,保留当前套餐
30,27,6,基础版,4,1.0,5,电商,0.5,保留当前套餐
28,24,11,基础版,3,18.9,5,电商,0.5,保留当前套餐
15,29,6,基础版,1,23.8,0,制造,21.25,保留当前套餐
4,16,9,基础版,5,1.0,7,咨询服务,13.19,保留当前套餐
14,26,4,免费版,2,22.5,5,电商,43.15,升级专业版
4,21,21,专业版,2,17.4,5,制造,12.48,保留当前套餐
11,16,5,专业版,4,17.8,3,医疗,18.62,保留当前套餐
24,22,7,免费版,0,32.8,7,咨询服务,26.05,升级企业版
3,20,19,基础版,4,28.6,4,咨询服务,17.55,保留当前套餐
28,23,21,免费版,2,13.0,4,制造,10.49,升级专业版
27,18,9,基础版,1,14.8,4,制造,25.57,升级专业版
29,14,5,基础版,3,9.7,4,咨询服务,12.41,保留当前套餐
2,24,13,基础版,2,24.5,3,教育,16.57,保留当前套餐
16,29,22,基础版,4,14.8,7,制造,8.08,保留当前套餐
1,24,4,专业版,4,1.0,9,教育,18.67,保留当前套餐
3,27,15,基础版,1,28.0,11,医疗,10.08,保留当前套餐
15,26,4,免费版,1,29.1,5,医疗,33.51,升级专业版
7,16,3,免费版,3,32.1,3,制造,13.84,保留当前套餐
29,19,18,基础版,1,24.9,2,电商,22.74,升级专业版
10,23,6,基础版,0,24.3,5,电商,23.35,保留当前套餐
21,20,2,基础版,1,23.4,6,教育,10.37,保留当前套餐
28,23,9,专业版,2,14.1,1,咨询服务,10.27,保留当前套餐
4,30,6,基础版,5,24.9,6,电商,13.66,保留当前套餐
4,27,15,免费版,1,23.5,6,电商,44.44,保留当前套餐
24,19,8,基础版,2,20.2,7,制造,40.03,升级专业版
8,32,32,免费版,2,20.9,2,电商,22.13,保留当前套餐
11,23,7,免费版,0,27.7,6,教育,21.46,保留当前套餐
25,25,3,专业版,1,25.7,10,电商,0.5,保留当前套餐
14,29,2,免费版,2,12.8,5,制造,18.57,保留当前套餐
30,20,9,免费版,1,14.2,4,咨询服务,32.53,升级专业版
4,26,4,免费版,1,25.8,6,电商,18.56,保留当前套餐
19,29,8,免费版,2,25.4,5,咨询服务,15.58,升级专业版
4,18,55,免费版,1,1.0,5,电商,23.23,保留当前套餐
26,19,5,专业版,1,8.1,6,电商,12.48,保留当前套餐
13,16,39,基础版,0,20.8,1,医疗,42.93,保留当前套餐
16,23,17,专业版,0,32.2,5,教育,11.15,保留当前套餐
19,24,6,基础版,3,23.8,5,医疗,22.27,保留当前套餐
10,12,7,基础版,1,19.5,6,制造,28.7,保留当前套餐
23,25,12,基础版,4,14.6,4,制造,29.11,保留当前套餐
6,21,17,免费版,3,19.8,3,咨询服务,7.6,保留当前套餐
25,32,4,专业版,3,1.1,5,医疗,12.56,保留当前套餐
16,32,5,免费版,3,4.4,5,教育,15.35,保留当前套餐
17,18,27,专业版,1,1.0,1,咨询服务,24.09,保留当前套餐
25,21,4,专业版,1,42.0,1,电商,30.86,升级专业版
30,24,24,免费版,1,2.7,3,教育,39.9,升级专业版
23,32,4,基础版,1,4.8,8,制造,14.52,升级专业版
22,28,2,基础版,2,16.2,1,电商,21.95,保留当前套餐
24,17,20,专业版,3,13.2,6,医疗,18.0,保留当前套餐
15,29,11,专业版,4,21.1,3,制造,27.31,保留当前套餐
4,24,4,免费版,0,23.5,5,制造,17.34,保留当前套餐
26,20,13,专业版,0,25.3,4,制造,23.75,升级专业版
25,28,6,专业版,1,7.0,4,制造,15.62,保留当前套餐
3,29,6,专业版,1,29.6,4,医疗,36.32,保留当前套餐
2,21,3,免费版,1,21.5,4,医疗,20.37,保留当前套餐
23,28,6,免费版,2,10.7,2,教育,14.42,升级专业版
5,25,29,基础版,4,26.1,1,制造,16.18,保留当前套餐
26,31,8,免费版,3,9.9,6,医疗,14.68,升级专业版
13,24,16,基础版,3,16.1,4,制造,3.48,保留当前套餐
9,21,12,免费版,1,6.4,3,医疗,10.55,保留当前套餐
7,27,5,免费版,1,6.5,3,制造,9.35,保留当前套餐
27,29,12,基础版,2,23.1,4,教育,14.05,升级专业版
17,19,9,专业版,0,21.5,1,医疗,25.71,保留当前套餐
5,28,4,专业版,2,16.2,4,教育,20.09,保留当前套餐
14,17,2,免费版,0,28.1,3,医疗,17.77,保留当前套餐
20,14,5,专业版,2,19.1,9,咨询服务,16.44,保留当前套餐
22,30,7,基础版,0,15.9,2,教育,21.39,保留当前套餐
24,21,8,基础版,2,13.4,1,制造,27.55,升级专业版
22,32,5,免费版,1,13.2,5,制造,37.69,升级专业版
7,11,6,专业版,0,30.1,4,咨询服务,22.05,保留当前套餐
15,27,3,基础版,2,1.0,2,医疗,22.49,保留当前套餐
29,33,6,基础版,4,36.3,4,制造,11.75,升级专业版
23,23,2,基础版,2,5.8,3,教育,15.75,升级专业版
4,27,6,免费版,3,19.3,3,制造,9.76,保留当前套餐
16,19,10,专业版,1,21.3,3,教育,4.1,保留当前套餐
29,27,9,基础版,0,26.7,4,咨询服务,15.41,升级专业版
29,25,14,专业版,3,22.2,4,咨询服务,18.8,升级专业版
11,20,10,基础版,1,19.1,11,咨询服务,21.69,保留当前套餐
22,20,12,基础版,1,23.6,5,医疗,0.5,升级专业版
25,23,4,专业版,4,26.8,6,咨询服务,8.28,保留当前套餐
23,25,9,基础版,1,18.6,5,医疗,0.5,升级专业版
20,22,26,基础版,1,13.4,4,咨询服务,11.98,保留当前套餐
14,18,17,免费版,1,14.6,2,制造,11.49,保留当前套餐
12,25,8,专业版,2,14.9,5,电商,16.2,保留当前套餐
30,27,14,基础版,1,5.8,5,医疗,21.6,升级专业版
8,21,7,基础版,2,19.1,4,电商,29.07,保留当前套餐
21,30,8,专业版,0,17.4,1,教育,2.42,保留当前套餐
28,23,15,免费版,1,14.1,5,电商,16.81,升级专业版
10,22,13,基础版,2,34.4,4,电商,3.13,保留当前套餐
9,23,3,基础版,2,27.3,3,医疗,35.32,保留当前套餐
5,24,4,专业版,0,17.8,1,教育,38.73,保留当前套餐
23,13,7,专业版,2,18.6,2,教育,17.85,保留当前套餐
2,25,2,免费版,2,17.1,2,电商,31.26,保留当前套餐
22,30,6,免费版,3,20.0,2,制造,5.98,升级专业版
2,20,2,免费版,2,21.8,7,制造,6.6,保留当前套餐
1,24,8,免费版,1,28.6,5,制造,1.19,保留当前套餐
18,20,13,免费版,1,19.8,4,制造,22.71,升级专业版
22,22,3,基础版,2,15.5,9,电商,22.88,升级专业版
15,38,47,专业版,0,9.8,10,教育,24.35,升级专业版
8,32,4,专业版,4,9.7,3,电商,4.11,保留当前套餐
22,29,5,基础版,3,20.7,2,咨询服务,24.09,保留当前套餐
11,19,32,免费版,1,17.0,6,电商,14.25,保留当前套餐
10,28,8,基础版,3,21.5,4,电商,9.93,保留当前套餐
10,23,13,专业版,0,5.1,3,医疗,29.83,保留当前套餐
8,24,8,免费版,3,25.2,1,医疗,26.39,保留当前套餐
26,27,8,专业版,3,17.7,5,医疗,21.32,升级专业版
29,13,21,基础版,0,19.6,6,电商,0.5,升级专业版
15,17,6,专业版,2,13.5,7,咨询服务,12.69,保留当前套餐
14,26,15,专业版,5,26.8,8,教育,6.88,保留当前套餐
27,21,23,基础版,1,15.5,4,电商,15.37,保留当前套餐
24,15,10,基础版,2,9.7,4,医疗,35.03,升级专业版
10,32,4,免费版,0,36.8,6,制造,0.5,保留当前套餐
25,30,5,基础版,0,8.5,6,咨询服务,9.55,升级专业版
7,14,20,基础版,0,25.9,3,医疗,12.5,保留当前套餐
8,32,3,免费版,3,1.0,9,制造,19.88,保留当前套餐
30,29,9,基础版,3,7.3,3,医疗,52.36,升级专业版
20,19,9,专业版,5,18.6,0,咨询服务,8.97,保留当前套餐
11,24,4,专业版,1,7.3,2,制造,28.33,保留当前套餐
17,22,3,免费版,1,20.0,4,医疗,17.75,保留当前套餐
8,15,29,免费版,1,25.6,5,咨询服务,22.5,保留当前套餐
1,29,4,专业版,2,25.8,4,制造,21.23,保留当前套餐
17,22,17,基础版,1,33.4,2,教育,24.92,保留当前套餐
19,24,6,专业版,4,2.8,4,教育,15.19,保留当前套餐
14,28,10,免费版,1,23.5,8,电商,25.52,升级专业版
30,17,34,免费版,2,19.9,2,电商,25.61,升级专业版
5,25,10,专业版,2,9.4,3,制造,15.26,保留当前套餐
26,18,5,基础版,1,27.2,4,咨询服务,21.13,升级专业版
4,20,14,基础版,3,21.3,1,医疗,28.4,保留当前套餐
29,25,10,免费版,6,19.8,8,电商,23.46,升级专业版
2,20,9,免费版,1,4.3,6,咨询服务,12.1,保留当前套餐
24,27,11,免费版,1,12.9,3,制造,13.65,升级专业版
8,22,3,基础版,2,18.8,4,咨询服务,9.56,保留当前套餐
3,21,21,基础版,0,18.3,3,医疗,17.8,保留当前套餐
28,27,10,免费版,0,12.1,5,制造,32.69,升级专业版
18,29,9,专业版,1,14.0,5,制造,6.64,保留当前套餐
7,24,35,专业版,0,15.3,1,教育,14.05,保留当前套餐
27,29,3,基础版,1,17.5,10,咨询服务,25.24,升级企业版
25,23,12,基础版,0,17.5,7,制造,28.11,升级专业版
30,24,7,专业版,2,32.1,3,制造,11.95,升级专业版
15,17,7,专业版,2,22.9,9,咨询服务,30.76,保留当前套餐
26,24,6,基础版,1,15.7,5,教育,19.66,升级专业版
17,24,17,免费版,1,18.0,3,电商,0.5,保留当前套餐
9,18,7,免费版,1,25.1,2,电商,26.79,保留当前套餐
18,18,32,基础版,0,31.5,4,教育,1.66,保留当前套餐
5,21,6,免费版,2,16.5,3,电商,9.08,保留当前套餐
25,27,9,免费版,5,22.9,3,医疗,28.23,升级专业版
1,28,8,免费版,4,19.0,3,制造,24.4,保留当前套餐
1,18,3,专业版,0,11.5,2,医疗,29.81,保留当前套餐
22,22,22,基础版,4,21.2,5,电商,14.44,保留当前套餐
2,18,6,免费版,2,24.5,5,制造,12.06,保留当前套餐
8,18,9,基础版,0,5.0,4,制造,4.01,保留当前套餐
21,20,3,基础版,4,21.1,7,电商,7.29,保留当前套餐
21,24,5,基础版,1,21.2,5,医疗,0.5,保留当前套餐
14,32,3,基础版,2,9.8,8,医疗,37.15,保留当前套餐
17,27,20,基础版,2,1.0,5,咨询服务,24.99,保留当前套餐
18,18,23,基础版,1,18.7,11,制造,33.43,升级专业版
15,30,17,免费版,1,32.9,2,制造,0.5,升级专业版
9,24,21,免费版,0,12.7,4,电商,14.57,保留当前套餐
3,23,6,基础版,2,20.6,6,教育,13.43,保留当前套餐
2,22,7,免费版,3,5.1,3,制造,26.54,保留当前套餐
20,18,60,基础版,1,25.2,6,电商,14.05,保留当前套餐
23,26,7,专业版,0,13.1,6,医疗,24.09,保留当前套餐
1,32,4,专业版,0,17.7,5,制造,7.86,保留当前套餐
27,13,17,基础版,4,20.6,5,教育,1.59,保留当前套餐
22,33,7,免费版,0,24.0,5,医疗,10.24,升级专业版
23,23,15,免费版,2,12.6,4,制造,21.12,升级专业版
8,18,16,免费版,1,24.7,3,制造,26.87,升级专业版
5,24,12,基础版,3,16.0,10,医疗,0.5,保留当前套餐
9,36,5,免费版,0,31.2,8,教育,20.09,升级专业版
11,15,23,基础版,5,14.8,1,医疗,7.44,保留当前套餐
28,22,1,免费版,4,9.9,5,制造,16.8,升级专业版
17,27,2,免费版,0,11.4,3,教育,26.4,升级专业版
7,27,44,基础版,2,24.6,4,电商,27.75,保留当前套餐
13,17,16,专业版,1,29.6,4,制造,31.45,保留当前套餐
29,27,5,免费版,1,22.1,5,教育,16.03,升级企业版
5,28,8,免费版,2,27.6,4,教育,23.23,保留当前套餐
5,15,4,专业版,0,27.2,2,咨询服务,10.89,保留当前套餐
20,22,4,专业版,0,34.9,5,咨询服务,11.43,保留当前套餐
14,20,7,基础版,1,34.9,2,制造,27.18,保留当前套餐
13,18,11,基础版,1,5.1,4,制造,30.42,保留当前套餐
3,24,2,专业版,5,27.5,4,教育,22.53,保留当前套餐
29,15,15,专业版,0,16.0,3,教育,26.61,升级专业版
20,22,9,基础版,1,10.4,6,教育,5.11,保留当前套餐
25,29,5,免费版,0,15.8,2,电商,15.62,升级专业版
1,33,6,免费版,1,6.4,5,电商,25.21,保留当前套餐
26,22,9,免费版,1,29.6,3,制造,0.5,升级专业版
14,24,2,专业版,2,7.0,4,教育,28.62,保留当前套餐
20,17,10,免费版,2,19.0,4,电商,14.85,保留当前套餐
24,20,17,免费版,1,20.1,4,教育,16.82,升级专业版
13,25,17,专业版,2,21.4,2,咨询服务,13.23,保留当前套餐
21,20,15,免费版,2,11.7,6,制造,0.5,保留当前套餐
24,25,19,基础版,0,17.6,5,医疗,15.84,升级专业版
21,14,30,免费版,0,17.0,2,教育,27.56,升级专业版
3,22,7,基础版,2,30.6,2,制造,7.64,保留当前套餐
29,21,6,基础版,2,15.7,5,咨询服务,36.42,升级专业版
4,22,7,免费版,2,20.0,2,咨询服务,34.12,保留当前套餐
6,25,10,基础版,2,25.4,2,医疗,10.66,保留当前套餐
18,24,21,基础版,5,7.3,4,咨询服务,32.28,保留当前套餐
5,23,3,专业版,1,19.6,2,医疗,12.96,保留当前套餐
1,22,10,免费版,0,6.9,7,教育,40.15,保留当前套餐
3,22,5,免费版,2,32.2,8,教育,29.84,保留当前套餐
4,17,19,免费版,0,20.2,2,制造,19.03,保留当前套餐
10,19,11,基础版,3,11.4,11,医疗,13.4,保留当前套餐
12,20,20,基础版,1,25.5,5,医疗,3.86,保留当前套餐
25,19,3,专业版,2,23.6,2,教育,23.07,保留当前套餐
24,22,17,基础版,1,1.0,2,制造,8.27,保留当前套餐
6,25,19,免费版,0,11.2,5,电商,21.08,保留当前套餐
12,28,10,免费版,3,12.2,5,电商,29.38,保留当前套餐
25,21,25,专业版,3,28.5,4,教育,7.82,保留当前套餐
24,19,8,专业版,1,22.8,5,教育,9.63,保留当前套餐
27,18,5,免费版,1,19.6,7,制造,19.07,升级企业版
5,23,48,专业版,0,24.4,0,医疗,6.27,保留当前套餐
30,19,5,免费版,4,7.9,3,医疗,27.38,升级专业版
4,20,35,免费版,2,18.6,8,制造,36.06,保留当前套餐
8,25,20,专业版,1,22.4,2,制造,22.37,保留当前套餐
3,22,10,免费版,3,10.3,10,制造,8.8,保留当前套餐
15,28,24,专业版,2,14.8,3,教育,0.5,保留当前套餐
16,15,49,免费版,1,24.7,4,咨询服务,24.05,升级专业版
28,20,12,免费版,1,19.4,5,电商,41.37,升级专业版
5,29,6,免费版,2,18.1,3,咨询服务,14.3,保留当前套餐
20,26,3,专业版,2,22.6,3,电商,3.79,保留当前套餐
6,36,5,基础版,4,8.9,4,电商,8.37,保留当前套餐
15,22,11,基础版,1,24.1,8,医疗,27.5,保留当前套餐
21,18,15,基础版,3,21.7,6,电商,10.11,保留当前套餐
4,16,12,基础版,2,1.2,2,咨询服务,12.11,保留当前套餐
5,33,9,专业版,2,13.2,3,教育,20.48,保留当前套餐
19,17,8,免费版,1,21.4,6,咨询服务,13.39,保留当前套餐
21,23,6,专业版,1,38.0,6,电商,0.5,保留当前套餐
10,18,13,基础版,1,16.3,3,教育,32.89,保留当前套餐
4,29,10,基础版,1,20.8,4,电商,18.34,保留当前套餐
13,24,25,基础版,0,32.1,4,制造,28.3,保留当前套餐
7,22,10,免费版,1,18.5,7,电商,8.46,保留当前套餐
27,25,13,专业版,2,17.1,2,医疗,18.76,升级专业版
6,22,50,免费版,4,6.9,4,制造,9.81,保留当前套餐
13,24,12,免费版,0,30.5,7,医疗,0.5,保留当前套餐
13,29,3,基础版,2,29.9,3,电商,19.24,保留当前套餐
8,26,10,基础版,0,1.0,5,教育,30.77,保留当前套餐
7,35,11,基础版,1,28.1,2,医疗,8.88,保留当前套餐
22,29,1,基础版,1,25.5,4,咨询服务,11.95,升级专业版
25,26,10,免费版,1,24.1,2,医疗,38.06,升级专业版
13,13,15,免费版,2,3.6,5,医疗,12.35,保留当前套餐
17,20,8,免费版,1,1.8,8,制造,35.08,保留当前套餐
3,30,10,免费版,1,41.8,6,教育,5.51,保留当前套餐
9,28,4,基础版,1,6.7,6,医疗,30.6,保留当前套餐
25,26,41,免费版,1,21.6,2,医疗,23.97,升级专业版
7,21,24,基础版,2,26.8,6,教育,29.59,保留当前套餐
22,24,6,基础版,2,13.5,0,教育,1.86,保留当前套餐
10,28,5,专业版,2,21.8,3,医疗,14.73,保留当前套餐
9,28,20,专业版,1,7.4,6,电商,5.24,保留当前套餐
26,27,6,免费版,1,12.3,3,医疗,25.91,升级专业版
16,16,6,专业版,0,5.6,4,教育,10.32,保留当前套餐
11,24,4,基础版,2,26.6,4,咨询服务,19.41,保留当前套餐
19,24,8,基础版,2,23.0,4,电商,12.9,保留当前套餐
29,21,11,免费版,1,15.4,1,制造,22.88,升级专业版
4,28,30,专业版,0,27.1,6,电商,29.19,保留当前套餐
9,28,2,免费版,1,20.1,4,咨询服务,23.95,保留当前套餐
15,22,9,免费版,2,19.2,4,医疗,21.77,保留当前套餐
2,23,14,基础版,2,4.1,6,电商,30.72,保留当前套餐
14,25,4,基础版,2,17.2,6,咨询服务,11.46,保留当前套餐
9,21,5,专业版,1,19.0,1,咨询服务,21.33,保留当前套餐
13,22,14,专业版,0,16.1,4,医疗,3.78,保留当前套餐
25,23,7,基础版,0,44.3,5,制造,29.81,升级专业版
3,30,13,专业版,4,21.5,8,制造,31.78,保留当前套餐
19,23,3,基础版,1,20.3,3,咨询服务,10.12,保留当前套餐
22,23,44,专业版,0,14.0,3,医疗,24.21,保留当前套餐
22,22,12,专业版,3,22.8,6,制造,31.25,保留当前套餐
10,22,14,专业版,0,1.0,5,制造,10.11,保留当前套餐
12,33,12,免费版,2,29.3,7,咨询服务,24.29,升级专业版
1,21,7,免费版,3,20.4,4,教育,17.69,保留当前套餐
5,32,4,基础版,3,19.5,1,咨询服务,20.37,保留当前套餐
28,26,12,基础版,2,19.9,8,咨询服务,7.1,升级专业版
29,28,4,免费版,0,14.9,2,医疗,17.26,升级专业版
30,22,18,基础版,0,16.4,5,医疗,3.03,升级专业版
7,18,27,免费版,3,20.1,3,电商,12.99,保留当前套餐
26,26,4,免费版,1,16.5,3,制造,30.06,升级专业版
22,31,8,基础版,2,19.2,1,医疗,16.05,升级专业版
14,19,47,专业版,0,24.9,2,咨询服务,24.27,保留当前套餐
24,25,4,专业版,0,14.8,4,电商,1.18,保留当前套餐
9,30,8,免费版,3,26.4,3,教育,19.61,保留当前套餐
20,23,7,基础版,0,15.5,5,咨询服务,0.5,保留当前套餐
25,22,8,免费版,2,29.8,3,咨询服务,40.48,升级专业版
11,25,5,基础版,1,34.0,1,医疗,14.67,保留当前套餐
27,20,6,免费版,1,20.8,6,教育,25.67,升级专业版
13,28,22,基础版,2,16.2,6,教育,22.15,保留当前套餐
6,30,10,专业版,1,31.5,8,制造,42.31,保留当前套餐
6,27,8,免费版,4,24.4,4,咨询服务,36.15,保留当前套餐
22,27,27,专业版,2,5.9,6,电商,16.03,保留当前套餐
4,17,5,基础版,2,16.5,3,制造,2.2,保留当前套餐
6,28,16,免费版,3,16.4,2,电商,18.02,保留当前套餐
27,22,9,免费版,2,22.0,12,咨询服务,7.29,升级专业版
7,26,3,基础版,1,17.5,6,教育,22.29,保留当前套餐
9,18,17,基础版,2,15.5,2,电商,16.63,保留当前套餐
13,25,15,免费版,3,9.5,6,教育,0.5,保留当前套餐
5,21,10,免费版,3,11.5,1,制造,25.37,保留当前套餐
8,21,16,免费版,1,21.6,7,制造,37.86,升级专业版
29,23,5,基础版,1,23.6,11,制造,9.18,升级专业版
16,26,2,基础版,2,19.8,2,咨询服务,14.27,保留当前套餐
26,15,16,专业版,1,31.2,5,医疗,8.43,保留当前套餐
10,22,4,免费版,3,6.5,3,电商,10.04,保留当前套餐
27,17,16,专业版,0,14.3,3,咨询服务,7.37,保留当前套餐
26,25,13,专业版,2,29.8,6,咨询服务,15.77,升级专业版
19,22,36,基础版,1,5.7,3,教育,0.8,保留当前套餐
16,25,5,基础版,1,15.9,5,咨询服务,39.9,升级专业版
30,24,1,基础版,0,11.7,2,医疗,9.17,升级专业版
28,27,12,免费版,0,27.0,3,咨询服务,42.52,升级企业版
30,15,8,免费版,1,34.2,3,教育,21.63,升级专业版
28,15,20,基础版,3,32.4,6,电商,11.48,升级专业版
4,16,2,基础版,3,10.3,5,制造,20.27,保留当前套餐
5,30,4,免费版,0,1.0,4,教育,10.48,保留当前套餐
20,27,8,基础版,2,7.2,8,医疗,13.52,保留当前套餐
11,18,16,基础版,1,18.4,1,教育,31.4,保留当前套餐
21,17,14,免费版,2,11.8,3,电商,18.21,保留当前套餐
20,18,15,基础版,0,17.8,2,教育,2.14,保留当前套餐
24,26,13,专业版,2,13.1,6,医疗,28.49,保留当前套餐
5,20,19,专业版,2,10.8,9,制造,5.82,保留当前套餐
15,25,6,专业版,1,11.7,6,电商,20.05,保留当前套餐
22,21,11,免费版,2,26.5,5,电商,6.72,升级专业版
17,25,1,免费版,2,17.7,5,电商,3.84,保留当前套餐
12,23,11,基础版,6,25.2,4,医疗,0.7,保留当前套餐
13,21,19,专业版,0,19.3,5,医疗,17.62,保留当前套餐
21,29,6,基础版,0,28.0,0,电商,5.79,保留当前套餐
17,26,11,免费版,1,18.3,2,教育,26.16,升级专业版
10,24,5,专业版,2,24.4,6,制造,36.87,保留当前套餐
25,27,4,专业版,0,1.0,6,医疗,26.05,保留当前套餐
1,30,7,基础版,2,27.9,6,教育,22.15,保留当前套餐
4,19,4,基础版,4,12.2,5,电商,20.0,保留当前套餐
9,24,16,基础版,2,14.5,2,电商,14.21,保留当前套餐
19,20,13,免费版,2,22.5,5,医疗,25.51,升级专业版
10,19,8,免费版,1,33.4,1,咨询服务,31.09,保留当前套餐
25,23,16,免费版,1,14.7,6,咨询服务,3.26,升级专业版
29,18,13,免费版,1,6.1,5,制造,23.79,升级专业版
8,20,10,基础版,0,3.6,4,电商,30.83,保留当前套餐
2,23,10,专业版,3,30.9,4,咨询服务,23.89,保留当前套餐
5,25,17,免费版,3,13.4,3,咨询服务,9.62,保留当前套餐
20,30,8,基础版,0,4.2,10,制造,18.08,升级专业版
2,18,8,免费版,3,6.1,2,电商,14.95,保留当前套餐
6,20,13,免费版,1,24.9,4,电商,19.12,保留当前套餐
22,22,16,基础版,2,18.2,7,电商,20.48,升级专业版
14,28,12,免费版,1,38.2,6,教育,38.1,升级专业版
20,23,7,专业版,2,18.5,8,教育,17.15,保留当前套餐
28,28,12,基础版,2,20.8,2,咨询服务,26.97,升级专业版
21,20,1,专业版,2,11.6,6,医疗,13.45,保留当前套餐
2,23,16,专业版,3,1.0,5,医疗,22.31,保留当前套餐
19,27,34,专业版,1,15.8,5,制造,9.91,保留当前套餐
7,30,6,免费版,3,24.9,4,制造,6.47,保留当前套餐
24,30,4,免费版,1,11.8,5,医疗,3.18,升级专业版
21,19,5,基础版,5,11.9,5,教育,27.94,保留当前套餐
27,21,5,基础版,3,15.3,4,医疗,0.5,保留当前套餐
6,14,19,免费版,4,17.3,6,制造,19.5,保留当前套餐
13,19,5,专业版,1,10.2,5,电商,0.5,保留当前套餐
15,16,25,免费版,3,18.3,4,医疗,21.67,保留当前套餐
2,28,9,免费版,0,19.0,5,医疗,16.71,保留当前套餐
15,23,11,基础版,2,1.0,4,制造,6.56,保留当前套餐
2,15,7,基础版,1,38.7,4,咨询服务,39.35,保留当前套餐
11,23,13,免费版,0,17.6,5,咨询服务,27.24,保留当前套餐
22,27,12,基础版,2,16.4,7,教育,16.31,保留当前套餐
23,32,9,专业版,2,4.5,6,教育,22.83,升级专业版
30,22,9,免费版,1,18.4,7,教育,6.71,升级专业版
27,28,5,基础版,3,19.3,2,医疗,37.15,升级专业版
22,21,11,免费版,1,12.0,3,咨询服务,35.94,升级专业版
6,19,2,基础版,1,1.5,4,医疗,24.22,保留当前套餐
10,21,7,专业版,4,22.0,4,咨询服务,35.48,保留当前套餐
11,14,9,免费版,1,28.0,4,咨询服务,17.44,保留当前套餐
14,20,11,免费版,1,32.8,5,教育,18.47,升级专业版
18,29,9,基础版,1,32.8,2,咨询服务,16.61,保留当前套餐
30,26,14,免费版,3,23.0,5,电商,49.52,升级企业版
15,19,3,免费版,3,31.3,6,咨询服务,13.92,升级专业版
10,23,8,基础版,3,20.6,6,教育,21.49,保留当前套餐
16,24,9,免费版,2,22.5,6,制造,2.84,保留当前套餐
28,22,3,免费版,3,11.4,1,电商,20.12,升级专业版
17,21,14,基础版,4,17.7,4,咨询服务,0.5,保留当前套餐
8,26,15,专业版,1,17.8,4,教育,12.22,保留当前套餐
22,35,6,免费版,3,27.8,2,电商,16.12,升级专业版
2,33,13,免费版,1,15.5,5,电商,17.82,保留当前套餐
25,30,40,基础版,1,24.0,3,制造,0.5,升级专业版
3,21,8,专业版,0,26.8,4,教育,34.36,保留当前套餐
3,30,17,基础版,1,1.0,4,电商,16.02,保留当前套餐
11,35,11,基础版,0,39.4,2,教育,22.93,升级专业版
25,30,7,免费版,4,1.0,1,制造,13.7,升级专业版
6,17,12,专业版,0,37.9,4,制造,6.39,保留当前套餐
2,31,7,基础版,2,28.4,4,制造,32.2,保留当前套餐
25,12,15,免费版,1,16.7,4,咨询服务,26.67,升级专业版
3,15,6,免费版,1,33.4,6,电商,21.79,保留当前套餐
27,22,69,基础版,1,26.3,3,咨询服务,24.8,升级专业版
15,28,4,免费版,0,14.9,2,教育,18.24,升级专业版
18,18,4,基础版,2,33.3,3,电商,19.47,保留当前套餐
20,22,37,免费版,1,17.5,4,教育,25.33,升级专业版
15,9,15,基础版,4,27.9,5,电商,19.24,保留当前套餐
18,22,6,基础版,3,19.3,9,咨询服务,12.28,保留当前套餐
18,22,24,基础版,1,14.0,4,电商,2.77,保留当前套餐
14,28,11,免费版,1,20.0,2,咨询服务,21.87,保留当前套餐
14,24,4,基础版,1,23.8,2,医疗,4.54,升级专业版
1,19,5,基础版,0,13.6,5,教育,26.85,保留当前套餐
22,30,10,免费版,4,38.7,7,制造,29.72,升级专业版
17,24,56,基础版,2,12.9,7,医疗,0.98,保留当前套餐
11,35,5,基础版,3,2.1,4,制造,10.4,保留当前套餐
18,18,5,基础版,1,18.7,10,教育,11.38,保留当前套餐
25,23,5,免费版,0,27.5,7,电商,18.54,升级专业版
13,25,14,免费版,1,29.1,4,制造,29.67,保留当前套餐
26,19,5,基础版,0,1.0,2,制造,23.74,升级专业版
6,18,17,免费版,0,25.1,7,教育,25.08,保留当前套餐
16,28,9,基础版,0,25.1,5,咨询服务,17.21,保留当前套餐
21,24,4,免费版,2,20.5,3,制造,42.12,升级专业版
9,25,32,基础版,2,12.2,6,制造,17.17,保留当前套餐
11,20,57,免费版,2,5.8,4,医疗,17.9,保留当前套餐
1,21,8,免费版,2,15.6,1,制造,12.78,保留当前套餐
7,22,22,基础版,2,7.4,3,咨询服务,21.18,保留当前套餐
19,19,6,免费版,2,26.5,3,制造,18.66,保留当前套餐
10,18,12,免费版,4,20.5,2,医疗,14.61,保留当前套餐
12,18,29,免费版,4,14.2,2,医疗,18.87,保留当前套餐
7,25,22,基础版,0,23.3,1,教育,14.72,保留当前套餐
27,22,3,基础版,2,19.6,8,制造,33.72,升级专业版
14,23,8,免费版,0,40.3,4,咨询服务,37.27,升级专业版
14,20,17,基础版,1,18.4,9,咨询服务,1.29,保留当前套餐
5,16,4,基础版,2,16.2,3,制造,30.32,保留当前套餐
13,36,2,免费版,1,19.2,4,医疗,0.5,保留当前套餐
22,32,9,免费版,1,13.0,1,教育,39.73,升级专业版
25,18,12,免费版,1,19.1,3,医疗,0.5,升级专业版
1,16,4,免费版,2,4.3,1,医疗,31.24,保留当前套餐
19,30,8,基础版,2,27.6,8,教育,43.91,升级专业版
5,30,17,免费版,2,15.6,7,电商,13.53,保留当前套餐
25,30,13,专业版,1,6.9,6,咨询服务,31.39,升级专业版
28,28,6,专业版,0,3.9,3,咨询服务,24.83,升级专业版
28,26,2,基础版,2,16.2,2,制造,19.73,升级专业版
22,22,6,免费版,3,12.1,9,教育,29.9,升级专业版
2,24,6,免费版,2,8.9,7,电商,13.12,保留当前套餐
30,20,7,基础版,0,20.0,5,电商,0.5,升级专业版
1,25,1,基础版,2,24.1,5,电商,28.37,保留当前套餐
30,28,24,免费版,0,36.7,9,电商,5.62,升级专业版
16,20,19,基础版,3,10.6,4,电商,14.68,保留当前套餐
23,16,11,专业版,4,23.3,7,制造,18.46,保留当前套餐
24,19,9,专业版,0,40.3,4,电商,26.03,升级专业版
17,29,4,专业版,1,14.1,5,医疗,21.0,保留当前套餐
23,24,7,基础版,1,12.8,2,医疗,6.54,保留当前套餐
1,13,7,免费版,1,18.3,4,电商,20.17,保留当前套餐
29,19,3,免费版,3,28.3,10,咨询服务,20.24,升级专业版
21,21,12,免费版,3,22.8,1,电商,21.93,升级专业版
8,29,9,基础版,2,31.1,2,医疗,12.55,保留当前套餐
16,21,13,免费版,0,13.7,7,电商,11.04,保留当前套餐
9,16,15,专业版,1,15.5,9,教育,38.47,保留当前套餐
27,28,10,专业版,4,28.3,2,咨询服务,12.79,保留当前套餐
9,27,3,免费版,0,21.5,5,电商,21.46,保留当前套餐
10,29,18,基础版,1,25.3,5,教育,3.19,保留当前套餐
13,34,11,基础版,2,19.4,7,医疗,20.02,保留当前套餐
24,28,11,免费版,1,1.3,7,医疗,13.46,升级专业版
3,22,29,免费版,6,12.3,4,教育,30.73,保留当前套餐
1,18,10,基础版,3,22.3,5,电商,34.19,保留当前套餐
9,17,3,基础版,2,11.0,3,医疗,18.98,保留当前套餐
4,22,36,基础版,0,19.0,1,教育,27.17,保留当前套餐
1,19,3,专业版,0,28.2,8,制造,10.33,保留当前套餐
25,23,9,免费版,1,8.8,2,电商,16.16,升级专业版
1,25,7,基础版,0,35.5,5,教育,30.78,保留当前套餐
2,17,16,免费版,1,17.7,4,教育,13.06,保留当前套餐
21,24,4,免费版,1,32.9,6,咨询服务,7.66,升级专业版
2,22,24,专业版,0,27.7,5,医疗,6.99,保留当前套餐
3,32,9,免费版,0,26.5,4,教育,34.55,保留当前套餐
29,21,11,基础版,2,13.8,6,电商,19.7,升级专业版
6,25,9,基础版,0,27.4,3,电商,21.01,保留当前套餐
29,27,3,免费版,0,19.0,2,医疗,19.58,升级专业版
3,22,3,专业版,3,5.4,4,教育,0.5,保留当前套餐
4,24,4,专业版,2,16.7,2,制造,16.55,保留当前套餐
17,23,14,基础版,1,11.4,2,电商,14.47,保留当前套餐
2,26,5,免费版,0,18.3,7,制造,23.93,保留当前套餐
20,21,12,专业版,1,14.1,5,教育,0.5,保留当前套餐
18,20,10,基础版,2,23.4,3,电商,10.61,保留当前套餐
17,32,9,专业版,2,26.3,5,教育,9.88,保留当前套餐
1,28,24,基础版,1,14.1,3,电商,19.74,保留当前套餐
22,20,38,免费版,2,8.2,3,教育,19.72,升级专业版
23,22,6,基础版,2,28.5,6,制造,0.5,保留当前套餐
29,23,6,基础版,1,22.9,3,医疗,29.29,升级专业版
12,30,14,基础版,2,10.8,8,医疗,2.9,保留当前套餐
9,19,8,专业版,1,17.1,4,电商,15.14,保留当前套餐
10,26,17,免费版,3,2.2,7,教育,26.9,保留当前套餐
2,21,10,基础版,2,16.9,4,电商,13.23,保留当前套餐
6,20,12,免费版,3,22.4,1,电商,2.85,保留当前套餐
24,22,9,专业版,2,30.7,1,医疗,12.4,升级专业版
8,31,6,基础版,1,10.8,0,教育,16.13,保留当前套餐
27,30,5,基础版,2,28.2,7,电商,32.93,升级企业版
27,22,26,免费版,2,10.2,9,电商,9.9,升级专业版
20,22,8,基础版,3,16.0,6,电商,21.72,保留当前套餐
24,26,4,免费版,0,11.4,5,医疗,15.36,升级专业版
28,25,53,专业版,1,5.3,6,咨询服务,15.53,升级专业版
17,26,3,专业版,1,4.1,5,电商,3.85,保留当前套餐
8,23,10,免费版,2,17.5,4,教育,0.5,保留当前套餐
15,19,16,免费版,0,6.4,5,制造,2.74,保留当前套餐
27,24,5,基础版,2,29.2,1,制造,36.24,升级专业版
19,21,5,免费版,0,23.8,2,电商,22.35,保留当前套餐
16,19,4,专业版,1,17.6,7,电商,14.78,保留当前套餐
21,23,72,免费版,3,22.9,4,教育,17.31,升级专业版
12,18,4,免费版,5,16.7,1,教育,19.0,保留当前套餐
27,29,7,免费版,2,16.1,4,咨询服务,27.95,升级专业版
7,23,5,基础版,1,1.0,12,咨询服务,6.88,保留当前套餐
1,16,4,基础版,2,23.9,5,医疗,1.19,保留当前套餐
19,24,18,专业版,2,4.5,3,医疗,7.21,保留当前套餐
9,17,8,免费版,3,22.7,2,教育,13.53,保留当前套餐
22,29,8,基础版,2,17.2,2,电商,18.24,升级专业版
28,29,6,免费版,0,23.7,7,制造,10.62,升级企业版
3,30,2,免费版,4,25.3,3,医疗,31.67,保留当前套餐
29,22,6,基础版,3,15.9,3,教育,23.84,升级专业版
20,23,5,基础版,4,27.3,5,咨询服务,7.78,升级专业版
11,26,44,免费版,1,17.0,3,教育,13.93,保留当前套餐
21,22,17,基础版,0,14.8,4,制造,15.15,保留当前套餐
26,24,4,基础版,2,15.4,5,制造,11.05,升级专业版
24,19,3,免费版,2,14.2,4,制造,17.01,升级专业版
23,20,9,免费版,0,19.5,8,医疗,9.81,升级专业版
8,27,5,免费版,3,22.3,5,制造,31.99,保留当前套餐
16,23,6,基础版,2,14.4,8,制造,0.5,保留当前套餐
8,19,8,免费版,1,17.6,4,咨询服务,13.19,保留当前套餐
29,30,10,基础版,0,7.2,5,电商,9.4,升级专业版
2,18,5,基础版,3,14.9,6,制造,25.11,保留当前套餐
22,19,3,基础版,0,13.6,4,咨询服务,24.36,升级专业版
11,19,6,免费版,1,11.6,5,咨询服务,18.5,保留当前套餐
6,24,7,基础版,0,17.2,7,制造,0.5,保留当前套餐
27,20,13,免费版,2,22.9,6,制造,1.72,升级专业版
2,21,7,专业版,1,23.0,9,电商,36.79,保留当前套餐
22,21,12,免费版,0,15.6,6,医疗,18.72,升级专业版
12,16,2,专业版,3,22.9,2,医疗,13.62,保留当前套餐
26,21,6,基础版,2,1.6,2,医疗,36.0,保留当前套餐
26,23,14,免费版,1,1.0,5,医疗,9.76,升级专业版
28,23,14,基础版,0,17.8,7,医疗,13.47,升级专业版
8,22,27,专业版,0,31.1,8,电商,21.1,保留当前套餐
30,24,11,免费版,0,15.7,8,电商,20.29,升级专业版
29,33,7,免费版,3,17.8,6,电商,16.69,升级企业版
15,27,37,基础版,2,20.6,6,医疗,19.97,保留当前套餐
11,18,5,免费版,2,15.9,5,制造,13.38,保留当前套餐
17,23,5,免费版,3,1.9,2,医疗,21.4,保留当前套餐
6,17,3,专业版,3,11.7,2,电商,30.44,保留当前套餐
25,27,13,基础版,2,16.6,6,教育,13.1,升级专业版
20,24,6,免费版,0,10.0,8,咨询服务,26.49,升级专业版
7,18,30,免费版,4,14.5,4,电商,23.52,保留当前套餐
27,22,10,基础版,1,13.1,7,医疗,0.5,升级专业版
29,15,17,基础版,0,24.3,3,电商,32.87,升级专业版
3,21,4,免费版,2,19.6,5,制造,0.5,保留当前套餐
1,24,10,基础版,0,12.2,2,医疗,11.29,保留当前套餐
6,26,3,基础版,3,25.6,3,医疗,20.49,保留当前套餐
20,27,8,免费版,0,8.7,6,教育,24.69,升级专业版
30,21,19,专业版,0,1.0,3,医疗,20.65,升级专业版
2,30,7,专业版,3,27.8,3,教育,11.0,保留当前套餐
17,26,31,免费版,1,23.4,3,医疗,20.31,升级专业版
3,33,8,免费版,2,3.9,3,制造,6.52,保留当前套餐
13,14,7,基础版,1,5.1,7,制造,21.37,保留当前套餐
3,24,10,基础版,2,15.2,4,制造,29.1,保留当前套餐
11,20,3,专业版,1,31.7,4,电商,0.5,保留当前套餐
3,26,5,基础版,0,4.6,3,咨询服务,19.99,保留当前套餐
6,26,2,基础版,1,24.5,5,咨询服务,2.99,保留当前套餐
23,15,7,免费版,1,24.6,6,制造,28.26,保留当前套餐
19,26,3,免费版,0,8.2,4,教育,10.09,保留当前套餐
14,25,4,基础版,1,19.4,5,制造,3.34,保留当前套餐
14,21,1,免费版,1,14.6,7,教育,0.99,保留当前套餐
5,26,16,专业版,0,31.6,2,教育,15.03,保留当前套餐
30,17,11,免费版,1,3.1,2,制造,8.6,升级专业版
25,17,19,基础版,2,4.8,2,制造,21.44,保留当前套餐
25,35,15,免费版,1,18.8,8,医疗,28.53,升级企业版
23,23,5,免费版,1,17.1,3,电商,2.94,保留当前套餐
13,22,5,免费版,2,12.7,3,教育,10.03,保留当前套餐
1,24,6,基础版,2,33.7,2,医疗,23.98,保留当前套餐
10,22,3,免费版,1,32.2,6,制造,16.5,保留当前套餐
11,26,1,免费版,1,23.0,3,咨询服务,33.84,保留当前套餐
24,25,24,基础版,1,11.4,3,制造,21.84,升级专业版
3,26,9,免费版,2,4.8,6,制造,8.46,保留当前套餐
15,21,27,基础版,3,27.8,3,制造,26.98,保留当前套餐
23,17,8,免费版,1,15.6,3,咨询服务,14.97,升级专业版
19,15,11,免费版,1,7.9,4,咨询服务,25.31,保留当前套餐
4,15,5,免费版,1,1.0,7,咨询服务,25.23,保留当前套餐
27,22,9,免费版,1,33.1,3,制造,21.68,升级专业版
24,27,7,专业版,1,26.0,4,教育,13.89,保留当前套餐
28,24,3,专业版,2,18.3,3,电商,29.82,升级专业版
18,23,4,免费版,1,20.7,3,电商,24.04,保留当前套餐
17,25,7,免费版,3,20.7,5,制造,34.57,保留当前套餐
21,28,11,基础版,5,1.0,4,教育,20.93,保留当前套餐
29,25,10,专业版,0,29.5,7,电商,18.14,升级专业版
26,22,6,专业版,3,34.2,5,医疗,6.79,保留当前套餐
11,25,7,基础版,1,23.9,5,咨询服务,0.5,保留当前套餐
12,23,9,基础版,0,17.5,6,电商,10.96,保留当前套餐
30,27,3,基础版,3,28.0,2,咨询服务,9.27,升级专业版
19,23,16,免费版,0,11.8,5,教育,36.85,升级专业版
17,23,2,基础版,5,18.6,7,咨询服务,11.13,保留当前套餐
17,26,4,基础版,2,20.5,4,制造,17.54,保留当前套餐
21,19,50,基础版,0,17.4,6,电商,29.39,升级专业版
4,21,10,免费版,1,6.6,3,教育,11.96,保留当前套餐
19,21,26,专业版,5,29.9,0,咨询服务,20.23,保留当前套餐
9,27,11,基础版,1,8.4,4,制造,38.98,保留当前套餐
9,22,3,基础版,1,11.5,2,医疗,14.89,保留当前套餐
30,17,39,免费版,1,16.0,7,电商,18.91,升级专业版
25,23,3,专业版,0,24.3,3,制造,33.92,升级专业版
9,19,7,基础版,1,7.6,4,咨询服务,26.94,保留当前套餐
23,26,12,基础版,0,13.6,5,电商,0.73,保留当前套餐
13,25,10,免费版,0,14.6,4,电商,8.35,升级专业版
26,19,16,免费版,0,29.3,3,制造,13.15,升级专业版
9,18,3,免费版,2,12.7,6,制造,16.27,保留当前套餐
12,20,13,基础版,0,22.4,2,医疗,22.9,保留当前套餐
8,26,5,基础版,1,25.6,5,教育,12.59,保留当前套餐
25,32,54,专业版,0,2.0,2,咨询服务,29.8,升级专业版
9,28,5,基础版,0,23.4,5,教育,9.06,保留当前套餐
18,18,15,基础版,2,10.7,2,教育,24.98,升级专业版
7,36,24,免费版,2,16.2,7,电商,0.5,保留当前套餐
18,31,5,免费版,1,31.0,8,教育,22.61,升级专业版
6,23,3,基础版,3,8.0,3,医疗,24.32,保留当前套餐
12,26,27,专业版,0,23.1,3,电商,14.54,保留当前套餐
27,22,6,免费版,1,17.0,7,咨询服务,14.92,升级专业版
1,28,27,基础版,1,21.2,6,电商,3.0,保留当前套餐
5,25,16,专业版,1,5.0,4,医疗,28.17,保留当前套餐
8,19,3,基础版,0,8.6,7,电商,30.57,保留当前套餐
28,23,7,基础版,1,31.8,5,教育,27.97,升级专业版
23,25,3,免费版,4,21.7,5,咨询服务,20.18,升级专业版
15,26,13,专业版,0,21.2,4,电商,0.5,保留当前套餐
30,21,2,基础版,1,16.6,3,咨询服务,14.31,升级专业版
15,23,10,免费版,2,8.4,2,电商,33.75,升级专业版
19,24,16,免费版,3,3.2,10,电商,11.98,升级专业版
21,22,13,免费版,2,21.4,2,教育,20.98,升级专业版
2,21,8,基础版,3,23.3,0,医疗,3.97,保留当前套餐
2,14,10,免费版,1,9.7,9,制造,28.36,保留当前套餐
27,20,4,基础版,0,29.3,7,教育,7.64,升级专业版
20,17,16,免费版,1,14.3,2,制造,12.24,保留当前套餐
20,24,33,免费版,1,17.8,1,制造,22.37,升级专业版
16,21,16,免费版,0,39.8,7,教育,38.65,升级专业版
12,19,13,免费版,2,28.6,6,电商,12.71,升级专业版
28,16,4,免费版,0,32.3,9,医疗,12.78,升级专业版
16,30,6,基础版,2,13.6,7,教育,5.28,升级专业版
10,26,6,基础版,3,18.6,7,教育,19.68,保留当前套餐
14,19,2,免费版,0,29.0,4,医疗,28.69,保留当前套餐
29,29,38,免费版,2,16.5,5,电商,24.64,升级专业版
23,19,6,免费版,0,7.4,3,医疗,32.55,保留当前套餐
30,19,6,基础版,2,4.2,5,医疗,25.63,升级专业版
15,24,11,基础版,1,16.3,4,咨询服务,38.17,保留当前套餐
4,21,12,基础版,3,18.0,6,电商,29.26,保留当前套餐
23,17,11,免费版,0,25.6,5,电商,36.11,升级专业版
23,22,6,免费版,0,15.0,5,制造,19.74,升级专业版
13,17,3,专业版,1,13.4,3,制造,4.33,保留当前套餐
6,19,5,基础版,1,19.9,6,电商,27.56,保留当前套餐
30,34,10,基础版,2,13.5,6,制造,27.42,升级专业版
22,21,5,专业版,0,22.5,7,教育,4.26,升级专业版
7,27,6,免费版,1,29.0,6,电商,0.5,保留当前套餐
23,14,3,基础版,2,32.2,6,制造,16.4,保留当前套餐
7,21,15,专业版,0,20.0,2,制造,23.47,保留当前套餐
12,28,4,免费版,3,8.4,4,咨询服务,0.5,保留当前套餐
23,26,23,专业版,1,31.1,3,制造,0.5,保留当前套餐
7,23,18,免费版,2,1.0,4,医疗,5.82,保留当前套餐
15,24,5,专业版,2,19.4,7,咨询服务,20.25,保留当前套餐
3,23,22,免费版,2,28.2,4,咨询服务,0.5,保留当前套餐
18,15,4,基础版,1,18.5,4,电商,37.28,升级专业版
22,17,12,专业版,1,38.4,7,电商,11.49,保留当前套餐
27,20,13,基础版,2,34.3,5,咨询服务,27.07,升级专业版
8,15,8,免费版,3,33.8,5,制造,9.61,保留当前套餐
2,25,8,免费版,1,12.1,6,制造,23.97,保留当前套餐
18,37,5,免费版,4,3.5,7,咨询服务,12.49,保留当前套餐
17,26,20,基础版,1,19.4,3,电商,30.78,保留当前套餐
27,22,5,基础版,2,21.4,5,咨询服务,20.52,升级专业版
23,17,34,免费版,0,22.1,6,电商,9.19,升级专业版
19,22,14,基础版,0,16.8,9,医疗,8.3,保留当前套餐
1,23,34,免费版,2,15.5,1,咨询服务,14.24,保留当前套餐
13,15,8,免费版,0,27.6,4,电商,15.49,保留当前套餐
17,21,2,基础版,6,24.6,5,教育,12.7,保留当前套餐
30,23,5,专业版,2,17.2,6,电商,9.23,升级专业版
30,33,13,专业版,2,12.0,5,电商,23.27,升级专业版
13,18,10,专业版,3,21.8,5,电商,8.8,保留当前套餐
11,24,43,基础版,1,11.2,4,咨询服务,15.65,保留当前套餐
27,30,42,基础版,1,19.3,5,医疗,32.45,升级企业版
22,14,6,免费版,6,13.6,7,医疗,21.47,保留当前套餐
19,21,7,免费版,2,7.3,6,咨询服务,24.66,保留当前套餐
6,21,32,基础版,3,37.2,10,教育,11.26,保留当前套餐
23,16,13,免费版,1,25.6,3,医疗,2.61,升级专业版
28,20,3,免费版,3,16.6,2,制造,5.36,升级专业版
2,30,6,基础版,2,18.9,3,教育,18.82,保留当前套餐
11,32,1,基础版,1,22.1,6,电商,11.9,保留当前套餐
14,23,7,基础版,3,18.3,6,电商,38.33,保留当前套餐
12,25,6,基础版,2,12.3,3,咨询服务,24.35,保留当前套餐
20,28,19,基础版,3,33.3,2,医疗,19.16,保留当前套餐
9,26,20,基础版,0,18.9,4,教育,16.8,保留当前套餐
30,27,5,免费版,2,15.2,7,教育,32.82,升级企业版
29,34,4,基础版,1,41.0,4,制造,2.04,升级专业版
12,20,26,基础版,3,31.8,5,制造,28.74,保留当前套餐
15,21,20,基础版,0,15.9,2,电商,20.03,保留当前套餐
18,22,19,基础版,0,19.5,6,医疗,23.78,升级专业版
8,28,39,免费版,1,14.6,5,医疗,10.72,保留当前套餐
1,19,30,免费版,2,26.9,7,教育,37.8,保留当前套餐
19,23,13,免费版,1,10.8,5,电商,16.02,保留当前套餐
25,28,1,专业版,1,21.0,4,教育,26.0,升级专业版
20,23,7,基础版,2,18.7,3,咨询服务,29.12,升级专业版
26,26,4,专业版,2,16.7,6,医疗,15.53,升级专业版
18,20,20,基础版,1,15.0,8,咨询服务,24.19,保留当前套餐
10,29,11,免费版,2,21.1,5,电商,22.61,保留当前套餐
15,25,10,专业版,2,30.7,5,制造,2.26,保留当前套餐
7,30,18,基础版,3,20.7,1,医疗,19.27,保留当前套餐
4,33,14,免费版,2,11.5,3,电商,14.91,保留当前套餐
29,24,3,免费版,4,4.7,3,电商,22.99,升级专业版
20,17,29,免费版,3,23.6,5,电商,20.27,升级专业版
19,24,6,专业版,2,9.1,3,教育,28.56,保留当前套餐
4,21,31,专业版,2,6.6,3,咨询服务,13.56,保留当前套餐
17,27,4,基础版,0,25.5,4,制造,10.81,保留当前套餐
30,22,12,基础版,0,17.0,8,医疗,12.77,升级专业版
16,24,4,基础版,1,8.2,4,咨询服务,21.3,保留当前套餐
26,22,6,专业版,2,32.8,15,制造,39.45,升级专业版
25,23,6,基础版,2,23.3,4,制造,11.21,升级专业版
13,21,11,免费版,3,13.1,5,电商,26.73,保留当前套餐
17,25,27,基础版,0,27.6,3,咨询服务,27.55,升级专业版
27,19,2,专业版,2,1.0,5,咨询服务,17.84,保留当前套餐
27,24,6,基础版,2,17.1,9,电商,33.99,升级专业版
24,20,18,免费版,1,17.6,5,咨询服务,6.2,升级专业版
10,29,15,免费版,3,13.7,5,医疗,38.95,保留当前套餐
13,15,10,基础版,1,8.0,5,教育,32.63,保留当前套餐
22,16,6,基础版,1,10.5,1,制造,17.08,保留当前套餐
10,22,19,专业版,3,21.5,6,教育,20.62,保留当前套餐
22,24,3,免费版,4,10.9,8,医疗,20.86,升级专业版
24,17,14,基础版,0,1.0,7,教育,19.16,保留当前套餐
3,22,20,基础版,2,23.4,6,咨询服务,21.78,保留当前套餐
27,20,3,免费版,3,28.1,6,医疗,1.31,保留当前套餐
3,21,14,免费版,3,20.0,5,医疗,11.18,保留当前套餐
28,30,8,免费版,0,28.0,5,医疗,6.55,升级专业版
20,25,4,免费版,1,1.0,1,咨询服务,12.95,保留当前套餐
22,27,3,专业版,0,15.6,8,电商,30.5,保留当前套餐
7,19,11,基础版,0,34.0,2,教育,26.37,保留当前套餐
5,26,13,免费版,4,23.9,9,电商,19.87,保留当前套餐
18,24,6,免费版,1,19.2,6,制造,6.47,保留当前套餐
22,25,2,免费版,1,20.3,2,电商,5.3,升级专业版
19,18,11,专业版,1,25.3,7,医疗,31.21,保留当前套餐
8,17,13,专业版,1,24.0,3,医疗,17.32,保留当前套餐
4,33,6,基础版,2,11.3,5,制造,17.96,保留当前套餐
1,24,4,基础版,1,15.8,5,教育,34.24,保留当前套餐
28,21,35,免费版,1,26.5,5,教育,24.78,升级专业版
18,27,12,免费版,1,34.3,7,医疗,18.34,升级专业版
16,23,4,免费版,3,13.8,3,教育,38.73,保留当前套餐
27,27,10,基础版,1,1.4,1,制造,30.98,保留当前套餐
10,25,11,基础版,0,16.1,3,制造,22.77,保留当前套餐
26,20,22,专业版,1,22.7,5,电商,33.93,升级专业版
26,27,15,基础版,1,31.6,4,教育,2.58,升级专业版
23,25,17,基础版,2,18.7,6,咨询服务,2.91,升级专业版
20,22,22,基础版,0,40.3,6,制造,27.94,升级专业版
18,22,12,基础版,2,6.2,1,制造,9.57,保留当前套餐
1,22,11,免费版,1,6.2,0,制造,9.75,保留当前套餐
13,31,4,免费版,1,17.7,3,咨询服务,13.98,保留当前套餐
21,26,12,基础版,2,1.0,8,教育,30.69,升级专业版
25,28,4,基础版,5,26.2,7,教育,12.33,保留当前套餐
16,21,3,免费版,1,27.8,6,教育,27.14,升级专业版
