opportunity_id,created_date,channel,industry,lead_score,deal_size_k,sales_cycle_days,touchpoints,owner_region,status
80001,2023-08-02,event,healthcare,,28.06,42.0,7,west,lost
80002,2024-03-05,partner,it,34.3,36.55,34.0,3,north,open
80003,2023-08-07,inbound,healthcare,70.6,35.34,53.0,8,north,lost
80004,2024-04-14,partner,education,54.9,26.3,29.0,6,north,open
80005,2024-02-06,partner,it,43.3,16.12,51.0,9,west,won
80006,2023-11-03,event,it,60.1,1.0,44.0,5,north,lost
80007,2023-08-27,event,retail,53.1,23.66,38.0,6,north,won
80008,2024-03-25,outbound,healthcare,39.1,48.78,46.0,7,west,lost
80009,2024-04-30,partner,healthcare,57.6,23.44,27.0,8,south,lost
80010,2024-05-23,event,manufacturing,85.7,15.44,360.0,9,west,won
80011,2024-05-24,inbound,education,77.4,1.0,35.0,9,north,won
80012,2024-05-23,inbound,retail,91.3,28.69,56.0,6,west,open
80013,2024-04-23,event,,54.0,,44.0,8,south,open
80014,2024-05-18,outbound,manufacturing,100.0,62.89,26.0,10,north,open
80015,2023-11-14,partner,healthcare,66.2,70.24,85.0,4,west,won
80016,2024-03-14,inbound,manufacturing,72.7,53.65,8.0,5,north,lost
80017,2023-12-02,event,manufacturing,66.3,1.0,25.0,4,south,lost
80018,2023-11-11,outbound,manufacturing,14.5,14.26,47.0,6,south,lost
80019,2023-09-01,inbound,,90.5,,28.0,10,west,lost
80020,2023-07-24,outbound,it,100.0,32.59,31.0,8,north,open
80021,2023-06-18,inbound,manufacturing,71.1,,43.0,8,east,lost
80022,2024-07-20,outbound,,74.1,45.85,19.0,9,north,won
80023,2024-01-20,event,healthcare,49.5,46.98,56.0,7,west,open
80024,2024-03-28,event,manufacturing,78.5,36.5,55.0,9,west,won
80025,2024-01-04,event,education,65.1,16.66,41.0,5,north,lost
80026,2024-03-27,partner,education,53.1,35.03,25.0,6,west,lost
80027,2024-01-18,outbound,retail,56.8,64.29,41.0,9,west,open
80028,2023-09-25,inbound,it,59.7,51.73,11.0,9,south,open
80029,2023-07-14,partner,retail,,67.29,49.0,12,west,won
80030,2024-01-20,partner,it,100.0,14.17,46.0,3,west,lost
80031,2024-01-01,outbound,it,64.6,34.8,12.0,7,south,won
80032,2024-07-24,inbound,healthcare,61.2,44.7,47.0,8,west,lost
80033,2024-03-18,partner,healthcare,100.0,48.98,23.0,4,south,open
80034,2023-09-06,outbound,education,65.7,67.42,52.0,8,west,won
80035,2023-11-08,partner,manufacturing,66.7,37.12,34.0,2,north,lost
80036,2024-04-24,outbound,manufacturing,,6.72,81.0,8,south,lost
80037,2023-09-25,outbound,retail,62.4,30.76,52.0,7,east,lost
80038,2024-05-29,event,it,78.0,35.21,37.0,13,south,open
80039,2023-09-18,outbound,manufacturing,74.2,68.24,39.0,7,north,won
80040,2023-10-14,inbound,it,58.4,38.26,45.0,5,east,open
80041,2023-06-08,event,it,72.0,46.64,41.0,7,west,open
80042,2024-06-16,inbound,it,41.4,22.12,20.0,9,north,lost
80043,2024-02-29,outbound,,53.3,12.12,35.0,11,east,open
80044,2024-03-05,partner,education,64.2,32.1,59.0,6,west,won
80045,2024-05-21,partner,,64.5,44.85,21.0,4,north,open
80046,2024-01-11,partner,manufacturing,82.1,26.14,3.0,5,east,lost
80047,2024-06-06,outbound,retail,32.5,59.89,28.0,6,east,lost
80048,2023-06-10,partner,it,72.5,20.72,44.0,8,east,open
80049,2023-10-08,outbound,it,79.4,31.79,30.0,9,south,won
80050,2024-02-12,inbound,manufacturing,51.0,32.43,87.0,7,north,open
80051,2024-02-27,outbound,it,90.1,69.23,41.0,11,south,open
80052,2024-06-04,partner,,72.0,18.19,45.0,7,east,lost
80053,2024-04-16,event,education,62.1,55.68,59.0,5,east,won
80054,2023-12-17,partner,it,86.1,52.31,21.0,7,north,open
80055,2024-01-16,inbound,manufacturing,64.3,28.23,47.0,6,east,lost
80056,2024-07-05,event,healthcare,63.0,31.52,31.0,5,east,open
80057,2024-01-26,partner,manufacturing,,,49.0,5,west,won
80058,2024-02-01,event,healthcare,85.3,24.64,32.0,7,north,won
80059,2023-07-22,partner,manufacturing,70.6,31.41,40.0,8,south,open
80060,2023-06-21,event,manufacturing,,1.0,12.0,7,east,lost
80061,2024-06-28,partner,,40.6,76.27,69.0,5,east,lost
80062,2024-01-01,event,healthcare,68.0,49.03,54.0,6,west,open
80063,2024-07-15,partner,it,80.7,51.4,95.0,5,east,lost
80064,2024-03-21,inbound,manufacturing,81.0,38.31,125.0,6,south,open
80065,2024-07-10,outbound,retail,36.7,,46.0,2,east,lost
80066,2023-11-18,inbound,education,88.3,70.64,28.0,4,north,lost
80067,2023-07-12,event,retail,87.5,39.92,61.0,4,west,won
80068,2024-05-30,inbound,it,67.2,12.23,58.0,9,south,lost
80069,2024-04-08,event,it,41.5,41.32,44.0,8,south,lost
80070,2024-03-10,event,healthcare,77.7,2.25,26.0,11,south,won
80071,2023-09-17,event,it,69.0,67.86,30.0,6,north,won
80072,2023-10-17,event,,97.2,67.52,58.0,8,north,open
80073,2023-08-25,inbound,it,69.8,58.35,24.0,7,north,open
80074,2023-12-18,outbound,education,86.7,35.45,51.0,5,south,lost
80075,2023-09-16,inbound,healthcare,,44.9,27.0,9,south,open
80076,2024-05-01,outbound,it,61.5,23.16,22.0,4,east,lost
80077,2024-01-27,inbound,healthcare,80.9,24.97,18.0,10,north,open
80078,2023-07-29,outbound,it,74.3,20.63,45.0,8,south,won
80079,2023-10-28,event,retail,100.0,9.66,45.0,6,south,lost
80080,2023-08-20,event,healthcare,51.0,46.53,41.0,3,north,open
80081,2024-06-03,event,it,68.2,25.01,58.0,4,west,lost
80082,2023-06-20,event,education,67.3,68.29,42.0,6,north,lost
80083,2024-01-12,outbound,it,59.1,4.62,46.0,8,west,lost
80084,2023-11-30,outbound,manufacturing,54.2,34.18,43.0,4,south,open
80085,2024-04-19,partner,it,28.0,3.92,31.0,9,west,open
80086,2024-02-26,outbound,education,98.0,48.56,42.0,6,south,won
80087,2023-07-21,inbound,manufacturing,75.8,40.3,56.0,5,north,open
80088,2024-05-30,partner,manufacturing,85.1,1.0,25.0,7,east,won
80089,2024-02-11,outbound,healthcare,58.0,31.53,70.0,6,north,won
80090,2023-12-20,outbound,it,37.6,,37.0,9,north,lost
80091,2024-06-27,inbound,healthcare,78.3,43.52,56.0,10,east,lost
80092,2024-07-17,event,retail,83.3,25.54,58.0,5,west,won
80093,2024-03-21,partner,manufacturing,53.0,91.81,31.0,8,north,open
80094,2023-07-10,inbound,it,57.4,23.61,38.0,4,west,open
80095,2023-11-11,inbound,education,42.5,73.89,35.0,8,east,open
80096,2024-05-13,event,manufacturing,68.1,49.24,62.0,3,east,lost
80097,2024-06-27,partner,education,39.7,74.67,26.0,1,north,open
80098,2024-01-22,partner,retail,76.7,32.49,58.0,4,east,won
80099,2024-02-09,event,manufacturing,44.5,56.46,42.0,6,north,won
80100,2023-09-28,inbound,education,74.6,45.57,78.0,6,north,open
80101,2023-11-04,event,it,80.1,31.65,45.0,7,east,open
80102,2023-08-23,partner,healthcare,64.0,4.29,34.0,8,north,won
80103,2024-06-05,outbound,education,69.7,1.0,43.0,10,west,won
80104,2024-01-31,outbound,healthcare,54.6,48.93,205.0,9,south,lost
80105,2023-11-06,inbound,manufacturing,79.1,1.0,58.0,8,east,won
80106,2024-02-28,outbound,healthcare,73.0,,68.0,5,east,won
80107,2024-02-01,inbound,healthcare,48.3,41.74,28.0,6,south,lost
80108,2023-11-23,event,retail,66.3,28.33,14.0,3,west,won
80109,2024-07-22,event,,38.8,65.96,59.0,9,north,lost
80110,2024-06-04,event,manufacturing,74.5,69.96,57.0,9,east,lost
80111,2024-05-11,event,it,66.0,44.83,57.0,6,north,won
80112,2023-06-16,partner,manufacturing,,55.38,71.0,5,west,open
80113,2024-03-29,event,education,69.3,57.28,25.0,7,north,won
80114,2024-04-18,inbound,healthcare,74.0,45.69,46.0,7,north,lost
80115,2024-01-02,partner,healthcare,54.6,47.38,65.0,7,west,lost
80116,2024-03-20,outbound,retail,,1.0,53.0,6,south,won
80117,2023-11-23,outbound,manufacturing,89.4,12.09,64.0,5,west,won
80118,2023-09-18,inbound,manufacturing,51.0,1.0,66.0,3,north,won
80119,2024-02-17,inbound,it,85.0,23.88,67.0,5,west,won
80120,2024-04-20,inbound,healthcare,51.0,28.12,55.0,15,south,open
80121,2023-07-04,partner,education,44.5,35.09,72.0,10,south,won
80122,2024-05-22,event,healthcare,60.7,36.4,37.0,9,south,won
80123,2024-03-04,outbound,retail,44.4,13.64,59.0,10,south,open
80124,2024-03-04,outbound,retail,77.8,9.66,35.0,15,east,lost
80125,2023-11-23,event,education,62.3,17.58,48.0,4,east,lost
80126,2024-05-04,partner,it,17.1,12.68,48.0,7,north,won
80127,2024-05-07,outbound,,44.2,42.02,34.0,13,north,won
80128,2024-03-28,outbound,retail,100.0,77.65,54.0,7,south,open
80129,2023-08-14,outbound,retail,,48.93,12.0,7,north,lost
80130,2023-11-13,event,,59.6,23.39,27.0,9,east,lost
80131,2023-08-04,partner,education,63.2,56.74,60.0,7,east,open
80132,2023-12-08,partner,retail,71.3,38.44,46.0,6,west,open
80133,2023-11-13,outbound,education,76.6,73.42,3.0,10,north,won
80134,2024-02-11,outbound,healthcare,79.1,74.94,48.0,9,south,won
80135,2023-08-08,partner,retail,100.0,26.47,61.0,3,west,won
80136,2023-09-15,outbound,,67.1,51.88,8.0,8,east,lost
80137,2023-12-08,outbound,healthcare,81.7,49.41,57.0,6,west,lost
80138,2024-04-26,partner,healthcare,74.3,,235.0,6,east,won
80139,2023-12-25,outbound,manufacturing,66.4,40.67,41.0,5,east,open
80140,2023-07-01,outbound,retail,81.5,27.94,52.0,6,west,lost
80141,2024-07-21,outbound,retail,58.2,13.03,58.0,10,west,lost
80142,2023-07-01,outbound,healthcare,,34.11,70.0,5,north,lost
80143,2023-09-19,partner,manufacturing,41.2,42.81,60.0,11,west,lost
80144,2024-03-30,event,education,53.9,22.18,42.0,8,east,lost
80145,2023-08-28,inbound,healthcare,38.6,1.3,28.0,10,north,won
80146,2024-01-21,partner,retail,42.7,63.81,47.0,3,north,lost
80147,2023-07-07,event,,52.9,44.17,33.0,6,east,open
80148,2024-06-26,event,healthcare,45.4,25.19,52.0,13,west,open
80149,2023-06-19,outbound,manufacturing,59.1,38.73,15.0,8,east,open
80150,2024-01-17,event,education,61.8,23.58,50.0,6,north,open
80151,2024-02-23,partner,,73.4,1.0,34.0,9,north,lost
80152,2024-03-24,partner,healthcare,68.1,61.84,24.0,8,north,won
80153,2023-08-11,inbound,healthcare,84.5,26.42,65.0,6,west,open
80154,2024-04-09,inbound,it,61.8,6.67,54.0,14,north,open
80155,2024-02-19,partner,healthcare,63.4,47.57,25.0,8,west,open
80156,2023-12-14,inbound,education,66.7,76.38,34.0,8,north,open
80157,2023-06-09,partner,retail,96.0,35.29,34.0,9,east,lost
80158,2023-06-15,partner,it,35.3,49.39,40.0,8,west,lost
80159,2023-10-23,partner,healthcare,37.3,36.54,47.0,10,east,open
80160,2024-01-16,outbound,it,95.1,23.29,37.0,8,south,open
80161,2023-12-24,outbound,manufacturing,36.9,8.78,70.0,4,south,won
80162,2023-07-12,outbound,education,70.9,33.66,48.0,8,east,won
80163,2024-02-12,event,manufacturing,62.3,21.19,48.0,5,south,open
80164,2023-10-15,inbound,manufacturing,100.0,29.05,56.0,4,north,lost
80165,2024-01-09,event,retail,59.6,21.09,33.0,12,south,won
80166,2024-04-29,inbound,manufacturing,65.5,31.77,33.0,6,west,lost
80167,2023-07-04,event,manufacturing,70.8,41.05,43.0,10,south,lost
80168,2023-08-20,partner,education,62.8,46.23,43.0,10,south,open
80169,2023-11-28,event,healthcare,44.7,16.6,20.0,9,west,lost
80170,2023-12-26,outbound,healthcare,76.4,33.88,55.0,9,south,lost
80171,2023-11-05,partner,retail,62.2,53.33,66.0,9,north,won
80172,2024-07-19,partner,,46.1,29.64,56.0,6,north,open
80173,2023-08-22,outbound,manufacturing,36.5,53.69,18.0,5,west,won
80174,2024-07-18,inbound,education,65.5,75.44,49.0,11,south,won
80175,2024-07-05,inbound,healthcare,49.3,62.47,36.0,11,south,lost
80176,2023-07-29,partner,manufacturing,31.8,26.01,66.0,7,west,lost
80177,2024-02-29,outbound,,21.7,60.09,22.0,5,south,open
80178,2023-07-11,partner,manufacturing,81.0,64.37,57.0,8,west,won
80179,2024-01-25,outbound,it,79.8,,19.0,6,north,won
80180,2024-06-28,partner,it,42.6,35.08,25.0,9,south,lost
80181,2023-06-18,outbound,education,75.5,17.91,30.0,10,west,open
80182,2023-12-11,partner,manufacturing,70.3,76.61,53.0,7,north,lost
80183,2023-11-07,inbound,healthcare,65.3,65.43,34.0,5,west,open
80184,2024-02-10,outbound,it,56.4,74.38,42.0,3,south,lost
80185,2024-03-27,event,education,43.7,61.28,28.0,6,south,open
80186,2023-09-17,event,retail,60.4,22.59,38.0,6,north,lost
80187,2024-07-16,event,retail,54.6,47.95,51.0,10,east,won
80188,2024-05-09,outbound,retail,47.8,,72.0,11,west,open
80189,2024-06-10,event,it,42.5,38.91,66.0,5,east,open
80190,2023-11-22,outbound,manufacturing,74.5,,34.0,4,north,lost
80191,2023-06-05,inbound,manufacturing,97.1,55.27,10.0,9,north,open
80192,2023-06-04,outbound,retail,64.7,49.64,33.0,6,north,won
80193,2024-04-08,partner,education,97.1,65.23,75.0,4,north,lost
80194,2023-11-29,event,education,85.7,57.17,59.0,9,north,open
80195,2024-01-23,partner,manufacturing,71.4,31.36,26.0,4,west,open
80196,2024-04-11,inbound,healthcare,72.0,36.61,24.0,8,north,open
80197,2024-02-22,inbound,it,58.4,84.17,62.0,6,north,lost
80198,2023-06-28,event,retail,76.6,48.72,320.0,10,east,lost
80199,2023-12-01,inbound,education,50.1,29.79,35.0,5,east,won
80200,2023-09-22,event,manufacturing,,1.0,50.0,5,north,lost
80201,2023-07-07,outbound,it,38.9,50.23,36.0,12,west,open
80202,2023-06-06,inbound,education,59.3,26.68,48.0,8,south,open
80203,2023-09-23,partner,education,66.6,41.78,88.0,8,east,lost
80204,2024-03-02,partner,healthcare,40.2,49.25,25.0,8,north,won
80205,2023-11-09,outbound,it,71.5,43.88,44.0,9,north,open
80206,2024-05-15,event,education,24.8,58.74,70.0,7,south,won
80207,2023-11-24,partner,healthcare,69.8,45.45,12.0,10,south,open
80208,2024-06-11,partner,education,49.9,53.47,49.0,5,east,won
80209,2024-06-26,outbound,healthcare,63.9,56.46,48.0,7,east,open
80210,2024-07-07,event,education,61.7,,45.0,5,west,open
80211,2023-11-12,event,retail,47.6,1.71,220.0,6,south,won
80212,2023-08-18,partner,retail,,75.71,76.0,3,south,lost
80213,2024-05-16,outbound,healthcare,,44.81,43.0,4,west,won
80214,2024-04-21,partner,education,,25.49,63.0,4,east,lost
80215,2023-10-14,inbound,healthcare,90.1,53.89,67.0,8,west,won
80216,2024-06-16,outbound,retail,51.8,47.54,29.0,3,east,won
80217,2023-08-24,outbound,manufacturing,78.3,76.63,3.0,7,south,won
80218,2024-07-21,event,retail,62.1,1.0,19.0,9,north,open
80219,2023-12-07,inbound,it,52.8,51.03,43.0,9,north,lost
80220,2023-12-01,partner,it,68.9,42.99,41.0,5,west,won
80221,2024-02-13,outbound,manufacturing,88.9,4.71,47.0,7,south,lost
80222,2024-06-10,partner,manufacturing,28.3,37.83,80.0,8,north,won
80223,2023-10-30,partner,healthcare,46.1,48.13,38.0,7,north,open
80224,2023-11-13,partner,manufacturing,75.1,42.52,25.0,7,west,lost
80225,2023-09-06,event,manufacturing,,38.89,11.0,5,west,won
80226,2024-04-05,outbound,education,59.5,1.0,41.0,5,west,open
80227,2023-09-04,partner,it,72.9,,20.0,7,west,lost
80228,2023-11-22,outbound,,42.8,13.51,52.0,7,north,lost
80229,2024-06-16,partner,,40.5,11.3,31.0,4,south,lost
80230,2024-01-15,outbound,education,55.7,22.74,13.0,11,south,lost
80231,2023-08-03,inbound,it,41.9,39.29,23.0,6,north,lost
80232,2024-01-29,event,,64.9,20.63,31.0,6,west,open
80233,2023-09-09,inbound,it,66.4,12.7,66.0,2,south,won
80234,2023-11-14,inbound,education,63.1,6.14,13.0,5,north,lost
80235,2023-09-29,event,healthcare,89.5,69.69,41.0,8,east,won
80236,2023-10-03,inbound,education,50.2,34.3,22.0,3,west,open
80237,2024-04-06,event,education,75.5,18.89,3.0,6,south,won
80238,2023-09-08,event,retail,30.7,37.17,44.0,8,east,lost
80239,2023-09-09,inbound,retail,52.8,18.72,55.0,5,south,open
80240,2023-07-29,event,healthcare,57.7,25.05,31.0,3,east,lost
80241,2023-11-24,inbound,manufacturing,75.1,26.57,40.0,7,west,open
80242,2023-07-11,partner,,41.0,,25.0,9,east,lost
80243,2023-06-30,event,it,62.7,,320.0,10,south,won
80244,2023-08-29,partner,retail,80.3,40.82,31.0,7,west,open
80245,2024-04-27,partner,retail,47.9,,36.0,5,north,lost
80246,2023-12-08,inbound,education,44.6,1.0,63.0,11,north,lost
80247,2023-11-26,outbound,healthcare,58.1,21.8,42.0,7,north,won
80248,2024-07-21,partner,manufacturing,67.4,19.7,48.0,4,north,open
80249,2024-03-01,outbound,retail,26.4,1.0,52.0,10,north,lost
80250,2024-05-22,partner,it,37.8,63.59,73.0,10,south,open
80251,2023-06-27,partner,healthcare,55.4,33.85,38.0,7,south,open
80252,2024-04-01,partner,education,66.9,13.74,44.0,4,west,lost
80253,2023-06-25,partner,it,52.6,57.73,19.0,7,south,open
80254,2023-09-22,outbound,education,65.1,57.5,31.0,8,north,lost
80255,2024-01-06,partner,education,80.2,,29.0,5,east,lost
80256,2023-11-03,event,retail,,63.7,44.0,9,south,open
80257,2024-07-02,partner,manufacturing,45.9,30.43,71.0,4,east,open
80258,2023-07-07,partner,healthcare,66.7,,42.0,3,north,lost
80259,2023-06-24,outbound,healthcare,53.0,28.02,53.0,13,north,open
80260,2024-06-02,inbound,healthcare,59.5,32.5,13.0,8,east,lost
80261,2024-03-08,partner,it,61.1,9.68,27.0,7,east,won
80262,2023-08-09,outbound,retail,76.0,24.0,65.0,13,east,lost
80263,2024-07-16,outbound,retail,28.2,36.25,83.0,7,west,won
80264,2024-07-03,inbound,healthcare,62.9,62.07,24.0,9,south,lost
80265,2023-11-05,partner,education,64.8,45.08,41.0,8,south,won
80266,2023-12-17,outbound,,55.4,15.0,15.0,8,north,lost
80267,2023-07-13,partner,it,47.2,32.64,46.0,3,south,won
80268,2024-06-29,partner,it,45.2,24.06,28.0,8,north,won
80269,2023-07-31,event,retail,80.3,53.93,53.0,9,south,lost
80270,2023-10-08,outbound,education,50.8,17.72,52.0,8,west,lost
80271,2024-06-02,inbound,education,82.2,49.82,45.0,7,north,won
80272,2024-04-21,outbound,retail,,10.16,47.0,9,south,open
80273,2023-11-23,outbound,education,46.5,9.92,41.0,6,west,open
80274,2023-09-04,inbound,retail,34.8,48.24,43.0,8,east,open
80275,2024-06-30,partner,healthcare,,1.0,49.0,6,east,won
80276,2023-06-02,event,it,66.2,47.6,64.0,6,west,open
80277,2024-04-25,partner,it,74.2,30.71,60.0,9,north,won
80278,2023-12-19,partner,manufacturing,80.8,47.77,6.0,11,south,open
80279,2024-07-12,outbound,healthcare,19.3,13.59,47.0,4,north,open
80280,2023-06-06,inbound,it,67.1,42.76,59.0,5,south,won
80281,2023-07-02,partner,healthcare,56.8,87.67,52.0,5,west,open
80282,2024-06-13,inbound,education,65.5,,44.0,8,east,open
80283,2023-11-28,partner,it,83.4,25.67,17.0,5,west,lost
80284,2024-01-24,inbound,retail,27.0,33.09,3.0,6,south,won
80285,2024-02-25,partner,it,97.3,16.48,23.0,8,north,lost
80286,2023-12-23,outbound,education,98.0,24.07,28.0,7,east,won
80287,2023-11-21,outbound,healthcare,,28.47,54.0,11,north,won
80288,2024-01-09,partner,manufacturing,23.1,32.94,50.0,8,east,lost
80289,2023-07-19,event,,90.2,34.95,31.0,5,west,open
80290,2024-04-22,partner,healthcare,65.5,55.82,44.0,4,south,open
80291,2024-03-25,outbound,healthcare,72.6,57.77,65.0,10,east,won
80292,2024-06-08,event,education,67.2,37.78,36.0,8,south,lost
80293,2023-12-23,outbound,retail,37.9,1.73,19.0,10,south,won
80294,2024-01-28,partner,it,84.9,5.4,73.0,4,west,open
80295,2023-09-25,inbound,retail,45.6,59.88,10.0,7,south,lost
80296,2024-04-07,outbound,,65.8,21.16,63.0,5,west,lost
80297,2023-12-01,event,healthcare,51.0,17.84,61.0,8,east,open
80298,2023-11-01,inbound,education,77.2,36.49,8.0,7,north,open
80299,2023-07-08,event,manufacturing,52.8,,52.0,6,south,open
80300,2023-07-02,event,healthcare,96.9,50.41,3.0,6,west,open
80301,2023-11-27,inbound,manufacturing,,49.91,19.0,8,west,lost
80302,2023-08-03,partner,manufacturing,61.3,85.22,51.0,9,west,lost
80303,2024-01-19,outbound,manufacturing,72.3,18.52,45.0,6,east,open
80304,2024-05-23,outbound,manufacturing,58.5,45.42,68.0,10,west,lost
80305,2023-11-28,inbound,healthcare,47.2,46.13,47.0,3,south,lost
80306,2023-11-28,partner,retail,95.4,53.56,29.0,11,east,won
80307,2023-09-07,outbound,education,25.3,64.46,25.0,8,south,open
80308,2024-05-22,outbound,education,94.7,41.82,48.0,7,west,open
80309,2024-02-14,event,healthcare,52.1,19.21,75.0,11,north,open
80310,2024-05-03,inbound,healthcare,86.3,11.25,52.0,7,south,open
80311,2023-06-18,event,manufacturing,79.6,52.92,62.0,11,west,lost
80312,2023-12-21,outbound,manufacturing,64.5,56.65,3.0,8,east,open
80313,2024-02-04,event,retail,56.2,32.04,59.0,8,south,won
80314,2023-07-09,outbound,education,48.6,52.11,82.0,8,north,open
80315,2023-06-14,event,it,76.7,37.55,71.0,7,west,open
80316,2024-07-06,inbound,healthcare,57.3,23.86,65.0,9,south,lost
80317,2023-12-13,event,retail,92.2,31.08,37.0,9,west,won
80318,2023-07-31,outbound,it,49.8,70.35,30.0,3,east,open
80319,2023-07-23,outbound,,77.8,53.72,40.0,6,west,won
80320,2023-08-09,event,it,77.6,18.89,48.0,12,north,won
80321,2024-05-18,partner,education,63.7,52.72,29.0,6,west,lost
80322,2023-07-19,event,education,34.6,61.12,27.0,14,west,lost
80323,2023-07-21,outbound,healthcare,45.9,73.26,39.0,10,east,open
80324,2024-01-27,outbound,it,54.2,36.11,34.0,12,north,open
80325,2024-04-22,partner,healthcare,65.6,72.61,19.0,7,west,won
80326,2024-07-06,inbound,it,88.6,20.74,57.0,4,west,open
80327,2023-12-21,event,education,85.7,3.41,65.0,7,north,lost
80328,2024-07-15,partner,healthcare,54.2,57.05,28.0,11,west,open
80329,2024-05-13,inbound,it,62.4,32.53,72.0,6,east,lost
80330,2024-07-02,partner,it,62.4,83.45,28.0,4,west,lost
80331,2023-06-25,outbound,education,,44.36,3.0,13,east,won
80332,2024-01-30,partner,it,38.9,21.05,44.0,6,west,open
80333,2024-02-05,partner,healthcare,55.0,65.59,25.0,4,east,won
80334,2024-06-06,inbound,retail,91.0,25.83,3.0,6,south,lost
80335,2023-12-28,event,healthcare,46.7,67.75,61.0,6,north,lost
80336,2023-07-31,outbound,education,77.7,25.74,21.0,7,south,open
80337,2024-05-16,inbound,it,70.5,21.4,34.0,7,west,lost
80338,2023-10-24,partner,retail,51.4,42.35,38.0,8,north,won
80339,2023-12-06,event,,91.0,71.15,60.0,9,west,won
80340,2023-09-14,event,manufacturing,75.5,32.96,66.0,3,north,won
80341,2023-10-17,outbound,manufacturing,44.6,25.68,34.0,8,west,open
80342,2023-10-19,partner,it,46.2,32.95,46.0,12,east,open
80343,2024-07-23,inbound,retail,,32.17,36.0,11,east,lost
80344,2024-02-15,outbound,it,54.6,48.78,32.0,10,north,lost
80345,2023-07-26,outbound,education,63.8,38.64,46.0,7,west,open
80346,2023-06-07,partner,,60.6,41.53,43.0,8,west,open
80347,2023-06-24,partner,retail,57.2,64.67,26.0,8,north,lost
80348,2023-10-07,outbound,manufacturing,69.5,57.13,56.0,10,south,won
80349,2024-02-20,inbound,education,43.5,48.27,13.0,7,west,open
80350,2024-02-15,partner,healthcare,61.0,46.74,48.0,6,south,won
80351,2023-10-19,outbound,healthcare,85.2,60.61,50.0,9,east,lost
80352,2023-07-31,inbound,retail,,18.46,52.0,7,south,lost
80353,2024-04-13,partner,retail,93.7,10.37,20.0,6,west,open
80354,2023-12-14,outbound,healthcare,45.8,8.62,48.0,5,west,won
80355,2024-04-24,inbound,education,59.6,1.0,52.0,10,south,won
80356,2024-01-23,outbound,retail,65.7,4.31,33.0,8,north,lost
80357,2023-12-21,partner,it,,39.85,305.0,7,south,open
80358,2023-08-28,partner,education,35.9,28.47,30.0,9,south,open
80359,2024-05-31,event,manufacturing,81.8,5.55,89.0,11,south,lost
80360,2023-10-15,event,,55.0,37.11,21.0,7,south,open
80361,2024-01-14,event,healthcare,42.7,48.84,9.0,11,west,open
80362,2023-08-08,partner,education,61.3,28.34,48.0,7,south,open
80363,2024-06-23,inbound,education,62.4,,27.0,5,west,won
80364,2023-06-21,event,manufacturing,63.6,1.0,70.0,8,east,won
80365,2024-06-28,event,education,45.1,1.0,40.0,3,east,lost
80366,2024-05-12,partner,it,58.3,3.92,45.0,8,west,lost
80367,2024-01-09,inbound,,50.1,30.47,83.0,11,south,won
80368,2024-01-19,inbound,education,76.1,,61.0,5,west,lost
80369,2024-04-11,inbound,education,47.0,55.17,62.0,3,east,open
80370,2024-02-29,outbound,education,38.4,1.0,63.0,11,north,won
80371,2023-07-15,outbound,,26.6,39.52,55.0,7,west,lost
80372,2024-05-25,inbound,retail,47.7,28.44,42.0,8,east,open
80373,2023-08-26,outbound,healthcare,71.2,33.19,30.0,5,north,won
80374,2024-07-24,partner,healthcare,56.5,29.41,15.0,10,south,won
80375,2023-11-17,partner,education,64.9,10.19,22.0,8,north,won
80376,2024-05-15,outbound,healthcare,60.5,91.39,29.0,9,south,lost
80377,2024-05-18,partner,manufacturing,74.1,33.86,50.0,8,west,lost
80378,2023-08-22,event,education,86.9,16.38,34.0,6,south,won
80379,2023-09-11,partner,,33.6,,23.0,11,south,lost
80380,2023-07-17,partner,healthcare,35.8,24.96,48.0,4,north,lost
80381,2024-01-16,event,,72.6,19.0,24.0,10,west,lost
80382,2023-12-17,outbound,retail,76.2,1.0,76.0,3,west,open
80383,2023-11-10,inbound,manufacturing,43.9,,22.0,6,east,open
80384,2024-02-12,event,manufacturing,,14.52,45.0,6,east,lost
80385,2024-05-23,outbound,education,45.8,24.37,62.0,9,south,open
80386,2023-09-25,inbound,healthcare,100.0,21.37,39.0,9,north,won
80387,2024-05-02,inbound,manufacturing,40.2,31.79,36.0,9,east,lost
80388,2023-07-17,outbound,manufacturing,65.1,30.9,57.0,7,north,open
80389,2023-09-04,inbound,retail,,55.95,26.0,11,south,lost
80390,2024-04-11,outbound,education,62.8,,48.0,4,south,lost
80391,2024-02-22,event,education,73.7,,13.0,12,east,won
80392,2024-03-09,event,it,62.8,50.04,60.0,7,south,lost
80393,2023-08-03,event,manufacturing,48.6,7.17,24.0,6,north,won
80394,2024-06-11,inbound,education,56.1,32.12,19.0,2,south,open
80395,2023-10-05,inbound,healthcare,46.3,43.55,46.0,10,south,open
80396,2023-08-20,outbound,,,31.29,49.0,6,north,open
80397,2023-07-21,event,education,84.9,51.96,49.0,6,north,open
80398,2024-07-05,event,retail,38.9,69.86,78.0,6,north,won
80399,2023-12-10,partner,healthcare,81.3,36.65,45.0,7,west,open
80400,2023-08-09,event,it,75.4,57.74,32.0,4,west,won
80401,2023-11-25,inbound,education,45.8,10.97,41.0,9,north,won
80402,2023-12-25,inbound,,,20.34,48.0,7,east,won
80403,2023-12-22,inbound,healthcare,,33.6,27.0,9,east,lost
80404,2024-05-10,partner,healthcare,51.8,50.41,20.0,4,south,open
80405,2024-02-12,inbound,retail,50.8,39.87,14.0,6,east,lost
80406,2023-08-29,inbound,healthcare,95.1,,43.0,8,north,open
80407,2024-01-17,partner,manufacturing,58.0,10.66,21.0,8,east,lost
80408,2024-04-11,event,education,,33.1,61.0,5,east,won
80409,2023-09-07,outbound,it,51.4,,37.0,6,south,won
80410,2023-09-11,outbound,education,58.7,13.25,52.0,7,east,lost
80411,2023-06-28,inbound,education,85.5,51.08,52.0,7,east,won
80412,2024-01-13,outbound,education,47.1,,10.0,12,west,open
80413,2024-03-12,event,retail,60.0,38.58,54.0,6,east,lost
80414,2023-12-17,partner,healthcare,74.3,34.62,47.0,7,east,won
80415,2024-02-24,partner,healthcare,36.1,42.38,53.0,7,south,lost
80416,2024-01-16,event,it,24.3,57.11,52.0,7,north,lost
80417,2023-06-21,partner,education,38.7,58.16,39.0,7,east,lost
80418,2024-01-04,event,retail,27.1,23.31,53.0,4,south,won
80419,2024-03-31,partner,manufacturing,72.8,37.23,38.0,3,south,won
80420,2024-07-12,inbound,retail,51.4,64.18,44.0,15,east,open
80421,2023-09-21,inbound,healthcare,49.7,,34.0,8,east,won
80422,2024-04-09,event,education,55.9,53.7,43.0,8,west,open
80423,2024-01-20,inbound,retail,50.6,49.65,53.0,9,south,lost
80424,2023-11-30,outbound,education,43.4,26.57,31.0,8,east,open
80425,2023-10-29,inbound,,67.6,41.21,64.0,11,east,lost
80426,2023-11-11,event,,78.3,,44.0,6,south,won
80427,2023-10-15,outbound,education,,46.47,3.0,8,east,open
80428,2023-07-24,outbound,healthcare,13.3,21.83,47.0,7,east,lost
80429,2024-05-09,partner,it,58.1,13.01,46.0,5,south,won
80430,2023-07-29,partner,education,67.0,54.29,39.0,5,west,open
80431,2024-01-11,partner,retail,87.9,,53.0,5,east,lost
80432,2023-07-17,outbound,retail,46.0,33.58,48.0,5,north,open
80433,2023-10-25,inbound,education,54.2,25.04,37.0,6,north,lost
80434,2024-01-08,inbound,it,53.9,44.27,26.0,5,east,lost
80435,2023-10-10,outbound,it,63.6,36.02,63.0,5,south,won
80436,2023-11-24,outbound,retail,79.7,74.37,62.0,8,west,lost
80437,2023-07-01,outbound,education,65.4,24.49,18.0,9,north,won
80438,2024-03-06,partner,,50.6,53.75,66.0,8,south,won
80439,2023-09-24,event,,55.6,69.98,55.0,8,west,lost
80440,2023-10-10,event,healthcare,57.9,43.38,58.0,11,west,lost
80441,2023-11-07,inbound,retail,29.8,39.18,26.0,6,south,lost
80442,2023-06-20,outbound,healthcare,63.5,,63.0,6,north,open
80443,2023-08-02,inbound,healthcare,84.7,31.01,61.0,6,south,won
80444,2024-01-09,inbound,manufacturing,72.1,53.87,49.0,12,north,open
80445,2023-07-10,partner,retail,69.4,25.68,56.0,7,south,won
80446,2024-06-15,outbound,retail,72.3,40.06,37.0,9,west,open
80447,2023-07-08,outbound,it,78.8,1.8,55.0,10,south,lost
80448,2024-07-12,outbound,it,50.1,63.67,44.0,6,west,lost
80449,2023-09-25,event,healthcare,79.5,22.42,51.0,7,west,lost
80450,2023-07-23,partner,education,43.3,41.52,39.0,6,west,lost
80451,2023-08-26,outbound,retail,83.8,1.0,51.0,8,north,lost
80452,2024-02-12,event,manufacturing,,48.55,53.0,6,south,lost
80453,2024-02-28,outbound,education,75.7,1.0,13.0,7,east,won
80454,2023-07-04,partner,it,88.6,55.31,92.0,7,east,lost
80455,2024-07-01,outbound,it,42.4,54.88,11.0,10,north,open
80456,2024-02-21,outbound,manufacturing,58.4,17.3,59.0,6,east,lost
80457,2023-08-08,outbound,healthcare,100.0,71.33,38.0,6,west,lost
80458,2024-02-22,outbound,retail,57.7,49.55,32.0,8,south,won
80459,2023-10-24,event,it,58.2,29.18,47.0,5,west,lost
80460,2024-04-25,event,manufacturing,66.5,64.2,70.0,8,south,lost
80461,2024-03-02,outbound,healthcare,86.2,79.64,38.0,9,west,open
80462,2024-07-17,outbound,education,,36.51,18.0,6,west,open
80463,2023-10-25,event,,,19.26,53.0,5,east,lost
80464,2024-05-26,inbound,retail,62.3,,38.0,7,north,lost
80465,2023-09-12,event,education,55.2,29.85,56.0,11,west,open
80466,2024-02-12,inbound,,54.1,41.03,52.0,8,east,won
80467,2023-06-28,outbound,healthcare,53.6,36.28,36.0,8,east,lost
80468,2023-12-28,outbound,it,56.5,29.19,270.0,5,north,lost
80469,2023-09-24,outbound,it,24.7,18.98,7.0,8,east,open
80470,2023-11-21,event,manufacturing,65.7,26.56,66.0,9,north,open
80471,2023-12-17,inbound,,62.2,43.02,3.0,13,west,won
80472,2024-01-22,event,education,87.2,19.11,22.0,5,west,open
80473,2023-07-17,partner,it,59.8,45.96,56.0,10,west,won
80474,2023-10-22,outbound,it,67.9,34.94,44.0,4,west,open
80475,2024-04-29,inbound,education,75.7,12.88,61.0,9,north,open
80476,2024-03-20,outbound,it,52.0,47.68,3.0,10,west,won
80477,2024-06-21,inbound,healthcare,72.6,49.07,14.0,11,east,open
80478,2024-01-18,outbound,it,,1.0,33.0,6,south,won
80479,2023-06-21,inbound,retail,82.1,52.69,63.0,6,west,won
80480,2024-07-09,event,manufacturing,77.9,59.77,69.0,5,south,lost
80481,2023-06-09,inbound,healthcare,94.6,47.89,45.0,8,north,lost
80482,2023-11-22,event,manufacturing,65.5,29.44,37.0,7,north,open
80483,2023-07-15,partner,it,64.3,38.93,49.0,10,north,open
80484,2023-07-02,inbound,education,28.4,45.68,53.0,6,north,lost
80485,2024-06-26,event,manufacturing,73.2,55.4,61.0,5,north,open
80486,2024-05-08,outbound,healthcare,,38.0,38.0,9,west,open
80487,2024-04-23,partner,education,53.1,13.99,60.0,9,south,lost
80488,2024-03-24,outbound,education,51.1,35.69,28.0,8,north,open
80489,2023-10-21,event,it,83.3,22.66,66.0,4,west,lost
80490,2024-06-23,inbound,,49.2,45.17,75.0,8,east,lost
80491,2024-05-05,partner,retail,43.5,24.49,12.0,7,east,lost
80492,2023-09-08,outbound,education,55.3,20.29,17.0,9,north,lost
80493,2023-12-29,event,it,65.9,50.38,31.0,10,west,open
80494,2024-04-13,partner,education,94.1,13.83,68.0,10,north,open
80495,2024-03-20,event,education,,,35.0,9,east,open
80496,2023-11-02,event,,59.3,63.62,45.0,5,south,open
80497,2024-02-12,outbound,education,75.0,36.76,48.0,8,east,open
80498,2024-04-09,inbound,it,77.7,29.42,38.0,5,west,won
80499,2024-01-04,outbound,manufacturing,,23.81,32.0,7,west,lost
80500,2023-12-09,partner,retail,100.0,75.43,30.0,7,east,won
80501,2024-03-21,inbound,,63.9,45.99,64.0,7,east,open
80502,2024-03-07,event,education,69.3,53.88,37.0,7,south,won
80503,2023-11-17,partner,,66.9,50.9,30.0,7,east,lost
80504,2023-07-20,outbound,manufacturing,86.9,27.12,47.0,6,south,open
80505,2024-03-05,partner,retail,51.2,43.02,31.0,7,east,open
80506,2024-05-15,partner,retail,40.1,45.97,61.0,9,east,won
80507,2024-06-24,inbound,healthcare,28.5,,41.0,9,south,open
80508,2023-11-24,inbound,retail,67.5,,10.0,7,west,lost
80509,2023-06-29,outbound,education,55.1,56.32,43.0,8,north,won
80510,2023-09-01,partner,education,52.3,6.63,52.0,4,east,open
80511,2023-11-05,inbound,retail,100.0,33.27,29.0,5,east,open
80512,2023-09-17,partner,it,91.1,61.64,34.0,8,east,open
80513,2023-12-17,partner,healthcare,43.4,74.39,57.0,8,east,open
80514,2023-07-13,outbound,healthcare,93.7,,38.0,7,west,open
80515,2024-04-11,inbound,it,71.8,51.3,65.0,12,south,won
80516,2024-02-23,event,healthcare,44.0,,23.0,7,north,lost
80517,2023-09-01,event,,97.9,25.01,56.0,6,south,lost
80518,2023-07-02,event,healthcare,63.4,12.41,13.0,6,north,open
80519,2024-01-29,event,manufacturing,,50.92,32.0,11,west,open
80520,2024-06-03,outbound,retail,78.9,45.16,40.0,7,east,open
80521,2023-06-18,partner,retail,87.6,33.57,40.0,10,east,won
80522,2024-03-02,partner,healthcare,82.4,43.7,15.0,4,north,lost
80523,2024-06-26,partner,manufacturing,62.2,,54.0,8,west,open
80524,2023-12-04,outbound,healthcare,80.2,36.77,42.0,11,west,won
80525,2023-12-11,inbound,it,53.1,,58.0,5,east,won
80526,2023-08-21,partner,education,78.5,,58.0,8,east,won
80527,2024-03-24,event,manufacturing,61.1,28.32,53.0,6,north,open
80528,2023-06-17,partner,retail,85.2,24.67,58.0,9,north,open
80529,2023-09-10,outbound,it,,32.42,26.0,6,east,won
80530,2023-08-08,outbound,healthcare,51.9,48.41,16.0,12,east,won
80531,2024-03-31,partner,healthcare,52.3,43.02,62.0,12,north,won
80532,2024-07-10,outbound,healthcare,,67.04,4.0,12,west,won
80533,2023-06-24,inbound,manufacturing,39.0,62.12,74.0,5,east,won
80534,2024-06-22,partner,it,51.3,32.98,62.0,11,east,open
80535,2023-07-15,event,retail,77.0,15.14,73.0,7,west,open
80536,2024-04-25,inbound,,47.7,31.61,52.0,4,east,lost
80537,2024-06-16,partner,it,71.3,22.39,47.0,7,east,lost
80538,2023-07-04,partner,it,48.3,64.46,46.0,6,south,won
80539,2024-02-21,inbound,education,63.7,53.53,58.0,6,east,won
80540,2024-06-13,outbound,education,75.7,51.79,7.0,6,south,won
80541,2023-06-28,partner,it,52.4,,240.0,12,south,lost
80542,2023-11-19,inbound,manufacturing,24.4,,100.0,5,east,won
80543,2024-04-11,outbound,manufacturing,55.8,35.74,23.0,10,north,lost
80544,2024-01-13,partner,healthcare,7.5,33.58,19.0,12,south,lost
80545,2024-02-02,outbound,healthcare,82.3,55.49,3.0,4,south,won
80546,2024-04-19,inbound,manufacturing,48.9,31.5,33.0,7,west,won
80547,2024-01-08,inbound,retail,,,22.0,6,north,won
80548,2023-11-23,partner,retail,67.3,53.96,40.0,8,south,lost
80549,2023-08-03,inbound,retail,,1.0,39.0,8,north,lost
80550,2023-11-06,outbound,manufacturing,,37.38,32.0,10,west,lost
80551,2024-01-26,partner,,42.9,79.97,9.0,14,east,open
80552,2023-07-18,outbound,manufacturing,54.0,35.04,56.0,10,south,lost
80553,2024-06-04,outbound,education,73.0,11.61,62.0,6,east,open
80554,2023-10-11,partner,education,67.1,12.35,83.0,6,south,open
80555,2024-02-04,outbound,retail,67.0,53.26,14.0,4,south,lost
80556,2023-10-11,outbound,healthcare,45.8,7.18,35.0,6,east,lost
80557,2023-06-26,partner,,51.7,6.87,3.0,8,south,lost
80558,2024-04-01,inbound,retail,73.0,1.0,210.0,7,east,open
80559,2023-12-08,partner,manufacturing,35.4,1.0,28.0,7,east,won
80560,2024-06-08,event,healthcare,65.9,31.93,63.0,10,west,open
80561,2024-07-23,partner,manufacturing,54.9,33.15,44.0,5,east,open
80562,2023-08-17,outbound,,64.7,4.1,75.0,6,north,open
80563,2024-01-09,inbound,healthcare,65.6,37.05,39.0,7,south,lost
80564,2024-03-24,event,manufacturing,47.0,33.95,33.0,10,south,open
80565,2024-04-04,inbound,healthcare,59.0,54.56,50.0,6,south,lost
80566,2024-03-23,event,healthcare,78.4,3.29,50.0,6,east,open
80567,2023-10-20,inbound,manufacturing,51.2,54.74,34.0,5,north,lost
80568,2024-01-15,outbound,manufacturing,42.5,41.04,43.0,7,north,won
80569,2023-11-17,event,retail,63.5,55.7,13.0,6,west,lost
80570,2023-08-30,partner,education,77.7,27.87,29.0,5,north,won
80571,2023-12-02,outbound,,74.4,63.55,16.0,6,north,lost
80572,2023-12-09,event,retail,55.3,32.95,50.0,11,east,won
80573,2023-08-08,inbound,retail,100.0,82.78,67.0,13,east,won
80574,2023-07-13,inbound,healthcare,17.6,25.26,17.0,9,south,won
80575,2023-06-29,outbound,healthcare,57.0,60.22,28.0,4,west,won
80576,2024-01-25,outbound,manufacturing,88.3,57.11,20.0,7,north,lost
80577,2023-07-08,partner,,93.7,20.71,60.0,6,west,open
80578,2023-07-06,partner,,84.2,52.01,33.0,6,east,open
80579,2024-03-24,outbound,manufacturing,80.2,88.08,42.0,4,south,won
80580,2023-12-14,partner,,23.6,59.93,52.0,10,south,lost
80581,2024-06-26,outbound,retail,81.1,13.37,47.0,10,north,open
80582,2024-05-10,partner,it,63.7,9.7,39.0,13,east,won
80583,2023-11-13,event,healthcare,48.1,55.25,42.0,7,north,lost
80584,2023-11-06,outbound,it,69.4,71.04,48.0,5,east,won
80585,2023-06-30,event,healthcare,44.5,48.95,34.0,5,east,won
80586,2024-01-20,inbound,education,63.1,67.37,52.0,6,south,won
80587,2023-06-27,event,it,78.7,1.0,46.0,8,north,open
80588,2023-07-24,outbound,education,66.2,35.76,41.0,10,south,lost
80589,2024-03-21,inbound,education,66.2,1.0,40.0,8,east,open
80590,2023-11-21,partner,it,83.0,9.81,29.0,9,east,won
80591,2024-06-20,outbound,manufacturing,49.1,71.47,15.0,6,east,open
80592,2024-06-28,partner,healthcare,52.3,1.0,47.0,8,north,open
80593,2024-05-23,inbound,manufacturing,75.1,7.63,63.0,13,east,open
80594,2023-09-17,event,manufacturing,76.2,26.2,51.0,8,north,lost
80595,2024-01-31,event,,46.1,62.99,52.0,8,east,lost
80596,2024-01-22,event,manufacturing,35.7,18.07,52.0,12,west,won
80597,2024-06-08,event,healthcare,94.2,57.44,35.0,7,west,open
80598,2023-06-06,outbound,healthcare,65.2,42.65,40.0,4,north,won
80599,2024-06-28,outbound,manufacturing,,54.73,33.0,5,east,open
80600,2024-04-23,outbound,manufacturing,52.1,50.21,51.0,7,north,lost
80601,2023-11-09,inbound,retail,99.3,52.71,32.0,7,north,open
80602,2023-11-21,inbound,retail,36.5,31.68,36.0,8,south,lost
80603,2024-06-22,inbound,manufacturing,59.5,66.4,49.0,11,west,won
80604,2024-03-04,partner,,69.6,68.0,40.0,11,north,won
80605,2023-06-28,partner,,70.5,39.03,27.0,4,north,won
80606,2023-09-06,partner,education,39.7,,44.0,9,west,won
80607,2023-10-22,outbound,healthcare,78.2,33.59,3.0,10,south,open
80608,2023-06-04,event,education,48.9,51.86,54.0,6,south,lost
80609,2023-06-23,event,it,72.8,49.13,63.0,6,west,won
80610,2023-10-16,event,education,64.1,55.28,30.0,4,west,open
80611,2024-04-03,inbound,it,,28.17,14.0,3,south,lost
80612,2024-02-01,inbound,manufacturing,,,60.0,7,east,won
80613,2023-12-21,partner,education,52.8,27.27,52.0,6,west,won
80614,2023-07-31,inbound,manufacturing,56.7,64.73,39.0,8,east,open
80615,2023-12-31,partner,it,30.9,72.81,41.0,11,west,lost
80616,2024-02-12,event,it,82.1,46.78,66.0,12,east,open
80617,2024-05-07,inbound,retail,75.0,,41.0,8,east,open
80618,2023-08-21,event,manufacturing,89.2,17.13,43.0,5,north,lost
80619,2023-09-02,event,education,20.2,,42.0,4,north,open
80620,2024-06-14,partner,retail,82.0,47.62,69.0,7,west,lost
80621,2023-07-03,inbound,manufacturing,66.4,11.1,42.0,5,north,won
80622,2024-04-23,inbound,education,82.9,41.14,40.0,9,north,won
80623,2023-09-09,inbound,manufacturing,68.7,34.47,48.0,9,east,open
80624,2024-02-17,event,retail,64.6,7.62,66.0,9,south,lost
80625,2024-07-13,partner,retail,75.8,50.38,61.0,7,west,lost
80626,2024-01-25,inbound,it,58.9,33.65,22.0,8,north,open
80627,2023-08-17,outbound,education,63.7,28.21,67.0,6,east,lost
80628,2024-02-20,event,retail,59.9,15.93,30.0,9,south,lost
80629,2023-07-10,inbound,retail,38.7,15.73,78.0,6,south,lost
80630,2024-05-19,partner,,93.2,24.18,12.0,5,north,open
80631,2023-07-07,inbound,manufacturing,70.7,37.13,53.0,8,south,won
80632,2024-05-11,partner,education,86.9,44.66,40.0,7,north,won
80633,2023-07-21,outbound,education,,38.98,53.0,5,south,lost
80634,2023-06-23,partner,it,,24.1,86.0,9,south,open
80635,2024-03-25,inbound,retail,53.2,,50.0,5,north,won
80636,2024-03-20,outbound,manufacturing,67.5,33.48,54.0,6,west,open
80637,2024-05-19,partner,,66.5,81.14,63.0,6,east,lost
80638,2024-03-09,event,manufacturing,42.1,32.1,62.0,5,south,lost
80639,2023-09-04,outbound,healthcare,90.7,55.8,63.0,5,east,lost
80640,2024-01-08,event,healthcare,54.0,50.27,89.0,10,west,won
80641,2024-07-24,inbound,healthcare,64.5,51.08,18.0,11,west,open
80642,2023-06-21,event,retail,46.0,1.0,35.0,9,west,lost
80643,2023-11-23,outbound,it,19.4,66.32,33.0,6,south,lost
80644,2023-09-16,inbound,healthcare,79.5,75.31,36.0,5,south,open
80645,2023-08-29,inbound,education,76.2,17.26,47.0,7,north,lost
80646,2023-11-24,inbound,it,36.8,51.99,28.0,9,north,open
80647,2023-10-29,outbound,it,,23.95,35.0,6,east,lost
80648,2024-06-13,inbound,retail,39.4,17.05,59.0,6,west,open
80649,2024-05-06,inbound,retail,54.3,35.37,41.0,8,north,won
80650,2024-06-09,outbound,education,65.5,53.1,41.0,8,west,open
80651,2024-01-15,partner,retail,36.5,11.37,38.0,8,east,won
80652,2023-10-27,inbound,healthcare,75.4,44.66,7.0,5,east,lost
80653,2023-11-19,partner,education,50.0,1.0,6.0,6,south,won
80654,2023-09-02,inbound,retail,76.2,,57.0,9,west,open
80655,2024-05-08,inbound,education,68.5,40.15,29.0,4,north,open
80656,2024-06-06,outbound,retail,49.7,35.6,46.0,11,west,lost
80657,2024-03-02,event,it,80.2,33.82,30.0,1,east,won
80658,2024-03-12,outbound,,41.5,8.7,22.0,11,east,lost
80659,2024-06-14,partner,it,64.4,20.75,60.0,11,west,open
80660,2023-08-28,outbound,education,43.7,59.84,43.0,9,south,lost
80661,2023-07-11,partner,manufacturing,64.7,13.34,24.0,7,east,won
80662,2024-01-08,inbound,healthcare,46.2,45.78,3.0,9,north,lost
80663,2024-02-18,outbound,it,67.4,40.44,22.0,9,north,open
80664,2023-08-03,event,manufacturing,69.4,41.12,64.0,6,south,open
80665,2023-08-12,outbound,retail,54.3,,16.0,12,south,open
80666,2023-10-01,outbound,education,54.5,74.15,41.0,10,south,open
80667,2023-09-10,inbound,manufacturing,45.2,28.01,52.0,9,south,lost
80668,2024-03-10,event,education,69.5,11.65,57.0,7,south,lost
80669,2024-04-18,event,,86.5,,66.0,10,north,open
80670,2023-12-01,event,manufacturing,65.3,,24.0,8,west,lost
80671,2024-02-22,outbound,manufacturing,63.7,,40.0,4,south,won
80672,2023-08-14,partner,manufacturing,76.9,36.56,41.0,8,north,lost
80673,2024-05-13,outbound,manufacturing,63.5,64.74,36.0,5,south,open
80674,2024-01-16,outbound,manufacturing,62.1,64.86,54.0,9,north,lost
80675,2024-01-12,partner,manufacturing,87.5,44.31,26.0,6,south,lost
80676,2023-11-09,event,education,88.3,45.06,54.0,3,east,lost
80677,2023-08-06,partner,,58.0,25.72,17.0,9,south,won
80678,2024-05-25,inbound,it,72.4,25.0,53.0,13,north,open
80679,2023-10-03,event,manufacturing,75.8,1.0,69.0,6,north,lost
80680,2023-10-23,event,healthcare,64.9,25.59,33.0,8,east,open
80681,2023-08-10,outbound,healthcare,67.5,53.53,39.0,11,west,won
80682,2023-06-20,partner,healthcare,76.9,60.19,73.0,13,west,won
80683,2024-06-01,inbound,it,63.0,32.15,19.0,9,north,open
80684,2023-12-16,outbound,education,37.3,24.37,27.0,6,south,won
80685,2023-07-12,partner,,,23.86,78.0,6,west,open
80686,2024-01-21,outbound,retail,71.7,41.95,21.0,5,west,lost
80687,2023-07-16,partner,manufacturing,73.8,59.67,38.0,6,north,open
80688,2024-05-19,partner,,67.7,26.9,10.0,8,east,open
80689,2023-08-27,outbound,retail,60.4,60.78,52.0,5,east,lost
80690,2023-10-06,event,it,70.5,23.56,30.0,3,south,won
80691,2023-06-13,event,it,43.9,36.01,46.0,4,west,open
80692,2023-06-14,partner,education,100.0,30.11,39.0,11,south,open
80693,2023-12-20,partner,manufacturing,64.7,42.47,39.0,5,east,open
80694,2023-10-01,partner,retail,67.6,,37.0,7,east,open
80695,2024-01-31,outbound,education,,26.58,29.0,5,east,won
80696,2024-06-04,outbound,education,55.1,61.07,45.0,5,north,won
80697,2024-01-05,outbound,retail,49.6,47.39,8.0,9,east,lost
80698,2024-05-22,outbound,it,44.1,,55.0,6,south,won
80699,2024-01-22,event,retail,,30.88,31.0,12,south,open
80700,2023-06-23,partner,retail,77.0,87.36,44.0,9,east,lost
80701,2023-10-17,outbound,manufacturing,53.2,30.79,37.0,5,south,won
80702,2023-11-13,partner,it,30.2,6.52,59.0,5,north,lost
80703,2023-08-29,event,retail,57.3,12.71,22.0,8,south,lost
80704,2024-04-17,event,manufacturing,68.1,6.58,84.0,3,west,lost
80705,2023-09-13,event,healthcare,82.6,45.13,49.0,10,south,lost
80706,2024-06-18,event,healthcare,48.9,,37.0,8,south,open
80707,2023-10-11,inbound,manufacturing,26.1,36.21,63.0,6,west,open
80708,2023-08-04,inbound,healthcare,43.7,14.31,40.0,8,east,won
80709,2024-06-06,outbound,manufacturing,70.3,,23.0,8,west,lost
80710,2023-08-07,inbound,it,80.6,33.18,37.0,8,south,won
80711,2023-09-26,inbound,education,58.2,30.98,88.0,9,east,lost
80712,2024-01-28,inbound,retail,83.2,39.27,26.0,8,north,lost
80713,2024-01-30,inbound,retail,36.2,37.59,54.0,4,east,open
80714,2024-05-03,event,healthcare,79.1,28.76,38.0,13,east,won
80715,2024-06-03,event,healthcare,67.9,15.93,110.0,6,west,won
80716,2023-06-21,event,retail,53.8,45.11,52.0,9,east,open
80717,2024-01-02,partner,retail,54.5,56.14,3.0,9,north,open
80718,2024-04-13,outbound,retail,,43.53,36.0,5,south,open
80719,2023-09-08,inbound,it,65.3,28.74,15.0,8,east,open
80720,2024-06-18,inbound,education,56.1,,59.0,11,north,open
80721,2023-09-11,inbound,education,52.3,1.0,47.0,3,east,won
80722,2023-11-03,event,retail,29.9,2.24,46.0,6,east,lost
80723,2023-07-26,inbound,,40.1,1.0,34.0,8,west,won
80724,2024-06-05,event,healthcare,38.1,26.5,40.0,7,north,open
80725,2023-12-24,event,manufacturing,45.1,35.98,11.0,6,south,open
80726,2023-09-23,event,,49.1,,52.0,7,south,won
80727,2023-12-09,event,healthcare,64.1,34.39,15.0,5,east,open
80728,2023-11-14,partner,healthcare,60.4,12.96,50.0,5,south,lost
80729,2023-11-26,outbound,retail,54.6,31.02,34.0,5,west,open
80730,2024-03-04,partner,healthcare,73.0,32.33,15.0,10,north,lost
80731,2023-11-25,partner,manufacturing,65.2,,37.0,8,south,open
80732,2024-05-02,outbound,,64.8,46.91,67.0,6,south,open
80733,2023-09-29,inbound,manufacturing,86.6,41.58,55.0,11,west,lost
80734,2023-06-17,partner,it,81.8,29.52,400.0,12,north,won
80735,2023-11-26,inbound,manufacturing,33.6,53.17,50.0,9,south,open
80736,2024-03-07,inbound,manufacturing,79.8,19.26,82.0,8,north,open
80737,2024-05-05,event,retail,57.2,66.46,51.0,5,west,lost
80738,2024-03-25,outbound,it,19.4,78.2,50.0,4,south,lost
80739,2023-12-17,inbound,manufacturing,51.7,1.0,47.0,9,east,open
80740,2023-12-10,outbound,healthcare,39.8,47.86,38.0,4,west,won
80741,2023-09-11,outbound,education,62.6,30.1,50.0,8,north,lost
80742,2024-07-21,partner,education,87.1,54.68,22.0,8,west,open
80743,2024-02-11,event,retail,86.0,17.95,69.0,9,south,won
80744,2024-06-03,partner,,36.6,60.99,40.0,7,west,won
80745,2024-05-22,partner,retail,,26.37,31.0,14,south,lost
80746,2024-06-28,outbound,education,36.6,44.11,47.0,5,west,open
80747,2024-07-19,outbound,it,72.1,9.52,57.0,11,east,lost
80748,2023-12-06,outbound,education,61.5,80.78,50.0,9,south,won
80749,2023-11-21,partner,it,39.6,18.76,51.0,9,west,lost
80750,2023-08-24,partner,healthcare,70.4,51.49,49.0,2,east,open
80751,2024-07-12,outbound,retail,100.0,28.68,52.0,9,east,lost
80752,2023-10-29,partner,education,73.7,11.34,33.0,4,west,won
80753,2023-08-04,outbound,education,88.7,68.37,14.0,4,north,open
80754,2023-11-01,outbound,education,56.7,4.07,32.0,6,north,open
80755,2023-06-30,partner,retail,85.8,45.54,11.0,8,east,lost
80756,2023-09-25,outbound,retail,75.7,38.32,3.0,12,north,won
80757,2024-04-06,inbound,it,80.7,5.58,38.0,4,west,won
80758,2023-09-27,event,healthcare,80.2,32.52,33.0,3,east,won
80759,2024-03-02,partner,,82.8,41.28,35.0,8,south,open
80760,2024-05-04,outbound,healthcare,,40.08,20.0,5,south,won
80761,2024-04-15,partner,education,32.9,47.0,35.0,6,east,open
80762,2024-02-03,event,healthcare,47.5,46.89,55.0,3,north,lost
80763,2024-03-07,event,education,65.2,1.0,47.0,4,north,lost
80764,2023-06-01,outbound,manufacturing,47.5,64.44,56.0,9,south,won
80765,2024-04-18,inbound,healthcare,73.3,1.0,72.0,5,east,lost
80766,2024-05-11,event,education,54.8,29.1,7.0,9,south,open
80767,2023-11-30,partner,retail,85.5,77.25,38.0,6,east,won
80768,2023-11-06,outbound,manufacturing,69.5,50.38,12.0,10,west,open
80769,2024-05-11,event,retail,69.5,37.53,40.0,3,west,lost
80770,2023-12-14,partner,education,,19.75,54.0,7,west,open
80771,2023-12-14,event,retail,65.4,64.64,11.0,10,west,lost
80772,2023-12-23,partner,retail,49.0,18.76,38.0,8,north,lost
80773,2023-11-22,partner,healthcare,85.9,31.86,32.0,7,north,lost
80774,2023-11-21,partner,manufacturing,42.2,60.03,25.0,10,east,lost
80775,2024-03-31,outbound,education,40.9,20.06,39.0,6,south,open
80776,2024-07-22,partner,manufacturing,97.3,16.3,29.0,6,east,won
80777,2023-11-15,partner,it,93.2,46.72,54.0,17,west,lost
80778,2023-11-04,outbound,healthcare,59.6,67.71,46.0,5,north,lost
80779,2023-11-26,inbound,healthcare,59.4,37.54,51.0,10,north,won
80780,2024-07-07,outbound,education,,29.29,28.0,7,south,open
80781,2024-07-15,outbound,manufacturing,86.9,28.43,33.0,8,west,won
80782,2024-02-03,event,healthcare,60.0,1.0,210.0,5,west,lost
80783,2024-01-05,outbound,manufacturing,36.6,1.0,40.0,7,east,open
80784,2023-09-30,inbound,it,75.9,,30.0,7,east,open
80785,2024-02-21,outbound,,,40.53,24.0,8,west,open
80786,2023-09-23,event,,54.6,29.74,57.0,12,west,lost
80787,2024-01-11,inbound,manufacturing,46.7,22.07,68.0,8,east,lost
80788,2024-04-28,event,education,67.9,33.0,31.0,4,east,open
80789,2024-02-22,inbound,retail,42.3,44.29,22.0,5,south,open
80790,2024-07-14,event,,65.6,67.04,49.0,8,west,lost
80791,2023-11-12,inbound,,,90.92,42.0,7,north,open
80792,2024-02-02,event,education,76.1,58.25,24.0,5,east,open
80793,2023-11-30,outbound,it,52.5,52.13,56.0,5,north,won
80794,2023-09-12,event,healthcare,72.4,40.0,250.0,10,west,open
80795,2023-08-08,event,it,78.8,21.05,84.0,7,north,lost
80796,2023-06-17,event,it,81.3,34.76,43.0,5,south,won
80797,2024-04-14,event,education,47.7,6.12,58.0,8,north,won
80798,2024-04-25,inbound,it,26.6,24.56,71.0,4,east,lost
80799,2024-02-25,inbound,it,83.3,122.08,45.0,8,west,lost
80800,2023-10-15,outbound,manufacturing,25.5,,13.0,7,east,won
80801,2024-02-25,partner,healthcare,78.8,24.15,22.0,4,east,open
80802,2024-06-13,inbound,education,82.4,77.29,35.0,10,north,lost
80803,2024-02-11,partner,retail,,33.99,55.0,11,north,lost
80804,2023-07-26,event,it,80.6,61.41,39.0,7,east,open
80805,2023-10-09,inbound,manufacturing,83.6,37.65,66.0,7,west,won
80806,2024-04-21,partner,manufacturing,60.7,,10.0,8,west,lost
80807,2023-12-05,partner,manufacturing,49.5,56.21,26.0,7,west,lost
80808,2024-05-06,partner,healthcare,60.7,21.59,55.0,8,west,won
80809,2024-06-29,outbound,education,49.8,1.0,92.0,7,east,lost
80810,2024-02-12,partner,education,77.2,43.52,31.0,7,south,lost
80811,2024-02-08,partner,education,93.4,,66.0,7,west,won
80812,2023-09-21,partner,,85.7,32.88,36.0,10,south,lost
80813,2023-06-25,outbound,healthcare,,51.26,34.0,6,north,open
80814,2023-09-07,event,it,100.0,43.64,18.0,7,west,lost
80815,2024-03-23,outbound,retail,72.9,61.18,79.0,9,east,lost
80816,2024-06-18,event,education,47.5,49.33,34.0,4,west,open
80817,2024-02-08,inbound,it,80.4,19.98,18.0,3,east,lost
80818,2024-03-11,inbound,manufacturing,93.6,,37.0,8,west,lost
80819,2023-07-03,inbound,education,46.2,74.07,48.0,4,west,open
80820,2024-03-11,outbound,manufacturing,79.3,20.63,38.0,4,north,open
80821,2023-12-14,partner,retail,80.7,61.6,63.0,7,south,lost
80822,2023-08-28,event,manufacturing,43.4,53.14,15.0,13,south,won
80823,2023-06-08,event,manufacturing,,61.98,31.0,5,north,open
80824,2023-06-16,outbound,retail,65.5,29.05,24.0,5,north,lost
80825,2023-10-21,event,manufacturing,47.6,31.6,54.0,11,south,won
80826,2023-11-01,event,manufacturing,47.1,49.98,48.0,8,east,open
80827,2024-03-25,event,retail,57.9,34.31,33.0,5,east,open
80828,2024-02-13,partner,retail,84.3,40.59,26.0,6,north,won
80829,2023-09-25,inbound,it,62.4,72.02,20.0,8,north,lost
80830,2024-03-10,inbound,it,49.5,,21.0,7,west,lost
80831,2024-05-11,inbound,,37.9,64.01,54.0,4,north,open
80832,2023-10-14,partner,it,61.4,22.74,80.0,6,south,won
80833,2024-03-07,partner,retail,77.5,20.47,41.0,6,north,won
80834,2023-10-08,inbound,healthcare,54.1,14.12,290.0,8,south,lost
80835,2024-05-06,inbound,retail,77.2,10.14,62.0,5,south,won
80836,2023-12-28,partner,education,28.8,69.76,41.0,6,north,open
80837,2023-07-19,partner,manufacturing,52.0,21.56,88.0,6,north,won
80838,2023-10-27,event,it,67.9,11.15,360.0,7,east,lost
80839,2023-12-14,inbound,education,70.5,43.41,60.0,9,east,open
80840,2023-11-07,outbound,education,59.7,,55.0,7,east,won
80841,2024-04-25,inbound,education,51.0,51.02,51.0,4,south,open
80842,2023-08-17,inbound,healthcare,81.3,37.84,38.0,11,west,lost
80843,2023-11-03,event,education,80.4,18.28,51.0,8,east,won
80844,2024-03-16,inbound,retail,63.9,12.21,29.0,8,north,lost
80845,2024-01-14,outbound,education,55.2,1.0,40.0,6,north,won
80846,2024-04-27,partner,retail,62.5,44.9,58.0,5,north,lost
80847,2024-05-02,outbound,healthcare,60.4,34.65,65.0,5,south,won
80848,2023-08-25,outbound,retail,42.4,15.89,55.0,6,east,won
80849,2024-03-28,partner,it,83.5,25.19,63.0,8,north,open
80850,2023-12-03,inbound,manufacturing,69.5,12.81,26.0,14,west,won
80851,2023-12-28,inbound,it,49.9,42.16,71.0,5,west,lost
80852,2024-05-21,inbound,it,29.5,44.33,62.0,8,north,open
80853,2023-08-20,event,manufacturing,83.5,21.69,39.0,10,south,open
80854,2024-04-24,event,healthcare,75.1,27.23,42.0,10,west,open
80855,2023-06-03,outbound,retail,90.0,32.32,24.0,10,north,open
80856,2023-12-31,partner,manufacturing,68.9,37.79,55.0,3,north,lost
80857,2023-10-30,event,retail,66.2,65.15,66.0,12,south,lost
80858,2023-09-24,event,manufacturing,,28.81,68.0,9,south,won
80859,2024-06-17,event,it,69.1,12.87,30.0,8,west,won
80860,2023-12-29,partner,retail,76.1,46.89,58.0,9,east,won
80861,2023-12-30,inbound,manufacturing,68.5,23.39,38.0,3,east,won
80862,2024-06-30,inbound,it,27.4,60.35,51.0,11,south,lost
80863,2024-06-18,outbound,healthcare,70.7,71.69,40.0,4,south,open
80864,2023-07-15,event,retail,51.0,54.84,265.0,5,west,lost
80865,2024-02-09,inbound,healthcare,55.7,60.6,25.0,11,west,open
80866,2024-05-03,event,retail,60.8,36.78,22.0,11,west,lost
80867,2024-03-09,inbound,manufacturing,58.8,73.81,50.0,7,south,open
80868,2024-03-19,outbound,retail,59.6,21.0,30.0,8,east,lost
80869,2024-05-05,event,retail,56.4,62.97,70.0,10,east,open
80870,2023-11-15,partner,retail,86.6,50.1,3.0,6,north,lost
80871,2023-09-08,partner,retail,83.3,31.18,71.0,9,east,open
80872,2024-02-17,event,it,66.3,73.08,48.0,6,west,lost
80873,2024-04-16,outbound,manufacturing,87.3,2.83,37.0,13,east,won
80874,2023-08-26,outbound,it,70.5,58.25,25.0,4,west,won
80875,2024-06-12,event,healthcare,83.3,49.83,22.0,9,north,won
80876,2023-07-29,partner,manufacturing,71.9,40.29,73.0,8,west,open
80877,2023-07-25,outbound,retail,88.7,22.17,270.0,10,east,lost
80878,2024-03-15,partner,education,100.0,56.19,3.0,6,north,lost
80879,2024-03-16,outbound,healthcare,74.5,,68.0,6,west,won
80880,2023-07-28,partner,manufacturing,60.6,37.48,46.0,5,east,won
80881,2023-09-25,partner,retail,58.1,48.39,30.0,8,west,open
80882,2024-01-25,partner,manufacturing,80.7,82.54,22.0,2,east,open
80883,2024-04-23,outbound,education,63.1,17.81,60.0,8,north,open
80884,2023-09-15,inbound,retail,59.4,22.15,54.0,7,north,won
80885,2024-01-19,event,manufacturing,30.7,43.19,72.0,7,east,won
80886,2024-06-26,outbound,,23.6,76.79,38.0,8,south,lost
80887,2023-11-01,inbound,healthcare,51.4,77.01,49.0,5,west,won
80888,2023-06-29,event,it,63.4,59.14,56.0,6,south,open
80889,2023-08-28,partner,retail,85.5,27.01,34.0,9,east,lost
80890,2024-03-09,inbound,retail,53.3,19.35,20.0,5,east,lost
80891,2024-05-19,partner,education,87.2,55.07,33.0,10,east,open
80892,2024-07-06,partner,manufacturing,57.8,32.44,8.0,7,north,won
80893,2024-02-25,outbound,healthcare,85.6,30.04,77.0,7,north,open
80894,2023-12-29,inbound,it,70.2,38.73,29.0,6,south,open
80895,2023-12-31,inbound,retail,100.0,1.0,52.0,8,east,lost
80896,2024-02-15,inbound,retail,94.0,6.37,80.0,6,south,open
80897,2024-07-24,outbound,education,43.7,,42.0,5,north,lost
80898,2024-04-02,event,retail,65.6,61.97,20.0,6,north,lost
80899,2024-01-03,inbound,retail,65.3,43.42,19.0,9,west,won
80900,2024-06-16,outbound,manufacturing,55.1,72.75,42.0,5,north,open
80901,2024-04-10,partner,healthcare,89.8,70.15,38.0,4,south,lost
80902,2023-07-28,event,education,63.8,23.98,62.0,9,south,won
80903,2024-07-11,inbound,education,46.8,31.99,20.0,5,east,lost
80904,2023-09-23,event,healthcare,62.0,7.22,49.0,14,north,lost
80905,2023-11-18,partner,manufacturing,72.4,26.79,84.0,5,south,lost
80906,2023-11-03,partner,it,,5.48,46.0,8,east,won
80907,2024-04-17,inbound,manufacturing,63.0,32.38,44.0,10,east,open
80908,2024-02-09,event,retail,47.6,21.53,39.0,9,west,lost
80909,2023-10-27,event,manufacturing,80.2,21.39,46.0,6,east,open
80910,2023-09-15,inbound,education,75.7,59.29,59.0,10,east,open
80911,2024-03-27,inbound,it,,43.95,76.0,5,west,won
80912,2023-07-01,partner,it,44.4,59.35,83.0,4,east,won
80913,2024-02-26,inbound,education,56.7,38.48,34.0,4,south,open
80914,2024-01-12,event,it,63.2,,54.0,5,north,lost
80915,2023-08-03,partner,it,77.9,30.39,22.0,4,south,won
80916,2023-07-14,inbound,retail,35.4,37.73,53.0,6,north,won
80917,2024-03-04,event,healthcare,86.5,53.97,30.0,8,east,won
80918,2023-11-08,partner,education,88.4,11.21,22.0,7,east,won
80919,2023-08-22,event,education,53.8,26.3,59.0,4,south,lost
80920,2023-09-06,event,retail,92.2,1.0,16.0,5,south,open
80921,2023-12-10,outbound,education,57.8,71.92,68.0,10,west,open
80922,2024-01-01,event,education,29.8,23.7,63.0,9,south,open
80923,2023-10-05,inbound,healthcare,54.8,50.71,16.0,6,east,lost
80924,2024-04-01,partner,healthcare,42.7,57.88,42.0,9,south,lost
80925,2024-06-26,outbound,retail,59.4,28.07,5.0,4,south,won
80926,2023-11-25,event,,71.8,60.18,37.0,5,west,lost
80927,2023-10-18,event,retail,50.4,50.61,41.0,5,north,won
80928,2024-04-15,outbound,manufacturing,77.5,50.88,47.0,5,east,won
80929,2023-12-16,outbound,education,73.6,31.59,83.0,7,north,won
80930,2023-10-29,outbound,healthcare,69.3,33.95,61.0,3,west,won
80931,2023-11-01,event,it,79.8,48.93,24.0,6,north,open
80932,2023-12-17,partner,education,75.7,26.18,65.0,4,north,open
80933,2024-01-02,inbound,it,,44.8,34.0,2,north,won
80934,2023-12-30,event,manufacturing,50.1,71.39,68.0,6,north,lost
80935,2023-06-11,event,manufacturing,46.5,14.82,46.0,7,north,open
80936,2024-02-17,inbound,education,,54.92,80.0,5,west,open
80937,2023-11-28,inbound,it,44.3,42.22,39.0,6,east,won
80938,2024-05-12,inbound,education,63.6,,21.0,6,west,won
80939,2024-04-01,partner,manufacturing,76.4,65.24,37.0,8,south,open
80940,2024-06-17,partner,education,,,32.0,4,north,won
80941,2023-08-31,outbound,manufacturing,52.9,46.24,49.0,9,west,lost
80942,2023-09-20,inbound,it,61.6,39.45,56.0,5,west,won
80943,2023-12-18,partner,it,89.0,43.61,16.0,9,west,won
80944,2024-01-01,event,retail,54.0,1.0,41.0,5,north,lost
80945,2024-06-27,partner,manufacturing,42.8,26.95,34.0,6,east,lost
80946,2023-12-25,outbound,manufacturing,93.5,17.17,14.0,10,west,lost
80947,2024-01-24,inbound,education,74.8,37.8,21.0,8,south,lost
80948,2024-01-25,event,retail,69.5,40.09,45.0,4,north,open
80949,2023-06-05,inbound,education,67.7,41.19,30.0,16,north,lost
80950,2023-09-21,inbound,healthcare,58.1,37.06,57.0,8,east,open
80951,2023-07-04,partner,manufacturing,50.2,26.58,65.0,6,east,lost
80952,2024-05-14,outbound,it,61.5,62.33,33.0,6,west,open
80953,2024-04-26,partner,retail,73.7,47.25,65.0,5,east,lost
80954,2024-06-29,partner,education,,60.53,11.0,8,west,open
80955,2024-07-02,event,it,84.5,,26.0,7,east,open
80956,2024-02-24,partner,,57.6,53.79,36.0,7,west,lost
80957,2024-06-29,outbound,education,30.2,22.0,60.0,3,north,lost
80958,2024-07-20,outbound,retail,32.4,47.63,55.0,11,west,open
80959,2024-02-01,outbound,retail,19.2,47.49,36.0,4,south,lost
80960,2024-04-30,inbound,healthcare,41.8,44.3,75.0,6,west,open
80961,2024-04-22,event,education,61.6,21.35,52.0,8,south,lost
80962,2024-07-21,outbound,healthcare,50.8,35.06,28.0,4,south,open
80963,2023-08-16,event,healthcare,75.7,15.67,67.0,6,south,open
80964,2024-03-15,inbound,it,30.4,,52.0,7,south,open
80965,2024-07-10,inbound,healthcare,41.5,1.0,54.0,4,south,lost
80966,2023-08-28,inbound,healthcare,45.1,67.04,33.0,5,west,won
80967,2023-06-02,event,retail,48.5,23.87,40.0,5,west,lost
80968,2023-06-27,event,education,44.3,42.95,43.0,8,south,lost
80969,2024-01-01,event,retail,98.8,52.94,40.0,8,south,won
80970,2024-05-01,event,it,54.5,38.31,36.0,6,south,lost
80971,2024-07-05,outbound,healthcare,71.9,29.67,18.0,10,south,lost
80972,2024-06-17,outbound,healthcare,80.4,7.39,52.0,8,east,won
80973,2024-03-07,inbound,it,60.5,27.09,31.0,6,north,open
80974,2023-10-05,partner,healthcare,63.1,30.55,59.0,6,south,lost
80975,2024-04-30,inbound,education,55.2,49.13,3.0,4,south,won
80976,2023-07-06,inbound,education,62.6,26.44,57.0,3,west,lost
80977,2024-07-18,partner,it,37.8,42.92,32.0,8,north,lost
80978,2023-12-12,outbound,,68.5,30.71,85.0,9,east,lost
80979,2023-06-25,partner,healthcare,67.5,26.05,9.0,11,west,lost
80980,2023-09-27,inbound,it,44.2,1.0,36.0,4,west,lost
80981,2023-10-17,event,manufacturing,58.5,1.0,49.0,11,west,lost
80982,2024-03-06,outbound,education,33.2,,45.0,9,east,lost
80983,2024-02-11,event,education,70.5,27.17,24.0,5,east,open
80984,2024-05-08,partner,healthcare,41.7,12.67,29.0,7,south,open
80985,2024-06-11,outbound,retail,87.1,77.89,30.0,5,west,won
80986,2023-06-21,event,it,43.4,16.73,35.0,6,south,won
80987,2024-05-21,outbound,manufacturing,,56.96,37.0,6,east,lost
80988,2023-07-04,partner,retail,42.3,,50.0,6,north,lost
80989,2024-07-09,inbound,healthcare,70.9,8.44,59.0,5,west,lost
80990,2024-01-28,outbound,healthcare,52.1,,61.0,7,north,open
80991,2023-07-02,inbound,education,57.9,24.59,40.0,6,north,won
80992,2024-03-25,event,healthcare,46.7,48.94,56.0,6,west,won
80993,2023-07-30,event,education,46.6,75.86,55.0,6,west,won
80994,2024-04-02,event,healthcare,71.4,38.99,66.0,9,west,lost
80995,2024-01-05,partner,healthcare,33.3,18.82,28.0,12,north,open
80996,2024-06-18,outbound,education,69.8,37.34,52.0,6,east,won
80997,2023-10-05,event,retail,66.4,,8.0,6,west,open
80998,2023-09-15,event,it,55.8,63.22,46.0,11,west,won
80999,2023-10-23,inbound,education,91.6,38.33,13.0,5,south,lost
81000,2024-02-08,inbound,education,60.6,52.89,24.0,9,north,won
81001,2023-09-19,inbound,,60.8,37.93,41.0,3,east,open
81002,2023-09-23,partner,manufacturing,48.2,42.88,39.0,4,east,lost
81003,2023-10-05,event,healthcare,55.4,15.3,54.0,11,east,lost
81004,2024-04-10,inbound,retail,60.6,38.0,68.0,10,south,lost
81005,2023-10-05,outbound,education,42.6,58.76,23.0,8,south,won
81006,2024-06-05,inbound,it,56.3,74.06,41.0,7,north,open
81007,2023-12-13,inbound,healthcare,43.1,38.87,67.0,10,south,won
81008,2024-03-09,outbound,healthcare,33.5,59.81,63.0,5,south,open
81009,2023-10-07,outbound,retail,53.1,54.12,54.0,6,east,won
81010,2024-06-03,inbound,education,64.8,11.97,15.0,8,east,open
81011,2023-11-10,partner,,38.5,36.96,43.0,9,south,open
81012,2023-10-27,event,retail,49.4,82.72,39.0,10,west,open
81013,2023-09-25,outbound,it,70.2,70.69,84.0,11,west,lost
81014,2024-05-12,partner,education,41.8,63.08,12.0,10,north,lost
81015,2024-02-01,partner,it,58.0,44.14,45.0,10,east,lost
81016,2023-06-04,event,education,58.6,40.78,40.0,5,north,won
81017,2024-03-15,outbound,it,21.9,41.46,65.0,5,north,lost
81018,2024-07-06,inbound,manufacturing,,,29.0,9,west,open
81019,2024-06-17,inbound,manufacturing,59.4,36.97,63.0,6,south,won
81020,2023-07-09,partner,it,90.0,3.93,16.0,9,south,open
81021,2023-08-07,inbound,it,73.9,11.65,52.0,7,north,won
81022,2024-01-07,partner,manufacturing,70.3,1.0,3.0,7,north,won
81023,2023-08-29,inbound,healthcare,76.0,16.55,37.0,9,south,won
81024,2023-09-04,inbound,manufacturing,38.4,63.9,76.0,6,south,open
81025,2023-07-15,outbound,it,45.7,46.01,44.0,10,east,lost
81026,2024-03-31,outbound,education,81.4,38.07,15.0,6,west,won
81027,2023-11-23,inbound,,54.9,5.06,66.0,4,south,lost
81028,2023-11-21,partner,education,85.6,12.88,42.0,7,east,won
81029,2023-06-16,inbound,retail,57.5,49.15,66.0,6,east,open
81030,2023-09-24,outbound,it,15.5,1.22,42.0,10,north,won
81031,2023-11-13,event,retail,73.4,43.25,65.0,6,west,won
81032,2024-03-30,outbound,retail,81.8,17.35,3.0,5,south,lost
81033,2024-01-27,outbound,manufacturing,53.8,18.92,46.0,7,east,open
81034,2023-07-01,partner,manufacturing,74.1,48.59,20.0,12,west,open
81035,2023-11-10,event,it,47.9,1.0,46.0,4,south,won
81036,2023-06-08,partner,healthcare,33.0,36.88,39.0,6,west,lost
81037,2024-05-08,outbound,retail,51.6,28.81,51.0,7,west,lost
81038,2024-04-02,outbound,education,38.3,20.1,33.0,5,west,won
81039,2024-07-20,inbound,,82.9,,47.0,5,south,lost
81040,2024-07-21,outbound,healthcare,65.2,42.98,28.0,6,north,open
81041,2024-03-01,partner,manufacturing,48.0,44.81,3.0,6,south,lost
81042,2024-01-25,event,healthcare,46.7,33.33,3.0,7,south,won
81043,2023-08-05,outbound,healthcare,50.1,48.42,62.0,7,east,open
81044,2023-12-29,event,it,49.6,51.89,22.0,4,west,lost
81045,2024-07-10,event,,67.8,37.85,11.0,5,west,lost
81046,2023-08-28,event,manufacturing,45.5,36.4,17.0,12,south,lost
81047,2023-07-16,partner,healthcare,75.6,36.68,26.0,5,west,lost
81048,2024-04-15,outbound,manufacturing,80.5,34.74,40.0,2,west,open
81049,2023-08-27,outbound,healthcare,31.8,47.64,65.0,3,north,open
81050,2023-10-27,partner,it,67.6,56.65,54.0,6,south,open
81051,2023-07-29,event,education,45.2,64.58,69.0,5,east,won
81052,2024-01-16,inbound,manufacturing,84.2,54.84,63.0,6,east,open
81053,2024-06-22,inbound,it,57.2,50.03,52.0,13,south,open
81054,2023-08-15,event,education,62.4,38.63,48.0,4,east,lost
81055,2024-03-04,outbound,retail,62.2,17.34,26.0,6,south,open
81056,2024-03-06,inbound,,70.5,109.33,47.0,8,north,open
81057,2024-01-03,inbound,education,86.6,69.18,48.0,6,west,open
81058,2023-07-02,outbound,manufacturing,100.0,16.53,50.0,10,east,won
81059,2024-06-25,event,retail,95.0,47.04,41.0,7,west,lost
81060,2024-04-01,outbound,retail,63.9,49.14,70.0,7,north,lost
81061,2024-04-04,outbound,healthcare,92.9,29.7,58.0,3,north,open
81062,2024-01-16,partner,education,84.6,54.3,24.0,8,west,lost
81063,2023-10-22,inbound,healthcare,71.5,45.42,28.0,6,west,lost
81064,2023-10-09,partner,it,54.6,,59.0,10,north,lost
81065,2024-02-12,event,manufacturing,78.5,72.78,38.0,5,north,lost
81066,2023-12-02,partner,healthcare,29.8,40.96,30.0,3,south,open
81067,2024-01-11,outbound,retail,27.0,5.98,37.0,3,south,lost
81068,2024-04-16,event,healthcare,54.3,18.91,35.0,11,west,open
81069,2024-04-24,partner,manufacturing,49.6,34.58,27.0,7,east,open
81070,2024-06-26,outbound,manufacturing,65.8,30.11,23.0,8,north,open
81071,2024-05-17,outbound,it,68.1,10.68,61.0,4,south,open
81072,2023-11-12,outbound,education,49.3,66.99,40.0,11,east,won
81073,2024-06-18,event,retail,49.0,11.01,56.0,7,south,lost
81074,2024-03-27,inbound,it,81.7,19.95,16.0,5,east,lost
81075,2023-07-28,inbound,it,72.6,26.96,21.0,6,south,lost
81076,2024-05-24,event,healthcare,87.1,21.34,47.0,10,east,won
81077,2024-01-27,inbound,healthcare,84.8,38.91,44.0,8,south,lost
81078,2024-07-18,event,,74.6,4.43,40.0,7,south,won
81079,2024-07-13,partner,healthcare,,32.1,39.0,10,west,lost
81080,2023-11-21,event,it,76.5,52.89,38.0,11,north,lost
81081,2023-09-22,partner,,100.0,36.09,24.0,15,west,open
81082,2024-07-13,outbound,retail,68.4,30.86,7.0,5,west,lost
81083,2024-02-10,inbound,manufacturing,54.7,26.76,61.0,5,north,open
81084,2023-08-08,outbound,healthcare,61.3,,54.0,8,north,lost
81085,2024-02-02,outbound,retail,28.5,41.68,35.0,9,east,lost
81086,2023-12-21,inbound,it,62.6,15.19,21.0,12,west,lost
81087,2023-11-16,inbound,,23.4,51.29,89.0,12,north,lost
81088,2023-11-07,inbound,it,62.8,26.67,27.0,5,north,won
81089,2023-08-30,event,healthcare,88.8,71.56,58.0,9,south,open
81090,2024-06-10,event,it,35.4,46.86,275.0,3,west,open
81091,2024-02-07,event,healthcare,53.4,51.22,36.0,8,south,lost
81092,2024-05-02,partner,education,58.4,32.54,30.0,2,east,won
81093,2024-05-10,partner,retail,55.1,2.38,46.0,10,north,open
81094,2024-05-01,outbound,,48.2,20.84,66.0,11,south,lost
81095,2023-06-05,outbound,it,42.8,16.05,48.0,7,south,lost
81096,2024-07-12,outbound,retail,,32.93,17.0,5,north,won
81097,2024-03-27,event,it,56.6,26.43,52.0,8,west,won
81098,2024-02-26,event,it,,54.27,30.0,6,west,lost
81099,2024-04-24,inbound,retail,51.8,62.11,9.0,8,east,lost
81100,2024-02-25,event,,96.5,25.33,9.0,5,east,open
81101,2023-08-25,outbound,healthcare,46.4,58.46,8.0,9,north,open
81102,2023-11-12,outbound,it,,4.65,53.0,6,south,open
81103,2024-02-15,partner,education,61.8,18.52,72.0,7,south,open
81104,2024-02-20,outbound,healthcare,70.7,47.05,45.0,7,south,open
81105,2023-06-29,partner,retail,32.9,17.19,31.0,7,north,won
81106,2023-07-26,partner,retail,36.0,1.0,37.0,7,west,lost
81107,2024-06-04,partner,retail,54.2,83.91,50.0,7,south,lost
81108,2024-02-08,inbound,manufacturing,83.7,56.95,48.0,6,east,lost
81109,2023-10-27,event,retail,60.1,55.15,24.0,5,west,won
81110,2023-06-24,event,retail,45.5,11.38,52.0,7,south,open
81111,2023-07-27,inbound,retail,49.9,37.23,73.0,10,east,open
81112,2023-09-28,event,healthcare,71.7,53.67,45.0,10,east,won
81113,2024-03-08,inbound,healthcare,,1.0,42.0,5,east,lost
81114,2023-10-03,inbound,education,63.7,35.75,70.0,7,west,open
81115,2023-06-06,outbound,retail,100.0,44.57,30.0,6,east,open
81116,2023-08-24,partner,retail,58.2,50.65,47.0,8,south,lost
81117,2023-12-04,outbound,healthcare,91.4,13.08,51.0,5,north,open
81118,2024-03-17,outbound,retail,66.5,81.94,60.0,9,south,lost
81119,2024-02-22,partner,manufacturing,52.3,19.16,45.0,6,west,lost
81120,2024-05-31,inbound,retail,87.8,18.76,60.0,7,south,open
81121,2023-10-20,outbound,healthcare,48.4,31.13,57.0,7,north,lost
81122,2023-06-07,inbound,retail,85.0,50.27,75.0,10,north,won
81123,2023-08-05,event,healthcare,48.4,50.97,44.0,4,west,open
81124,2024-06-07,inbound,manufacturing,66.8,45.84,37.0,6,west,open
81125,2024-04-23,partner,manufacturing,60.2,49.01,12.0,9,south,open
81126,2023-08-14,partner,retail,82.8,44.53,57.0,3,south,won
81127,2023-06-29,partner,education,55.8,60.8,58.0,10,east,lost
81128,2023-07-06,outbound,retail,91.8,26.86,32.0,6,west,won
81129,2024-06-17,event,manufacturing,83.0,43.39,47.0,9,south,lost
81130,2023-11-12,event,it,61.6,45.34,35.0,6,south,open
81131,2024-01-13,inbound,it,82.4,58.73,5.0,9,west,open
81132,2023-10-13,event,it,85.0,49.05,33.0,8,north,won
81133,2024-01-31,partner,education,77.3,25.27,3.0,6,south,open
81134,2023-09-01,partner,it,72.6,17.49,31.0,6,west,lost
81135,2023-06-17,partner,retail,56.8,64.05,71.0,6,south,won
81136,2024-07-16,outbound,,42.6,26.28,19.0,11,east,lost
81137,2023-08-15,event,education,70.0,3.01,40.0,8,west,open
81138,2024-06-28,event,it,79.6,54.67,53.0,7,east,open
81139,2023-10-20,outbound,retail,62.3,23.26,36.0,9,west,lost
81140,2023-08-25,event,manufacturing,39.2,77.19,62.0,9,south,open
81141,2023-09-08,partner,healthcare,51.6,24.63,9.0,5,north,open
81142,2023-11-16,event,healthcare,66.0,67.12,49.0,7,east,won
81143,2024-07-08,partner,manufacturing,51.7,52.78,27.0,9,south,open
81144,2023-12-24,inbound,it,72.3,50.66,40.0,7,north,open
81145,2023-12-12,event,healthcare,63.7,6.5,41.0,12,east,won
81146,2023-07-05,outbound,retail,44.1,10.31,19.0,10,north,open
81147,2023-07-03,outbound,healthcare,,57.93,16.0,11,south,won
81148,2024-07-18,inbound,education,81.0,59.54,74.0,9,north,won
81149,2023-11-07,event,retail,83.1,12.83,7.0,7,south,open
81150,2024-02-08,partner,manufacturing,79.9,76.71,40.0,6,west,won
81151,2023-08-27,inbound,healthcare,46.1,75.44,33.0,7,north,lost
81152,2024-06-16,outbound,,,46.64,24.0,10,east,open
81153,2024-04-28,outbound,healthcare,25.9,20.3,47.0,6,north,lost
81154,2023-09-29,event,healthcare,74.2,43.54,33.0,6,west,lost
81155,2023-07-09,outbound,retail,35.7,38.48,59.0,13,south,open
81156,2024-02-26,event,education,92.8,13.59,32.0,9,south,open
81157,2023-08-17,inbound,retail,55.1,48.15,20.0,15,west,lost
81158,2023-09-24,inbound,healthcare,42.6,70.22,33.0,7,north,won
81159,2023-09-06,outbound,manufacturing,,,42.0,5,north,won
81160,2023-06-29,event,it,77.0,36.38,40.0,5,north,lost
81161,2023-06-19,inbound,manufacturing,63.0,47.66,48.0,6,south,won
81162,2023-06-07,inbound,retail,,50.91,40.0,7,east,won
81163,2023-08-03,event,healthcare,77.3,61.66,22.0,3,north,open
81164,2023-11-29,partner,,58.3,28.74,32.0,11,south,won
81165,2023-07-25,event,healthcare,72.7,53.58,31.0,9,east,lost
81166,2024-04-23,event,education,73.4,25.56,385.0,5,east,lost
81167,2023-12-05,outbound,manufacturing,66.8,85.2,57.0,7,north,open
81168,2023-07-19,outbound,healthcare,76.8,41.65,77.0,7,west,lost
81169,2024-07-13,partner,healthcare,51.3,,51.0,6,north,won
81170,2024-04-24,inbound,manufacturing,38.7,14.35,48.0,5,east,open
81171,2024-02-18,partner,healthcare,89.6,45.95,16.0,8,east,lost
81172,2023-11-16,partner,education,19.5,56.92,38.0,8,west,open
81173,2024-01-04,inbound,it,,28.21,47.0,9,east,won
81174,2023-06-12,inbound,education,52.2,44.58,19.0,8,north,lost
81175,2023-11-21,outbound,education,76.0,1.85,47.0,6,east,open
81176,2024-06-04,inbound,manufacturing,64.4,52.19,115.0,7,south,won
81177,2024-06-01,partner,retail,31.5,21.95,21.0,3,west,open
81178,2024-02-06,event,manufacturing,69.7,101.76,140.0,7,west,open
81179,2023-10-26,outbound,healthcare,,51.52,45.0,9,east,lost
81180,2023-09-08,event,manufacturing,58.1,90.01,35.0,8,east,open
81181,2023-11-14,event,it,44.4,8.15,38.0,8,east,open
81182,2024-01-17,outbound,healthcare,84.2,66.96,42.0,8,east,open
81183,2024-07-12,event,education,58.3,14.14,47.0,7,north,won
81184,2024-03-18,event,healthcare,62.7,22.2,19.0,6,north,open
81185,2023-09-15,inbound,it,78.0,57.73,170.0,7,west,won
81186,2023-10-01,event,retail,54.9,45.12,50.0,10,west,won
81187,2024-06-01,inbound,retail,85.9,31.25,41.0,8,west,lost
81188,2024-02-21,inbound,retail,45.6,47.8,27.0,11,south,lost
81189,2024-04-25,event,retail,65.8,1.0,63.0,7,north,lost
81190,2024-03-07,inbound,it,21.1,32.03,65.0,6,east,won
81191,2024-01-31,inbound,manufacturing,62.7,29.02,43.0,8,west,open
81192,2023-12-12,partner,manufacturing,59.2,,42.0,5,north,open
81193,2024-04-12,event,retail,93.7,23.93,65.0,8,north,lost
81194,2023-11-28,partner,it,61.2,45.99,54.0,12,north,open
81195,2024-07-04,event,it,71.1,39.61,61.0,8,north,open
81196,2023-12-22,event,it,34.4,55.76,13.0,6,west,won
81197,2024-03-10,inbound,retail,62.0,24.98,40.0,7,east,open
81198,2024-07-03,inbound,it,57.6,28.08,20.0,8,east,open
81199,2024-02-17,partner,it,35.1,21.6,73.0,7,south,open
81200,2023-07-31,inbound,,,6.31,57.0,6,west,won
81201,2024-05-31,partner,healthcare,80.6,42.1,42.0,5,south,open
81202,2023-08-04,inbound,retail,100.0,83.75,58.0,6,south,open
81203,2023-09-21,partner,retail,57.9,48.72,55.0,12,west,open
81204,2024-07-05,event,education,90.2,21.49,3.0,8,south,open
81205,2023-07-07,inbound,retail,70.9,45.08,25.0,10,west,lost
81206,2024-02-05,outbound,retail,65.6,,54.0,8,east,won
81207,2023-11-17,outbound,it,51.4,28.04,42.0,6,west,open
81208,2024-01-06,event,healthcare,,35.72,26.0,13,west,lost
81209,2024-01-04,outbound,manufacturing,76.6,33.83,52.0,5,north,lost
81210,2024-01-05,outbound,it,52.6,28.78,13.0,4,west,won
81211,2024-04-27,partner,retail,71.5,48.55,39.0,7,east,won
81212,2024-03-07,partner,it,,74.23,16.0,8,west,lost
81213,2024-04-01,outbound,it,41.5,,59.0,2,north,lost
81214,2024-02-07,event,education,83.2,44.0,71.0,3,south,won
81215,2023-11-05,partner,retail,47.9,49.62,57.0,7,north,won
81216,2023-11-03,partner,education,59.5,56.28,3.0,3,north,open
81217,2023-07-27,inbound,education,63.0,,84.0,3,west,lost
81218,2024-03-16,outbound,healthcare,45.8,41.39,44.0,5,west,won
81219,2023-07-02,outbound,education,60.9,32.29,37.0,7,north,won
81220,2024-07-09,inbound,education,96.2,51.34,235.0,6,west,lost
81221,2024-06-21,inbound,retail,45.6,,82.0,8,east,won
81222,2024-01-12,partner,education,67.2,37.51,60.0,6,west,open
81223,2024-05-27,inbound,retail,,40.35,53.0,6,north,won
81224,2023-12-01,partner,education,71.8,,24.0,10,west,lost
81225,2023-08-09,event,education,58.3,97.54,39.0,6,west,lost
81226,2023-12-31,inbound,healthcare,74.4,54.1,7.0,4,north,lost
81227,2024-03-15,event,it,58.8,64.65,49.0,10,west,open
81228,2023-09-28,partner,it,81.4,67.01,46.0,6,east,open
81229,2024-04-07,inbound,healthcare,39.6,28.16,18.0,9,south,won
81230,2024-06-01,event,retail,60.4,59.26,13.0,3,east,won
81231,2023-06-26,event,retail,60.1,21.48,5.0,5,south,open
81232,2023-09-04,inbound,it,100.0,24.44,70.0,6,north,won
81233,2023-07-29,event,education,47.0,14.02,49.0,8,east,open
81234,2023-12-08,event,manufacturing,86.1,41.98,39.0,5,north,open
81235,2023-08-31,inbound,healthcare,80.2,28.42,60.0,11,south,won
81236,2024-03-02,partner,it,100.0,53.88,27.0,8,north,won
81237,2024-07-15,partner,manufacturing,92.5,48.7,73.0,11,west,won
81238,2024-02-13,partner,manufacturing,78.1,1.0,60.0,6,south,open
81239,2024-06-24,inbound,it,80.9,57.43,53.0,7,west,open
81240,2023-07-07,outbound,it,76.9,18.08,74.0,4,west,lost
81241,2024-05-05,inbound,retail,65.9,49.4,16.0,6,north,lost
81242,2024-06-09,event,healthcare,31.8,1.0,30.0,7,north,open
81243,2023-08-11,inbound,retail,,33.61,66.0,8,north,won
81244,2023-12-03,partner,education,77.7,10.0,46.0,7,east,open
81245,2024-02-01,inbound,healthcare,93.9,15.54,51.0,7,west,open
81246,2023-10-11,partner,retail,58.1,,22.0,9,east,won
81247,2024-06-07,outbound,manufacturing,49.1,60.67,38.0,8,east,lost
81248,2024-03-04,outbound,manufacturing,65.4,56.34,21.0,12,north,lost
81249,2024-03-01,partner,healthcare,85.6,27.99,30.0,6,north,lost
81250,2024-06-20,event,retail,82.3,41.7,33.0,8,east,open
81251,2023-12-01,event,education,49.2,39.21,23.0,12,south,won
81252,2024-02-14,inbound,healthcare,56.9,39.29,19.0,11,south,lost
81253,2023-07-26,partner,retail,50.6,29.33,23.0,10,east,won
81254,2023-12-24,event,,50.9,,38.0,5,north,open
81255,2024-01-18,partner,retail,,26.39,39.0,6,east,won
81256,2023-08-07,partner,retail,66.4,13.36,42.0,4,south,open
81257,2024-01-11,event,it,56.0,22.36,55.0,8,north,won
81258,2024-07-02,inbound,it,68.8,33.18,44.0,6,north,open
81259,2024-02-16,outbound,manufacturing,34.6,1.0,22.0,6,south,won
81260,2023-10-23,outbound,retail,58.1,5.57,27.0,10,north,lost
81261,2023-06-14,outbound,education,,14.92,3.0,9,west,open
81262,2023-10-30,partner,education,74.5,55.11,53.0,10,south,lost
81263,2023-08-16,outbound,education,55.9,66.65,8.0,8,south,lost
81264,2023-06-08,event,healthcare,69.9,9.6,35.0,7,north,won
81265,2023-06-25,outbound,education,27.8,65.56,33.0,6,west,open
81266,2023-10-28,outbound,,66.6,77.32,106.0,10,east,open
81267,2024-06-23,outbound,it,63.0,44.24,50.0,7,east,open
81268,2024-02-05,partner,,72.1,1.0,42.0,5,west,lost
81269,2023-08-28,outbound,retail,49.5,44.15,91.0,10,north,lost
81270,2023-06-28,partner,manufacturing,54.3,43.16,53.0,4,east,lost
81271,2024-05-06,inbound,education,90.6,18.01,46.0,5,south,won
81272,2023-07-01,partner,manufacturing,60.9,29.16,6.0,7,south,lost
81273,2024-01-21,partner,education,81.7,46.56,45.0,6,south,open
81274,2024-04-18,event,,50.1,11.69,65.0,5,west,open
81275,2024-01-11,inbound,healthcare,49.9,29.12,26.0,3,west,lost
81276,2023-08-15,outbound,manufacturing,74.5,43.29,63.0,13,north,won
81277,2023-08-04,partner,manufacturing,55.7,53.08,240.0,8,east,lost
81278,2024-07-16,event,manufacturing,45.3,60.36,29.0,6,west,lost
81279,2023-07-21,outbound,healthcare,36.7,45.73,38.0,4,west,lost
81280,2023-08-18,event,manufacturing,78.9,41.7,20.0,6,south,lost
81281,2023-07-06,inbound,healthcare,63.6,37.19,58.0,8,east,open
81282,2023-12-19,outbound,healthcare,45.3,21.81,24.0,3,west,open
81283,2023-06-20,outbound,retail,60.3,,57.0,10,east,open
81284,2024-07-16,inbound,manufacturing,60.6,33.74,33.0,5,south,open
81285,2023-11-01,outbound,retail,61.6,1.0,39.0,8,west,won
81286,2024-04-15,event,healthcare,65.6,55.82,62.0,10,south,won
81287,2023-12-10,outbound,it,50.9,44.63,34.0,7,west,won
81288,2024-02-17,partner,it,81.1,,29.0,12,west,open
81289,2023-08-07,outbound,healthcare,57.1,31.36,51.0,2,east,lost
81290,2024-05-20,outbound,manufacturing,84.1,1.0,42.0,7,west,lost
81291,2023-10-10,outbound,retail,100.0,80.08,24.0,10,west,won
81292,2024-05-07,event,education,49.9,71.59,58.0,3,south,lost
81293,2024-07-15,partner,,42.8,15.58,46.0,9,south,open
81294,2024-01-02,partner,education,66.2,51.41,65.0,8,south,lost
81295,2024-04-29,inbound,education,65.3,,30.0,5,south,won
81296,2023-06-01,inbound,retail,64.8,44.0,75.0,6,east,lost
81297,2024-07-13,outbound,retail,100.0,27.24,58.0,4,south,lost
81298,2023-07-31,inbound,healthcare,83.7,41.25,41.0,4,west,lost
81299,2024-06-27,outbound,it,,42.23,49.0,7,east,open
81300,2023-09-29,inbound,it,48.2,24.27,58.0,11,west,lost
