age_band,city,brand_preference,channel_preference,price_sensitivity,nps,brand_awareness,brand_trust,packaging_score,innovation_score,service_score
25_34,guangzhou,brand_c,online,4,21.1,1,4,4,2,1
35_44,guangzhou,brand_c,online,4,71.1,2,1,4,3,4
35_44,beijing,brand_a,online,1,19.9,3,1,4,4,3
18_24,shanghai,brand_c,online,1,38.8,5,1,5,5,3
55_plus,chengdu,brand_b,hybrid,3,15.6,1,3,5,3,5
35_44,chengdu,brand_b,offline,3,51.6,4,5,2,1,5
18_24,chengdu,brand_c,hybrid,4,40.1,5,5,1,5,5
18_24,chengdu,brand_c,offline,1,15.5,2,1,3,4,1
25_34,wuhan,brand_c,hybrid,2,1.7,1,4,3,4,4
18_24,chengdu,brand_a,hybrid,2,23.4,2,4,5,5,5
35_44,wuhan,brand_a,hybrid,5,10.2,1,4,1,5,2
35_44,guangzhou,brand_b,online,1,25.9,5,1,2,5,5
18_24,shanghai,brand_b,online,1,27.8,5,3,3,1,2
45_54,chengdu,brand_b,hybrid,3,27.6,5,2,2,3,1
25_34,wuhan,brand_c,offline,3,42.3,4,4,3,5,4
18_24,chengdu,brand_a,online,3,3.1,2,5,4,5,4
18_24,beijing,brand_b,hybrid,5,9.5,1,2,4,3,2
25_34,shenzhen,brand_a,hybrid,2,82.2,4,3,5,5,1
18_24,wuhan,brand_a,offline,1,72.8,5,3,4,3,4
45_54,wuhan,brand_b,hybrid,3,32.4,1,2,5,2,2
55_plus,shenzhen,brand_b,online,4,40.5,1,4,5,4,2
25_34,beijing,brand_b,hybrid,4,23.9,5,4,1,5,2
25_34,chengdu,brand_b,offline,2,20.5,2,4,3,3,5
25_34,shanghai,brand_a,hybrid,2,-24.9,3,1,3,2,3
35_44,shanghai,brand_c,offline,2,56.2,1,2,3,2,1
25_34,guangzhou,brand_c,online,2,38.0,5,2,2,4,3
35_44,shenzhen,brand_c,hybrid,1,27.3,1,5,4,4,4
45_54,chengdu,brand_c,hybrid,3,59.8,2,4,1,1,2
35_44,shenzhen,brand_b,hybrid,4,3.3,4,1,1,3,3
35_44,shanghai,brand_c,hybrid,1,28.1,4,4,2,1,3
45_54,shenzhen,brand_b,online,5,18.5,1,4,4,2,2
45_54,chengdu,brand_c,online,1,22.0,3,2,3,2,3
45_54,beijing,brand_a,offline,3,36.8,1,2,4,4,5
35_44,guangzhou,brand_a,online,1,30.6,4,2,1,3,1
25_34,shanghai,brand_b,hybrid,4,22.4,5,4,2,2,1
35_44,shanghai,brand_a,online,2,-12.9,5,4,3,1,1
35_44,wuhan,brand_a,hybrid,4,47.5,3,1,3,1,2
25_34,wuhan,brand_c,online,3,38.8,4,3,2,5,4
45_54,guangzhou,brand_a,online,2,19.0,3,3,1,2,1
18_24,wuhan,brand_b,offline,5,16.5,3,1,3,3,2
45_54,guangzhou,brand_b,hybrid,5,52.6,3,5,3,1,5
55_plus,shanghai,brand_a,offline,5,8.9,5,2,3,1,3
25_34,wuhan,brand_b,offline,3,28.2,4,2,3,2,3
25_34,guangzhou,brand_b,hybrid,2,1.9,3,5,1,1,2
35_44,shanghai,brand_b,offline,5,-4.4,2,2,5,1,2
55_plus,guangzhou,brand_a,online,5,64.1,1,1,5,5,4
45_54,wuhan,brand_a,online,3,90.0,5,1,5,5,4
25_34,chengdu,brand_a,offline,4,21.6,4,2,1,1,3
45_54,chengdu,brand_a,hybrid,3,77.3,5,4,5,3,5
45_54,wuhan,brand_a,online,5,38.4,2,4,4,5,3
35_44,shenzhen,brand_a,hybrid,2,27.9,3,5,2,5,5
55_plus,wuhan,brand_b,online,3,19.3,5,5,1,2,4
55_plus,beijing,brand_b,offline,5,18.9,5,3,5,2,2
25_34,beijing,brand_a,hybrid,4,51.8,4,3,4,4,3
25_34,shanghai,brand_b,online,3,24.3,4,2,4,2,4
45_54,chengdu,brand_c,online,5,1.4,3,4,5,5,1
25_34,beijing,brand_b,online,1,43.7,2,5,5,4,1
45_54,wuhan,brand_c,online,4,19.2,5,5,5,2,1
25_34,shanghai,brand_a,offline,3,-0.5,1,3,1,5,2
25_34,chengdu,brand_a,hybrid,1,72.3,3,5,3,1,5
18_24,shenzhen,brand_c,hybrid,1,33.4,4,3,5,2,5
45_54,beijing,brand_a,offline,4,42.8,5,4,2,2,3
35_44,shanghai,brand_a,hybrid,3,20.0,3,1,2,3,3
35_44,wuhan,brand_b,hybrid,4,41.5,4,3,5,2,3
18_24,beijing,brand_a,online,3,44.5,5,3,3,5,5
35_44,wuhan,brand_c,hybrid,2,30.1,5,5,2,2,1
55_plus,guangzhou,brand_b,online,3,22.3,4,1,5,1,4
55_plus,guangzhou,brand_a,hybrid,2,28.4,2,1,1,4,5
25_34,shenzhen,brand_a,hybrid,3,10.6,4,1,4,1,1
25_34,beijing,brand_b,offline,2,30.4,3,5,5,1,2
45_54,chengdu,brand_a,online,5,25.9,1,1,1,1,3
18_24,wuhan,brand_c,offline,3,77.0,2,3,2,5,4
35_44,chengdu,brand_b,offline,1,52.0,5,1,3,3,1
18_24,guangzhou,brand_b,hybrid,3,47.1,4,5,5,2,1
18_24,shanghai,brand_b,hybrid,4,2.3,2,3,2,3,1
45_54,chengdu,brand_b,hybrid,4,43.8,4,4,3,4,1
35_44,shenzhen,brand_a,hybrid,5,0.8,4,2,4,1,1
25_34,guangzhou,brand_a,online,3,23.0,3,5,2,5,1
18_24,shenzhen,brand_a,hybrid,3,52.6,3,3,3,5,5
35_44,shenzhen,brand_b,hybrid,2,33.0,1,5,1,2,4
25_34,shanghai,brand_a,hybrid,3,50.8,5,1,5,2,3
45_54,shenzhen,brand_c,offline,2,59.0,3,1,2,4,5
25_34,chengdu,brand_b,offline,3,50.8,5,3,2,4,1
35_44,shenzhen,brand_a,hybrid,2,29.8,2,1,3,5,4
18_24,shenzhen,brand_c,hybrid,2,40.7,4,3,1,5,2
35_44,shanghai,brand_b,hybrid,2,63.0,4,4,1,2,1
45_54,chengdu,brand_a,offline,5,36.2,2,1,4,2,2
35_44,chengdu,brand_c,hybrid,2,22.2,4,5,1,3,3
18_24,wuhan,brand_c,hybrid,1,-2.4,4,3,1,2,1
35_44,shenzhen,brand_b,online,2,54.3,1,3,2,5,5
18_24,shanghai,brand_c,hybrid,3,39.2,4,4,4,4,1
45_54,shenzhen,brand_b,offline,1,58.7,4,4,1,1,1
18_24,shanghai,brand_b,hybrid,4,34.7,3,5,4,2,2
35_44,shenzhen,brand_a,offline,3,15.3,1,4,1,1,4
18_24,chengdu,brand_c,online,1,49.9,5,2,5,2,2
35_44,guangzhou,brand_a,hybrid,3,-2.1,1,3,4,1,4
55_plus,shanghai,brand_b,hybrid,2,53.4,1,1,3,1,3
45_54,chengdu,brand_b,hybrid,3,41.4,4,3,3,2,4
18_24,shanghai,brand_b,online,3,3.7,2,1,1,4,5
18_24,shenzhen,brand_a,offline,3,-1.2,3,5,2,4,3
18_24,beijing,brand_b,online,4,44.9,4,2,1,1,4
18_24,shanghai,brand_a,online,5,24.9,2,4,4,5,1
35_44,shenzhen,brand_b,offline,4,29.3,5,4,2,3,5
45_54,wuhan,brand_a,hybrid,1,59.3,1,5,1,1,2
35_44,guangzhou,brand_c,online,1,16.8,1,5,2,3,2
25_34,shanghai,brand_b,online,4,24.7,3,2,5,4,5
35_44,shanghai,brand_a,hybrid,3,62.2,1,5,2,5,1
35_44,shanghai,brand_a,offline,3,66.3,5,5,5,1,4
18_24,chengdu,brand_c,online,2,28.2,3,4,3,4,3
35_44,shenzhen,brand_b,online,2,17.8,5,3,4,2,1
45_54,shanghai,brand_c,online,5,8.3,2,4,2,2,3
35_44,chengdu,brand_a,online,5,46.7,3,1,2,5,1
45_54,beijing,brand_a,offline,2,49.1,5,3,2,5,1
45_54,guangzhou,brand_c,hybrid,2,46.3,1,1,3,4,5
18_24,shenzhen,brand_b,online,5,21.7,3,1,4,2,3
45_54,wuhan,brand_c,offline,4,31.6,2,2,4,4,5
35_44,shanghai,brand_a,hybrid,3,27.0,3,1,3,5,5
45_54,wuhan,brand_b,online,5,45.7,1,4,2,2,1
35_44,beijing,brand_c,online,1,27.0,3,1,1,4,5
35_44,wuhan,brand_a,hybrid,4,23.9,5,3,2,3,4
45_54,wuhan,brand_c,offline,3,-10.1,4,5,4,1,5
25_34,wuhan,brand_a,offline,4,23.2,2,4,4,2,3
18_24,guangzhou,brand_a,hybrid,4,30.1,1,3,4,3,1
45_54,guangzhou,brand_a,online,3,74.3,3,5,1,5,5
18_24,guangzhou,brand_b,hybrid,3,14.3,1,5,2,3,2
45_54,shenzhen,brand_b,hybrid,3,26.0,3,3,1,1,2
18_24,shenzhen,brand_b,offline,5,23.8,5,4,3,4,1
25_34,shanghai,brand_b,hybrid,2,20.6,5,5,1,3,4
18_24,guangzhou,brand_b,online,1,74.8,2,3,5,2,3
45_54,chengdu,brand_a,online,3,11.7,5,1,4,1,2
45_54,guangzhou,brand_a,online,4,45.4,5,5,1,5,2
35_44,wuhan,brand_c,hybrid,5,54.3,1,3,3,2,3
25_34,shanghai,brand_c,hybrid,5,21.0,5,2,4,3,1
35_44,guangzhou,brand_b,online,3,23.5,1,3,3,2,2
45_54,beijing,brand_c,hybrid,4,11.1,4,2,3,3,2
18_24,wuhan,brand_b,hybrid,2,9.0,5,3,3,3,2
55_plus,guangzhou,brand_a,online,1,18.0,4,5,5,5,5
55_plus,shanghai,brand_c,hybrid,2,20.6,2,2,5,5,5
18_24,shanghai,brand_b,online,4,59.8,1,1,1,3,1
25_34,shanghai,brand_c,offline,5,28.2,4,3,5,3,4
35_44,shenzhen,brand_b,hybrid,1,-3.9,2,1,2,5,3
25_34,shanghai,brand_c,online,4,-21.4,1,3,3,4,1
18_24,wuhan,brand_c,hybrid,5,64.9,2,3,3,2,4
18_24,beijing,brand_a,hybrid,3,62.6,2,1,5,2,2
45_54,beijing,brand_c,online,3,9.2,5,3,3,2,1
18_24,wuhan,brand_c,offline,5,18.4,5,3,5,3,5
25_34,chengdu,brand_c,offline,5,-8.2,1,1,4,3,5
18_24,wuhan,brand_c,offline,3,31.2,2,2,2,3,2
18_24,shenzhen,brand_b,offline,5,9.4,4,3,1,5,4
35_44,chengdu,brand_b,hybrid,1,-0.2,3,1,4,3,5
35_44,shenzhen,brand_a,online,3,47.3,3,1,3,1,2
25_34,guangzhou,brand_b,online,4,44.6,2,5,3,5,2
45_54,wuhan,brand_a,online,5,54.9,4,2,4,2,4
25_34,shanghai,brand_c,offline,4,64.9,5,1,4,4,1
55_plus,chengdu,brand_a,hybrid,1,72.2,4,1,2,2,5
35_44,guangzhou,brand_b,hybrid,2,26.7,4,2,5,3,5
18_24,chengdu,brand_a,offline,1,58.6,1,3,5,2,4
35_44,guangzhou,brand_b,offline,3,10.3,5,5,4,5,3
45_54,shenzhen,brand_b,online,2,45.7,5,5,5,2,3
45_54,beijing,brand_a,online,1,23.9,1,2,5,3,4
35_44,shenzhen,brand_c,offline,3,30.9,3,3,4,5,5
25_34,shanghai,brand_a,online,1,43.7,5,3,2,5,4
45_54,shenzhen,brand_a,offline,4,32.9,1,1,1,1,3
25_34,shenzhen,brand_a,offline,2,37.8,2,4,5,4,5
18_24,chengdu,brand_b,offline,5,10.8,1,2,4,1,4
25_34,beijing,brand_a,online,5,51.8,5,2,4,5,1
25_34,guangzhou,brand_b,offline,1,18.9,4,2,4,4,3
55_plus,guangzhou,brand_b,hybrid,3,44.6,3,4,4,2,3
35_44,guangzhou,brand_b,online,2,-0.4,4,1,1,4,5
55_plus,shanghai,brand_a,hybrid,3,45.8,1,4,2,3,4
35_44,shenzhen,brand_b,online,4,25.0,5,1,3,5,4
25_34,wuhan,brand_b,online,2,25.7,3,4,4,1,1
25_34,wuhan,brand_a,hybrid,3,65.7,1,4,3,2,3
45_54,beijing,brand_a,hybrid,1,16.5,4,4,2,5,1
25_34,shenzhen,brand_a,hybrid,3,78.4,1,2,1,2,3
35_44,shenzhen,brand_c,hybrid,2,48.7,2,5,3,3,1
45_54,chengdu,brand_a,offline,4,69.0,4,2,4,3,1
18_24,wuhan,brand_a,hybrid,3,38.6,2,4,2,4,2
18_24,wuhan,brand_a,online,5,37.2,4,2,1,4,5
25_34,shanghai,brand_c,hybrid,5,50.2,4,2,1,3,3
25_34,shanghai,brand_b,offline,5,-9.1,1,2,3,3,3
35_44,chengdu,brand_a,online,5,43.3,3,4,1,4,2
35_44,shenzhen,brand_a,hybrid,3,14.7,2,4,3,4,4
25_34,shanghai,brand_c,hybrid,1,14.5,1,4,5,5,4
45_54,shenzhen,brand_c,hybrid,5,48.4,5,2,3,4,5
25_34,wuhan,brand_b,online,1,22.4,2,4,4,5,5
18_24,chengdu,brand_b,offline,2,41.3,2,3,1,5,5
35_44,wuhan,brand_c,hybrid,2,24.7,4,2,5,1,3
45_54,chengdu,brand_c,hybrid,1,34.8,3,5,5,3,1
35_44,beijing,brand_a,offline,3,90.0,1,5,1,2,5
35_44,chengdu,brand_b,online,4,56.7,4,4,1,2,3
25_34,shenzhen,brand_b,hybrid,4,18.7,1,2,2,3,3
25_34,chengdu,brand_b,hybrid,4,24.6,2,3,1,5,2
18_24,beijing,brand_a,online,4,23.5,1,3,2,4,5
35_44,beijing,brand_b,online,5,20.4,2,3,2,5,3
35_44,chengdu,brand_c,online,3,26.1,5,5,2,2,5
18_24,shenzhen,brand_c,hybrid,2,28.9,4,1,3,3,5
18_24,shanghai,brand_c,online,1,34.0,3,1,4,5,4
18_24,wuhan,brand_a,online,1,53.2,2,4,3,4,1
35_44,guangzhou,brand_a,offline,1,25.1,5,1,1,3,5
25_34,guangzhou,brand_a,offline,2,20.7,4,2,1,3,5
18_24,guangzhou,brand_b,online,4,64.9,4,5,1,4,4
35_44,chengdu,brand_a,hybrid,1,-1.9,2,3,1,5,1
25_34,shenzhen,brand_b,hybrid,3,18.6,1,5,5,1,1
18_24,shanghai,brand_c,online,2,70.3,2,4,1,2,5
25_34,guangzhou,brand_a,hybrid,2,49.7,1,4,1,3,4
25_34,shenzhen,brand_c,online,5,25.7,3,2,5,4,1
25_34,shenzhen,brand_a,online,2,15.9,5,4,2,5,5
25_34,shanghai,brand_a,offline,3,66.0,2,4,2,4,1
18_24,guangzhou,brand_b,hybrid,1,12.9,1,3,1,3,3
18_24,wuhan,brand_c,offline,1,38.8,1,2,3,4,2
35_44,wuhan,brand_b,hybrid,1,34.4,4,4,2,4,3
45_54,guangzhou,brand_b,hybrid,5,-1.8,3,1,3,3,5
25_34,guangzhou,brand_b,online,3,32.9,5,3,1,1,4
55_plus,wuhan,brand_c,hybrid,5,45.9,4,3,1,3,4
35_44,guangzhou,brand_b,online,5,1.6,4,4,1,3,2
45_54,wuhan,brand_a,offline,1,52.2,2,3,1,4,3
25_34,shanghai,brand_c,online,5,28.1,1,5,4,1,1
25_34,guangzhou,brand_a,hybrid,1,56.8,5,5,1,4,4
25_34,shenzhen,brand_c,hybrid,3,23.6,3,2,3,4,3
35_44,chengdu,brand_b,hybrid,5,11.1,4,3,5,1,2
25_34,beijing,brand_c,offline,4,80.1,4,1,4,1,4
25_34,shanghai,brand_a,online,3,49.3,5,3,4,2,1
45_54,shenzhen,brand_b,hybrid,1,3.5,4,1,2,2,3
35_44,shanghai,brand_a,hybrid,4,12.8,3,1,2,3,4
25_34,wuhan,brand_a,hybrid,1,33.3,1,1,3,3,5
25_34,wuhan,brand_c,online,5,-6.0,4,4,2,3,1
45_54,chengdu,brand_b,hybrid,3,19.4,5,3,1,1,1
25_34,shenzhen,brand_a,hybrid,5,9.9,5,2,5,5,2
25_34,shanghai,brand_c,offline,5,28.5,2,4,4,2,5
55_plus,guangzhou,brand_a,hybrid,1,9.2,2,4,1,3,4
18_24,beijing,brand_c,online,2,7.3,3,5,1,3,3
25_34,shenzhen,brand_b,online,4,31.9,1,1,4,3,2
18_24,shenzhen,brand_c,hybrid,3,40.5,1,4,4,5,2
25_34,chengdu,brand_b,hybrid,4,11.3,3,3,4,2,2
35_44,beijing,brand_b,hybrid,1,42.3,1,4,1,2,3
55_plus,chengdu,brand_a,online,3,47.4,4,1,2,1,2
35_44,beijing,brand_b,hybrid,4,20.9,1,2,3,1,1
25_34,shenzhen,brand_a,online,5,3.6,2,2,5,5,3
45_54,wuhan,brand_a,online,1,51.2,2,5,2,2,5
45_54,shanghai,brand_a,hybrid,2,11.7,1,3,4,4,5
25_34,guangzhou,brand_a,online,2,-9.6,4,1,1,5,4
25_34,guangzhou,brand_b,online,2,41.3,3,1,4,1,2
25_34,wuhan,brand_c,online,3,6.5,2,1,3,1,3
25_34,shenzhen,brand_c,offline,2,9.1,4,4,5,2,4
18_24,shanghai,brand_c,online,2,37.9,2,4,4,3,3
25_34,wuhan,brand_b,online,5,-18.6,4,1,3,4,3
35_44,shenzhen,brand_c,online,4,63.7,3,4,3,5,2
25_34,shanghai,brand_a,online,5,25.8,1,2,5,2,5
25_34,chengdu,brand_b,online,4,44.0,1,5,2,1,2
18_24,chengdu,brand_a,offline,4,44.4,1,3,2,4,2
18_24,guangzhou,brand_a,hybrid,2,29.6,5,3,2,1,3
18_24,chengdu,brand_c,hybrid,4,29.1,2,1,3,2,4
35_44,shanghai,brand_b,hybrid,3,63.6,3,5,2,1,5
25_34,shanghai,brand_b,offline,2,52.2,5,4,3,1,1
35_44,wuhan,brand_a,hybrid,3,32.9,5,2,5,1,4
25_34,beijing,brand_a,hybrid,5,47.2,3,5,3,1,2
55_plus,chengdu,brand_a,offline,5,14.4,3,5,1,2,3
45_54,shanghai,brand_b,offline,1,26.1,2,4,3,2,3
35_44,shanghai,brand_b,hybrid,2,34.8,4,3,3,4,2
25_34,wuhan,brand_a,online,1,10.1,2,2,4,4,1
55_plus,wuhan,brand_b,offline,2,-19.7,5,2,4,2,1
25_34,shenzhen,brand_a,offline,3,4.5,2,4,4,5,5
45_54,wuhan,brand_a,hybrid,3,-6.7,4,5,1,1,5
45_54,beijing,brand_b,offline,1,30.6,2,1,1,5,5
35_44,wuhan,brand_a,online,1,20.2,3,5,1,5,1
45_54,shanghai,brand_b,offline,1,20.5,4,5,4,2,4
35_44,beijing,brand_a,online,5,62.6,2,3,2,4,2
55_plus,chengdu,brand_c,hybrid,2,40.9,1,3,1,3,1
25_34,beijing,brand_c,online,1,27.5,3,4,2,1,3
35_44,shanghai,brand_c,hybrid,2,25.8,3,2,4,1,5
35_44,wuhan,brand_c,online,2,24.1,2,1,5,3,3
45_54,beijing,brand_b,online,3,67.0,1,4,4,1,5
35_44,shenzhen,brand_b,hybrid,1,32.7,3,5,4,4,5
45_54,shenzhen,brand_c,hybrid,3,37.1,4,3,5,4,4
18_24,shenzhen,brand_c,hybrid,4,11.6,4,5,1,2,4
25_34,chengdu,brand_c,hybrid,4,22.8,2,4,2,2,1
18_24,shenzhen,brand_b,online,1,56.4,4,3,1,3,2
25_34,chengdu,brand_c,hybrid,4,37.5,4,1,3,1,2
18_24,guangzhou,brand_b,offline,3,12.3,3,4,2,1,1
25_34,chengdu,brand_a,online,1,54.3,3,3,1,3,2
18_24,chengdu,brand_a,hybrid,5,43.3,4,5,3,1,3
35_44,wuhan,brand_c,offline,5,0.4,1,4,5,3,2
18_24,chengdu,brand_a,online,1,-25.1,3,3,3,1,4
55_plus,wuhan,brand_a,hybrid,2,-5.9,3,4,4,2,2
45_54,shanghai,brand_c,offline,4,32.2,1,5,4,5,2
35_44,beijing,brand_b,hybrid,5,28.4,3,3,5,4,5
45_54,guangzhou,brand_c,hybrid,2,34.0,3,2,4,4,4
25_34,beijing,brand_c,hybrid,5,50.6,1,4,1,5,5
55_plus,shanghai,brand_a,hybrid,3,-6.9,4,5,2,4,4
35_44,guangzhou,brand_a,online,5,61.4,2,1,5,1,5
55_plus,chengdu,brand_b,hybrid,3,25.7,1,2,5,1,5
45_54,wuhan,brand_a,online,4,31.6,3,3,4,5,2
18_24,shanghai,brand_b,online,5,53.0,3,2,3,2,5
25_34,shanghai,brand_b,online,4,17.0,5,5,1,5,5
55_plus,chengdu,brand_b,online,4,9.3,4,4,2,5,4
25_34,beijing,brand_c,offline,4,32.3,4,3,3,3,3
35_44,chengdu,brand_c,hybrid,1,45.2,2,3,3,4,4
18_24,guangzhou,brand_c,online,3,-10.7,4,5,5,4,1
35_44,wuhan,brand_a,online,2,2.2,5,4,3,1,4
35_44,wuhan,brand_b,hybrid,3,53.4,2,4,2,1,1
25_34,chengdu,brand_b,hybrid,2,40.7,3,4,4,5,4
35_44,beijing,brand_a,hybrid,1,60.7,5,3,3,1,1
55_plus,guangzhou,brand_c,offline,2,12.0,1,3,4,2,2
18_24,wuhan,brand_c,hybrid,1,39.0,1,4,5,5,3
45_54,beijing,brand_b,hybrid,1,31.5,2,3,1,5,4
35_44,shanghai,brand_c,hybrid,5,-19.5,5,2,2,5,3
35_44,shenzhen,brand_c,offline,5,53.4,4,2,5,1,2
45_54,wuhan,brand_c,online,3,55.2,4,1,2,4,3
35_44,wuhan,brand_b,hybrid,2,12.6,5,2,2,1,2
35_44,beijing,brand_b,hybrid,1,-19.1,1,5,1,1,1
45_54,beijing,brand_c,hybrid,1,51.7,5,3,5,2,3
45_54,shanghai,brand_b,online,2,36.4,1,2,1,5,2
35_44,guangzhou,brand_a,online,2,59.0,1,4,3,3,3
18_24,beijing,brand_c,offline,3,20.9,3,3,2,1,2
25_34,guangzhou,brand_a,online,3,77.3,4,2,3,2,3
35_44,shanghai,brand_c,online,3,40.8,4,1,5,1,2
18_24,guangzhou,brand_c,offline,3,37.0,2,3,1,2,2
35_44,shenzhen,brand_b,hybrid,3,44.1,1,5,5,4,1
25_34,shanghai,brand_a,hybrid,5,19.8,5,3,1,4,5
35_44,beijing,brand_b,hybrid,4,17.3,3,2,1,1,4
55_plus,shenzhen,brand_a,offline,1,-0.5,1,3,5,5,4
35_44,beijing,brand_a,hybrid,1,18.4,4,1,2,3,4
45_54,guangzhou,brand_a,online,4,15.7,5,1,2,5,1
18_24,wuhan,brand_a,offline,4,15.8,1,4,1,1,4
25_34,guangzhou,brand_b,online,3,35.8,1,5,1,1,4
25_34,wuhan,brand_b,offline,4,44.3,1,2,1,3,1
55_plus,chengdu,brand_c,hybrid,1,42.9,3,1,5,5,3
25_34,shenzhen,brand_c,online,5,53.5,4,1,5,4,5
45_54,guangzhou,brand_a,online,5,42.1,3,2,4,2,1
45_54,shanghai,brand_a,hybrid,2,17.2,3,5,5,2,2
45_54,shanghai,brand_a,hybrid,2,35.7,3,5,3,5,2
25_34,chengdu,brand_c,online,4,23.3,2,3,3,5,4
35_44,beijing,brand_b,hybrid,2,33.8,4,2,3,3,4
45_54,wuhan,brand_a,hybrid,2,52.9,5,3,3,4,4
18_24,guangzhou,brand_b,hybrid,4,52.6,4,5,1,2,1
35_44,beijing,brand_c,offline,5,50.8,3,2,5,5,5
45_54,wuhan,brand_a,offline,3,16.8,2,2,2,1,5
18_24,chengdu,brand_a,hybrid,2,34.7,4,3,3,5,4
25_34,shanghai,brand_c,hybrid,4,23.0,4,4,2,3,5
35_44,guangzhou,brand_b,online,1,43.7,4,3,1,2,2
45_54,wuhan,brand_a,hybrid,4,59.0,2,2,2,2,1
45_54,shanghai,brand_a,hybrid,4,45.8,4,1,3,2,4
35_44,shenzhen,brand_c,offline,4,46.6,4,5,3,2,3
18_24,wuhan,brand_c,online,3,-6.9,5,3,5,2,5
25_34,wuhan,brand_a,hybrid,2,35.7,3,4,4,5,2
45_54,beijing,brand_b,hybrid,5,29.4,2,3,2,2,4
25_34,chengdu,brand_a,online,2,51.8,5,5,3,2,5
35_44,wuhan,brand_a,hybrid,5,30.1,2,2,5,4,1
25_34,beijing,brand_a,online,2,51.4,1,1,1,4,2
25_34,wuhan,brand_a,offline,4,54.9,5,1,1,2,1
25_34,wuhan,brand_c,online,3,30.4,1,4,4,3,5
45_54,wuhan,brand_b,hybrid,2,37.8,3,5,4,5,3
55_plus,wuhan,brand_a,hybrid,1,21.8,5,4,5,3,4
25_34,wuhan,brand_b,online,3,11.2,4,1,2,4,3
35_44,wuhan,brand_a,online,5,47.1,3,2,2,3,5
18_24,wuhan,brand_b,hybrid,1,37.2,4,4,4,2,1
35_44,wuhan,brand_b,online,3,31.7,1,5,4,1,1
45_54,beijing,brand_a,hybrid,3,47.4,5,1,1,1,1
35_44,chengdu,brand_a,online,5,35.1,4,2,2,2,1
25_34,chengdu,brand_b,online,1,6.4,1,4,4,4,1
35_44,shenzhen,brand_c,hybrid,3,30.5,1,1,4,1,3
35_44,shanghai,brand_a,offline,5,48.5,5,3,1,2,2
45_54,chengdu,brand_a,online,1,31.6,5,3,5,1,4
25_34,shenzhen,brand_b,hybrid,4,2.5,4,1,5,5,4
35_44,chengdu,brand_b,hybrid,4,37.4,5,2,5,3,2
18_24,shenzhen,brand_b,offline,3,9.8,5,3,5,4,1
25_34,wuhan,brand_a,online,5,32.4,2,2,1,2,1
55_plus,shenzhen,brand_b,hybrid,4,11.9,3,2,3,3,3
18_24,wuhan,brand_b,hybrid,3,-11.4,5,2,1,5,1
25_34,shanghai,brand_b,online,2,14.8,3,5,3,1,5
35_44,shenzhen,brand_a,hybrid,1,43.1,4,3,4,5,1
35_44,wuhan,brand_b,offline,5,64.2,3,1,3,4,5
18_24,shenzhen,brand_c,offline,4,0.7,5,2,2,1,2
25_34,guangzhou,brand_c,offline,3,23.7,5,2,4,1,2
18_24,wuhan,brand_a,online,4,47.1,3,3,1,3,4
35_44,wuhan,brand_a,hybrid,1,38.9,3,4,2,1,5
18_24,shanghai,brand_a,hybrid,4,58.8,3,2,1,5,5
55_plus,beijing,brand_a,online,2,29.4,4,1,4,2,5
35_44,chengdu,brand_c,hybrid,3,19.3,2,1,4,4,1
25_34,beijing,brand_a,hybrid,4,41.3,2,1,4,1,1
45_54,beijing,brand_c,online,4,18.2,1,2,5,2,1
25_34,shanghai,brand_b,online,3,70.6,2,3,5,2,3
25_34,guangzhou,brand_b,online,4,36.6,4,4,3,1,3
45_54,chengdu,brand_b,hybrid,3,39.6,3,1,3,4,3
18_24,chengdu,brand_b,hybrid,2,62.5,3,5,2,3,3
25_34,shenzhen,brand_a,hybrid,3,30.3,2,4,4,4,4
25_34,shenzhen,brand_a,hybrid,4,22.4,5,2,4,5,2
55_plus,beijing,brand_a,offline,3,2.2,1,2,5,2,4
55_plus,wuhan,brand_a,online,4,29.2,4,5,3,1,2
55_plus,guangzhou,brand_b,hybrid,4,5.2,3,1,5,1,2
25_34,shanghai,brand_a,hybrid,1,47.9,5,3,2,2,5
35_44,wuhan,brand_a,online,1,28.1,1,3,5,5,5
55_plus,shanghai,brand_a,online,5,53.0,3,2,3,4,2
45_54,guangzhou,brand_c,hybrid,3,18.9,5,4,1,4,3
45_54,beijing,brand_c,offline,1,53.2,3,3,2,2,4
35_44,wuhan,brand_a,offline,3,47.9,4,5,1,3,4
25_34,shanghai,brand_b,online,1,2.7,5,4,5,4,4
25_34,shenzhen,brand_c,offline,3,38.0,2,3,5,5,1
35_44,guangzhou,brand_a,hybrid,2,21.4,2,2,2,4,5
45_54,wuhan,brand_b,hybrid,4,65.2,4,3,3,5,3
18_24,shanghai,brand_a,online,3,25.5,4,5,2,2,1
25_34,beijing,brand_a,hybrid,1,46.6,1,1,3,5,3
45_54,guangzhou,brand_a,offline,1,51.3,1,3,1,1,2
25_34,shenzhen,brand_b,hybrid,2,27.9,4,5,2,2,4
45_54,shanghai,brand_a,online,2,31.1,3,2,5,1,4
18_24,shenzhen,brand_a,hybrid,5,30.7,4,2,1,1,5
35_44,chengdu,brand_a,offline,5,23.0,3,1,5,3,4
25_34,shanghai,brand_b,hybrid,2,43.9,5,3,4,2,3
35_44,beijing,brand_c,hybrid,2,27.5,5,5,4,5,3
35_44,wuhan,brand_c,offline,2,59.0,2,5,1,3,3
35_44,wuhan,brand_a,hybrid,5,39.5,2,1,3,3,5
45_54,chengdu,brand_a,hybrid,2,11.8,1,2,2,1,3
45_54,chengdu,brand_c,online,1,-18.9,2,3,3,3,1
35_44,wuhan,brand_c,online,3,59.1,5,2,3,2,2
35_44,guangzhou,brand_b,hybrid,1,20.1,1,3,3,4,3
45_54,beijing,brand_a,hybrid,2,37.5,3,2,1,3,4
25_34,shenzhen,brand_a,hybrid,3,16.4,3,1,3,3,4
18_24,wuhan,brand_a,hybrid,2,-19.7,4,2,1,3,5
55_plus,shenzhen,brand_c,hybrid,1,29.5,3,5,5,2,5
18_24,shanghai,brand_a,hybrid,1,77.0,3,5,1,2,5
25_34,wuhan,brand_b,hybrid,4,3.3,5,4,2,2,1
25_34,wuhan,brand_a,offline,5,37.0,3,3,5,1,1
25_34,guangzhou,brand_b,online,4,19.6,5,1,4,5,1
55_plus,shanghai,brand_a,online,3,19.5,5,1,4,5,4
45_54,shenzhen,brand_b,hybrid,3,36.6,1,3,5,2,3
25_34,wuhan,brand_b,offline,5,-3.3,3,5,4,3,5
35_44,guangzhou,brand_b,hybrid,1,53.4,4,4,3,5,4
25_34,shanghai,brand_b,hybrid,5,17.2,2,2,2,5,1
25_34,wuhan,brand_b,hybrid,5,45.7,3,2,2,5,5
55_plus,guangzhou,brand_b,online,2,61.3,4,4,4,3,2
45_54,guangzhou,brand_b,hybrid,1,48.3,1,2,3,2,3
35_44,shenzhen,brand_a,online,2,32.0,3,1,1,3,3
35_44,shenzhen,brand_a,hybrid,2,11.4,5,1,4,1,2
45_54,shenzhen,brand_b,hybrid,1,26.0,5,1,3,1,1
45_54,wuhan,brand_c,hybrid,1,47.8,2,5,5,4,3
18_24,beijing,brand_b,online,1,12.0,4,1,5,3,1
35_44,wuhan,brand_a,hybrid,1,20.8,2,4,3,4,2
55_plus,wuhan,brand_a,hybrid,3,26.7,3,5,4,3,2
45_54,chengdu,brand_b,offline,4,15.8,3,1,1,1,2
25_34,shanghai,brand_c,hybrid,4,-4.8,2,3,4,4,3
25_34,chengdu,brand_b,online,4,23.7,1,2,1,4,5
35_44,guangzhou,brand_a,hybrid,4,69.6,1,4,3,5,5
45_54,chengdu,brand_b,offline,2,12.0,1,3,2,5,4
25_34,chengdu,brand_b,hybrid,1,31.8,2,1,3,4,1
25_34,chengdu,brand_a,offline,3,50.1,5,2,5,4,2
35_44,wuhan,brand_b,hybrid,5,11.5,5,2,3,5,5
25_34,chengdu,brand_b,hybrid,2,31.6,4,5,4,5,5
25_34,shenzhen,brand_b,online,2,21.4,2,5,5,2,2
35_44,shenzhen,brand_c,hybrid,1,18.6,3,2,2,5,1
35_44,chengdu,brand_b,hybrid,2,28.6,4,4,5,2,5
25_34,wuhan,brand_c,offline,3,41.0,5,2,4,4,1
25_34,guangzhou,brand_b,online,1,-1.4,5,5,1,1,5
35_44,beijing,brand_b,hybrid,3,57.4,3,2,4,2,1
25_34,shenzhen,brand_c,offline,5,40.3,3,5,4,3,4
18_24,shenzhen,brand_b,online,3,26.1,4,3,2,5,3
25_34,shanghai,brand_b,offline,1,52.8,3,2,5,2,2
35_44,shanghai,brand_b,hybrid,2,90.0,4,3,3,5,4
45_54,shanghai,brand_b,offline,3,21.1,2,5,4,3,4
18_24,shenzhen,brand_a,offline,5,-7.0,3,1,2,1,3
25_34,beijing,brand_c,online,2,15.6,1,4,3,1,4
18_24,chengdu,brand_a,offline,1,21.4,3,2,5,2,3
35_44,shanghai,brand_a,online,1,15.1,1,2,3,3,1
25_34,wuhan,brand_c,online,5,11.6,2,2,1,1,5
35_44,guangzhou,brand_a,hybrid,2,51.5,1,1,4,3,2
18_24,guangzhou,brand_c,hybrid,2,45.0,3,5,5,2,5
45_54,beijing,brand_c,online,3,41.2,4,3,1,5,3
25_34,wuhan,brand_a,hybrid,2,23.1,5,5,3,5,4
25_34,wuhan,brand_a,hybrid,2,33.0,3,1,4,1,5
35_44,shanghai,brand_b,online,3,7.2,2,1,3,3,5
55_plus,shanghai,brand_a,online,2,90.0,1,5,4,5,3
45_54,chengdu,brand_a,offline,5,17.7,5,3,2,5,2
18_24,guangzhou,brand_a,hybrid,2,18.3,2,3,5,4,4
25_34,shenzhen,brand_b,hybrid,3,46.8,1,5,3,3,1
25_34,shanghai,brand_c,hybrid,2,34.1,5,3,1,2,1
55_plus,shenzhen,brand_c,offline,3,37.7,2,1,4,3,3
35_44,beijing,brand_a,hybrid,4,40.9,4,2,1,2,4
45_54,shenzhen,brand_c,offline,2,-2.1,4,5,1,5,5
35_44,shenzhen,brand_b,hybrid,4,22.8,3,5,1,1,4
35_44,chengdu,brand_b,online,3,15.6,3,5,1,2,3
35_44,beijing,brand_a,hybrid,4,32.5,1,4,3,3,2
25_34,chengdu,brand_a,hybrid,4,11.5,3,4,5,4,5
35_44,shenzhen,brand_a,online,3,37.2,3,5,3,4,1
45_54,shenzhen,brand_b,offline,4,19.2,3,5,5,1,5
18_24,guangzhou,brand_a,hybrid,4,37.9,2,3,1,2,3
45_54,beijing,brand_b,hybrid,2,67.2,2,4,2,5,2
25_34,guangzhou,brand_c,offline,5,41.1,1,4,5,3,5
25_34,shenzhen,brand_c,hybrid,4,17.1,4,4,5,2,5
35_44,wuhan,brand_c,hybrid,5,64.7,2,2,2,3,4
35_44,shanghai,brand_b,online,5,24.3,2,3,4,4,4
35_44,shenzhen,brand_a,hybrid,5,25.7,3,5,2,4,1
25_34,shanghai,brand_a,hybrid,5,80.4,2,5,2,4,4
45_54,guangzhou,brand_a,offline,3,30.5,4,3,3,2,2
35_44,chengdu,brand_a,online,4,13.0,5,2,5,4,1
45_54,wuhan,brand_a,hybrid,4,-6.7,3,2,4,1,1
45_54,shenzhen,brand_b,offline,3,12.5,3,4,3,2,4
25_34,beijing,brand_a,online,5,27.1,1,5,5,2,4
25_34,shanghai,brand_b,offline,2,24.3,4,3,2,2,2
45_54,beijing,brand_b,hybrid,2,6.0,1,5,2,4,4
25_34,shenzhen,brand_a,online,5,80.9,1,2,1,5,2
45_54,beijing,brand_c,hybrid,3,36.2,5,3,1,4,3
55_plus,wuhan,brand_c,offline,5,29.8,1,5,5,3,5
18_24,guangzhou,brand_a,hybrid,2,-8.2,4,4,2,2,1
18_24,beijing,brand_c,hybrid,3,31.2,3,4,2,3,4
18_24,wuhan,brand_a,online,3,19.9,5,5,2,4,4
35_44,beijing,brand_b,online,2,25.3,4,3,2,4,4
25_34,chengdu,brand_a,hybrid,1,33.3,2,4,5,3,4
35_44,beijing,brand_a,hybrid,4,17.8,5,5,1,5,3
25_34,guangzhou,brand_a,hybrid,2,9.7,5,1,4,1,5
35_44,wuhan,brand_a,hybrid,2,40.8,5,3,3,1,3
35_44,beijing,brand_c,offline,2,30.3,2,4,4,5,3
55_plus,guangzhou,brand_a,online,5,14.7,1,2,3,4,1
25_34,shanghai,brand_a,hybrid,3,24.5,4,2,5,2,2
35_44,shenzhen,brand_b,online,4,59.0,3,1,3,1,4
35_44,chengdu,brand_b,hybrid,4,48.8,1,5,2,4,3
18_24,chengdu,brand_b,online,1,49.8,1,5,3,2,3
25_34,wuhan,brand_c,online,4,25.6,1,2,5,2,3
25_34,shanghai,brand_b,hybrid,4,85.9,4,5,4,5,2
25_34,shenzhen,brand_b,offline,5,40.9,5,2,2,4,4
25_34,beijing,brand_c,hybrid,5,18.8,3,5,3,5,3
25_34,chengdu,brand_c,online,1,26.7,2,2,1,5,5
25_34,shenzhen,brand_c,offline,3,38.2,4,3,5,4,3
55_plus,beijing,brand_b,online,4,-9.1,5,2,4,4,2
18_24,guangzhou,brand_a,online,1,50.2,5,3,4,1,5
55_plus,shanghai,brand_a,hybrid,2,17.5,1,4,5,5,2
35_44,shenzhen,brand_b,offline,1,38.6,4,2,2,3,5
35_44,guangzhou,brand_a,hybrid,2,48.7,5,5,5,1,4
45_54,chengdu,brand_a,hybrid,5,36.8,4,3,3,5,3
25_34,shenzhen,brand_c,online,5,47.2,1,4,3,2,1
18_24,beijing,brand_b,online,1,16.0,4,4,3,2,4
45_54,wuhan,brand_b,online,2,20.3,4,5,3,4,1
35_44,chengdu,brand_a,online,2,38.4,2,5,2,4,5
18_24,shenzhen,brand_c,online,2,75.8,4,5,4,1,1
35_44,chengdu,brand_b,hybrid,2,53.0,1,2,5,4,3
25_34,shenzhen,brand_b,offline,1,-8.7,1,2,4,3,5
35_44,guangzhou,brand_a,offline,5,34.0,3,1,3,3,1
18_24,shanghai,brand_c,online,4,9.3,4,1,4,4,1
25_34,wuhan,brand_b,hybrid,2,20.5,2,2,2,5,4
18_24,wuhan,brand_a,online,4,25.1,4,5,4,5,1
18_24,shenzhen,brand_b,online,2,61.3,3,1,1,3,1
25_34,shenzhen,brand_a,online,4,44.5,5,4,3,5,5
25_34,beijing,brand_b,online,5,47.9,3,2,4,5,2
45_54,wuhan,brand_a,online,4,48.2,3,3,3,3,5
45_54,guangzhou,brand_b,online,5,73.2,3,4,4,1,1
45_54,beijing,brand_a,online,2,41.4,1,4,3,2,5
45_54,guangzhou,brand_a,online,3,-6.4,4,1,3,5,1
25_34,shanghai,brand_a,online,3,57.1,5,3,1,1,5
25_34,chengdu,brand_a,offline,5,26.4,2,3,2,1,5
25_34,shenzhen,brand_b,online,1,5.9,2,3,3,1,3
18_24,shenzhen,brand_b,offline,2,25.5,1,1,4,1,4
35_44,wuhan,brand_a,offline,1,31.7,3,2,1,4,1
18_24,shanghai,brand_a,hybrid,1,21.8,2,5,4,5,3
35_44,wuhan,brand_b,hybrid,1,48.5,1,5,2,5,3
25_34,guangzhou,brand_a,hybrid,1,78.1,1,4,4,2,3
35_44,shenzhen,brand_c,hybrid,5,27.6,4,5,3,3,4
35_44,shenzhen,brand_c,online,5,-0.9,5,2,4,1,5
35_44,beijing,brand_a,offline,2,27.8,3,1,5,4,1
45_54,wuhan,brand_c,hybrid,5,14.8,3,4,4,2,3
25_34,beijing,brand_c,online,5,53.0,5,5,4,2,2
55_plus,beijing,brand_a,offline,1,16.3,2,2,1,2,2
35_44,shenzhen,brand_c,online,5,40.3,1,5,1,3,4
45_54,beijing,brand_c,online,4,16.4,4,1,2,3,1
18_24,shanghai,brand_b,hybrid,3,44.7,5,4,3,3,4
25_34,shanghai,brand_b,hybrid,5,18.7,3,2,2,3,4
18_24,chengdu,brand_a,online,4,34.6,5,4,2,4,5
45_54,beijing,brand_c,online,2,20.0,2,3,3,4,2
45_54,guangzhou,brand_b,offline,3,52.1,1,3,5,3,1
25_34,beijing,brand_a,online,2,13.8,2,5,4,3,4
25_34,guangzhou,brand_a,online,4,50.3,5,3,2,4,2
18_24,wuhan,brand_c,online,4,47.2,2,1,3,2,2
35_44,wuhan,brand_c,online,2,27.8,1,2,1,4,1
18_24,chengdu,brand_c,hybrid,1,23.9,4,4,2,1,5
18_24,shenzhen,brand_b,online,5,-5.5,2,5,4,5,3
55_plus,chengdu,brand_b,offline,2,33.4,2,4,1,2,3
35_44,wuhan,brand_c,online,4,42.1,3,4,5,2,4
25_34,chengdu,brand_b,hybrid,5,81.6,5,3,2,2,1
25_34,shenzhen,brand_b,online,1,55.2,1,2,3,2,4
25_34,beijing,brand_c,online,4,71.9,4,5,4,3,4
55_plus,beijing,brand_b,online,2,45.2,5,4,4,5,4
25_34,beijing,brand_c,offline,4,50.0,3,4,4,1,1
25_34,shenzhen,brand_b,hybrid,4,42.0,3,3,4,4,3
35_44,shanghai,brand_c,online,5,46.3,1,4,5,1,4
18_24,wuhan,brand_a,hybrid,1,74.7,4,2,1,4,5
18_24,shanghai,brand_c,online,5,33.8,5,4,3,2,4
35_44,chengdu,brand_b,hybrid,5,29.9,1,5,2,5,5
35_44,shenzhen,brand_c,hybrid,1,2.7,1,5,4,1,3
18_24,guangzhou,brand_a,hybrid,5,21.3,4,2,3,1,1
25_34,shanghai,brand_c,hybrid,2,26.6,2,4,5,3,2
35_44,guangzhou,brand_c,online,1,49.7,5,4,2,2,4
55_plus,beijing,brand_c,online,5,44.1,2,3,2,5,4
25_34,shanghai,brand_a,online,4,28.2,5,4,3,3,5
35_44,chengdu,brand_c,hybrid,1,54.7,4,2,3,5,2
25_34,guangzhou,brand_a,offline,1,14.1,5,5,4,4,4
25_34,shanghai,brand_c,offline,2,36.4,5,3,1,5,3
25_34,chengdu,brand_b,online,3,12.0,4,5,5,1,4
35_44,shenzhen,brand_a,hybrid,1,35.7,3,5,3,1,4
18_24,guangzhou,brand_a,online,5,30.0,1,2,3,3,5
25_34,guangzhou,brand_b,offline,5,22.7,3,1,2,5,3
25_34,shenzhen,brand_a,hybrid,2,51.9,1,2,2,4,3
18_24,shenzhen,brand_a,online,1,30.2,1,1,4,2,3
55_plus,beijing,brand_c,hybrid,1,76.8,3,3,4,3,1
35_44,wuhan,brand_b,online,4,52.0,3,5,3,1,5
55_plus,shanghai,brand_a,hybrid,3,58.6,4,2,2,5,1
45_54,shanghai,brand_b,hybrid,2,-8.7,2,2,1,5,1
25_34,guangzhou,brand_c,offline,3,26.0,5,2,4,5,1
55_plus,beijing,brand_a,hybrid,3,12.0,5,2,5,4,5
45_54,shanghai,brand_b,hybrid,3,-13.8,2,2,1,2,2
25_34,beijing,brand_b,online,2,71.7,2,2,5,5,5
25_34,chengdu,brand_c,hybrid,3,43.6,4,1,5,1,5
25_34,wuhan,brand_c,offline,5,71.2,1,5,1,3,4
35_44,guangzhou,brand_b,hybrid,5,43.4,5,2,1,5,1
18_24,beijing,brand_b,online,1,48.7,2,2,2,5,2
45_54,guangzhou,brand_b,hybrid,4,53.4,2,2,1,5,3
35_44,guangzhou,brand_a,online,2,58.4,5,1,1,2,1
25_34,chengdu,brand_b,hybrid,3,25.4,3,3,5,4,4
45_54,wuhan,brand_c,online,4,23.3,5,4,3,3,3
25_34,shenzhen,brand_b,online,1,39.4,2,1,1,1,1
45_54,chengdu,brand_c,offline,4,-6.5,4,4,4,2,3
25_34,chengdu,brand_b,hybrid,1,10.5,2,2,1,4,3
18_24,beijing,brand_c,hybrid,3,19.6,1,5,4,4,3
35_44,shenzhen,brand_a,hybrid,3,-12.7,4,3,3,5,2
18_24,beijing,brand_b,offline,3,-6.0,3,5,3,2,2
25_34,wuhan,brand_a,offline,5,34.7,5,1,4,5,1
25_34,chengdu,brand_c,hybrid,2,28.1,1,4,1,2,1
35_44,wuhan,brand_b,offline,4,28.0,3,5,5,3,4
55_plus,shanghai,brand_a,hybrid,4,20.0,3,5,3,1,1
25_34,shanghai,brand_a,hybrid,3,20.1,2,1,4,3,5
25_34,shanghai,brand_a,online,5,46.4,3,5,1,4,2
55_plus,chengdu,brand_b,online,5,37.4,3,1,2,1,2
25_34,guangzhou,brand_a,hybrid,1,30.5,3,5,3,2,5
35_44,beijing,brand_a,online,3,22.5,5,5,1,5,3
35_44,beijing,brand_c,hybrid,3,43.1,1,5,2,3,1
25_34,shanghai,brand_b,online,5,26.1,2,3,4,2,4
35_44,wuhan,brand_c,online,4,32.3,4,1,1,5,3
18_24,shanghai,brand_a,hybrid,1,-9.1,5,4,1,1,4
45_54,shenzhen,brand_b,hybrid,1,29.1,2,4,3,2,1
35_44,shanghai,brand_b,offline,1,38.3,2,1,3,5,5
35_44,wuhan,brand_a,online,1,4.9,5,5,2,4,4
35_44,wuhan,brand_c,online,1,-16.2,5,1,2,1,5
35_44,shanghai,brand_c,online,5,10.0,5,3,1,3,5
25_34,beijing,brand_b,hybrid,1,13.7,5,5,5,4,5
55_plus,wuhan,brand_b,online,4,29.4,3,2,3,1,5
35_44,beijing,brand_b,online,4,24.4,3,4,1,4,4
35_44,shanghai,brand_a,offline,3,39.9,4,1,3,1,2
18_24,wuhan,brand_a,online,3,27.4,4,4,1,2,4
25_34,shenzhen,brand_a,online,2,-7.4,3,2,4,1,4
35_44,beijing,brand_a,hybrid,3,41.0,2,1,4,4,4
25_34,guangzhou,brand_c,offline,5,56.7,4,1,4,4,1
18_24,chengdu,brand_c,hybrid,1,29.8,4,2,1,4,2
18_24,guangzhou,brand_a,hybrid,2,31.5,2,5,4,4,1
45_54,beijing,brand_b,online,1,34.3,4,1,3,1,2
25_34,wuhan,brand_a,online,1,44.8,3,4,4,1,5
45_54,chengdu,brand_a,hybrid,4,19.3,4,5,4,4,4
25_34,guangzhou,brand_c,offline,5,47.3,4,1,4,1,1
25_34,shenzhen,brand_b,offline,2,22.4,1,3,5,1,4
25_34,chengdu,brand_c,hybrid,4,39.3,1,3,5,4,2
45_54,shenzhen,brand_b,online,5,45.7,5,1,5,1,3
45_54,chengdu,brand_a,online,4,8.0,3,5,3,3,5
35_44,shenzhen,brand_c,hybrid,5,68.6,1,1,3,1,2
25_34,shenzhen,brand_b,online,3,43.6,3,2,4,3,2
55_plus,beijing,brand_b,hybrid,2,67.7,3,5,3,1,1
55_plus,guangzhou,brand_a,online,2,27.2,2,2,3,3,2
35_44,beijing,brand_c,hybrid,4,24.3,4,4,3,3,1
45_54,guangzhou,brand_a,hybrid,2,25.6,5,5,5,3,3
45_54,shenzhen,brand_b,online,3,15.8,3,3,4,1,3
35_44,beijing,brand_b,online,4,-20.6,2,1,4,5,3
35_44,beijing,brand_c,online,4,17.0,5,2,5,5,1
55_plus,beijing,brand_a,hybrid,4,25.4,4,3,1,4,4
18_24,shanghai,brand_c,offline,1,28.5,4,4,2,1,5
45_54,beijing,brand_a,offline,4,39.6,5,4,4,3,4
35_44,beijing,brand_a,offline,1,37.7,1,2,2,3,3
18_24,shenzhen,brand_c,hybrid,4,-1.2,4,2,4,3,3
25_34,shenzhen,brand_a,hybrid,5,23.2,4,5,3,1,4
18_24,beijing,brand_a,online,4,37.9,5,3,3,3,1
25_34,beijing,brand_b,offline,2,10.0,2,1,2,4,4
25_34,shenzhen,brand_c,hybrid,2,49.3,3,3,3,1,4
55_plus,beijing,brand_a,hybrid,4,38.2,1,1,5,4,5
18_24,chengdu,brand_c,online,4,28.6,1,4,2,2,1
35_44,chengdu,brand_a,online,5,41.9,3,4,5,5,1
35_44,chengdu,brand_b,hybrid,4,18.3,4,1,2,2,3
45_54,beijing,brand_a,offline,4,20.5,5,3,4,3,1
18_24,wuhan,brand_b,hybrid,1,56.3,3,5,1,2,3
25_34,beijing,brand_b,online,5,10.9,1,1,3,5,4
45_54,guangzhou,brand_b,hybrid,1,35.3,4,4,3,3,1
35_44,beijing,brand_c,hybrid,1,31.0,1,4,4,3,4
25_34,guangzhou,brand_a,online,4,21.3,4,2,2,2,5
25_34,shanghai,brand_c,hybrid,2,6.4,3,2,5,1,5
55_plus,chengdu,brand_b,hybrid,4,36.1,3,2,4,5,4
25_34,shanghai,brand_a,offline,1,20.8,1,1,4,2,4
35_44,beijing,brand_b,online,5,55.5,1,4,3,5,2
25_34,shanghai,brand_b,hybrid,1,24.3,1,1,3,2,4
45_54,wuhan,brand_a,online,2,28.9,5,5,5,2,4
35_44,guangzhou,brand_c,hybrid,1,40.7,5,4,3,5,4
25_34,shanghai,brand_c,hybrid,1,49.3,3,4,4,5,3
45_54,wuhan,brand_c,hybrid,2,31.1,2,3,4,4,3
35_44,guangzhou,brand_b,hybrid,5,32.2,1,2,4,2,4
45_54,chengdu,brand_a,online,1,50.7,4,1,5,2,1
45_54,chengdu,brand_b,online,2,41.8,3,3,5,4,2
55_plus,shenzhen,brand_a,hybrid,1,26.1,1,2,5,3,4
45_54,guangzhou,brand_c,hybrid,1,36.8,4,1,2,2,4
35_44,wuhan,brand_a,online,5,29.7,4,1,3,3,3
25_34,guangzhou,brand_c,hybrid,4,66.5,4,4,1,5,1
25_34,guangzhou,brand_b,online,3,21.6,5,3,4,5,2
25_34,chengdu,brand_a,online,3,17.8,5,4,3,3,3
25_34,guangzhou,brand_a,online,4,-19.9,5,1,5,4,4
55_plus,beijing,brand_b,online,3,24.4,3,1,4,5,5
45_54,shanghai,brand_c,hybrid,3,17.7,4,5,5,3,3
18_24,shanghai,brand_a,offline,2,26.7,5,4,1,1,5
55_plus,wuhan,brand_b,online,5,49.1,2,1,1,1,4
18_24,shanghai,brand_a,offline,4,22.1,4,3,2,1,5
35_44,shanghai,brand_a,online,1,26.0,2,3,1,4,3
35_44,shenzhen,brand_c,hybrid,5,52.4,4,5,2,4,5
55_plus,shanghai,brand_c,offline,2,7.7,5,4,4,2,5
25_34,guangzhou,brand_c,online,3,39.3,5,2,4,2,2
45_54,wuhan,brand_b,offline,5,26.2,5,1,2,4,1
35_44,shanghai,brand_b,online,2,47.7,5,4,4,1,1
25_34,shanghai,brand_b,online,4,50.0,4,1,2,4,1
18_24,shenzhen,brand_b,hybrid,3,54.7,5,3,4,2,5
35_44,shanghai,brand_a,hybrid,3,8.0,2,5,4,1,5
18_24,chengdu,brand_c,hybrid,3,8.8,5,2,1,4,4
55_plus,shenzhen,brand_b,hybrid,3,-14.5,3,4,2,2,2
35_44,shenzhen,brand_a,hybrid,2,37.5,5,4,2,5,2
25_34,shenzhen,brand_a,hybrid,5,4.5,1,4,3,5,3
35_44,wuhan,brand_b,online,4,54.3,1,4,1,3,5
55_plus,chengdu,brand_b,online,5,24.3,2,3,3,5,2
18_24,wuhan,brand_a,online,4,35.0,1,3,2,5,3
25_34,guangzhou,brand_b,online,5,0.8,5,4,1,5,4
25_34,shanghai,brand_a,hybrid,4,36.7,1,2,4,1,1
18_24,shanghai,brand_b,offline,1,50.7,2,4,5,2,3
45_54,beijing,brand_a,hybrid,1,39.1,5,3,3,4,1
45_54,chengdu,brand_b,hybrid,5,46.7,3,1,2,2,2
25_34,wuhan,brand_c,online,3,58.0,4,5,5,5,1
45_54,shenzhen,brand_b,online,4,29.7,5,3,1,1,5
35_44,chengdu,brand_c,online,2,36.4,2,4,4,1,1
55_plus,beijing,brand_a,hybrid,3,72.8,2,2,2,3,1
25_34,chengdu,brand_a,offline,3,6.5,3,4,1,3,1
55_plus,shenzhen,brand_a,online,3,67.6,4,2,4,5,4
25_34,wuhan,brand_a,online,3,23.8,2,4,2,2,1
35_44,shanghai,brand_c,online,5,35.8,5,4,5,5,4
25_34,wuhan,brand_b,online,1,86.4,2,1,4,1,1
55_plus,shenzhen,brand_a,offline,5,22.6,1,5,3,3,1
45_54,shenzhen,brand_b,offline,3,66.2,4,2,2,4,5
35_44,wuhan,brand_c,hybrid,1,41.6,4,3,4,3,2
25_34,guangzhou,brand_a,online,3,18.7,2,1,2,4,5
55_plus,shanghai,brand_b,hybrid,5,2.4,3,2,4,1,1
18_24,beijing,brand_b,hybrid,4,35.3,1,1,3,5,4
55_plus,chengdu,brand_a,online,4,-24.0,1,2,1,4,5
45_54,wuhan,brand_a,hybrid,4,-5.2,1,3,3,4,4
18_24,guangzhou,brand_a,hybrid,5,38.3,2,2,5,5,5
25_34,shanghai,brand_a,hybrid,3,45.0,4,2,2,5,3
25_34,beijing,brand_a,online,3,35.7,4,5,3,5,5
25_34,shenzhen,brand_a,online,3,30.8,3,3,5,3,5
35_44,beijing,brand_a,offline,3,52.1,3,3,1,1,5
25_34,wuhan,brand_a,hybrid,3,53.6,5,1,2,2,1
35_44,wuhan,brand_a,hybrid,5,49.3,3,4,3,5,3
25_34,chengdu,brand_a,hybrid,5,47.5,4,1,3,3,2
35_44,chengdu,brand_c,hybrid,1,6.9,5,5,5,3,2
35_44,guangzhou,brand_a,online,3,25.2,3,1,5,4,4
18_24,shanghai,brand_a,online,2,51.9,3,4,3,3,3
18_24,chengdu,brand_b,hybrid,2,14.2,3,2,1,3,2
25_34,shenzhen,brand_b,online,3,26.1,2,5,3,3,4
45_54,shenzhen,brand_c,offline,3,12.9,1,2,3,3,5
45_54,beijing,brand_b,hybrid,5,58.4,3,3,2,4,1
25_34,beijing,brand_a,offline,2,54.2,1,1,4,4,5
18_24,beijing,brand_b,offline,4,44.6,5,1,1,2,4
55_plus,wuhan,brand_b,offline,3,26.1,2,4,5,1,1
45_54,beijing,brand_c,online,5,26.4,5,5,4,1,4
55_plus,beijing,brand_a,online,2,22.6,3,3,1,2,3
45_54,shanghai,brand_a,offline,3,40.0,3,3,5,1,3
25_34,shenzhen,brand_a,online,3,48.2,1,4,3,5,4
45_54,guangzhou,brand_a,hybrid,1,67.3,5,4,5,2,4
45_54,chengdu,brand_c,hybrid,4,37.0,1,2,2,3,4
35_44,shanghai,brand_c,online,2,47.6,4,2,1,4,4
35_44,guangzhou,brand_c,online,2,42.4,2,3,5,2,1
35_44,shanghai,brand_a,offline,3,47.6,2,3,4,1,5
35_44,chengdu,brand_b,offline,2,25.2,2,4,3,1,4
25_34,shenzhen,brand_a,online,3,51.2,2,1,3,5,2
18_24,wuhan,brand_b,hybrid,4,11.4,5,4,2,1,2
45_54,beijing,brand_b,hybrid,4,29.1,5,4,4,2,5
18_24,wuhan,brand_b,hybrid,1,62.3,1,5,5,3,3
25_34,wuhan,brand_b,online,3,74.1,2,4,3,1,3
25_34,shenzhen,brand_a,hybrid,5,33.5,4,2,5,1,4
18_24,guangzhou,brand_a,hybrid,1,53.4,2,2,3,2,2
55_plus,guangzhou,brand_a,hybrid,2,21.1,2,4,4,2,2
25_34,shanghai,brand_a,online,4,26.7,2,1,1,3,4
35_44,guangzhou,brand_c,online,3,-13.6,2,3,2,5,3
35_44,shenzhen,brand_a,hybrid,5,64.9,2,4,4,5,4
35_44,guangzhou,brand_a,offline,3,38.9,1,5,4,2,4
25_34,chengdu,brand_a,hybrid,5,27.3,3,2,4,2,1
25_34,chengdu,brand_c,offline,1,10.6,2,5,4,2,3
45_54,chengdu,brand_a,online,2,41.0,4,1,5,1,3
25_34,shenzhen,brand_a,offline,5,-8.1,5,3,5,5,1
35_44,shanghai,brand_a,online,4,68.4,2,3,1,4,3
45_54,guangzhou,brand_c,hybrid,5,25.0,2,1,4,1,1
25_34,shanghai,brand_a,online,5,30.9,5,3,5,3,5
18_24,wuhan,brand_b,hybrid,5,51.0,4,1,1,2,4
55_plus,shenzhen,brand_b,hybrid,4,50.5,5,2,4,3,3
25_34,wuhan,brand_a,online,5,-14.2,1,2,4,1,2
45_54,chengdu,brand_a,offline,2,-22.7,4,2,2,3,3
35_44,guangzhou,brand_c,offline,4,41.7,2,5,4,4,1
25_34,beijing,brand_a,online,3,15.3,4,4,3,5,3
25_34,shenzhen,brand_a,online,4,34.0,1,5,2,3,1
25_34,beijing,brand_b,online,1,-7.1,2,1,5,5,3
35_44,shenzhen,brand_c,online,4,6.3,2,4,4,3,1
45_54,wuhan,brand_a,hybrid,1,-0.7,3,4,3,1,5
25_34,chengdu,brand_b,online,5,33.0,2,5,2,3,3
35_44,shanghai,brand_a,online,2,28.5,3,1,2,4,2
18_24,beijing,brand_b,hybrid,2,22.8,4,3,5,2,4
25_34,guangzhou,brand_b,hybrid,1,41.4,5,5,3,2,2
35_44,beijing,brand_a,offline,2,31.9,1,4,3,2,1
18_24,guangzhou,brand_b,hybrid,2,1.9,1,5,5,3,1
45_54,shanghai,brand_b,offline,4,7.2,4,5,1,4,3
45_54,guangzhou,brand_b,hybrid,5,-0.2,2,5,3,1,1
25_34,beijing,brand_a,online,4,7.7,4,4,4,4,3
25_34,chengdu,brand_a,online,3,27.1,2,5,1,3,5
25_34,shenzhen,brand_c,hybrid,1,34.8,4,4,3,3,4
25_34,shenzhen,brand_b,online,4,28.9,3,1,4,3,4
35_44,shenzhen,brand_a,offline,4,67.3,1,2,1,1,4
18_24,beijing,brand_c,online,1,21.4,5,5,3,4,3
35_44,shenzhen,brand_b,offline,2,0.3,4,2,4,1,2
25_34,beijing,brand_c,offline,4,9.5,5,1,2,5,3
45_54,shanghai,brand_b,online,1,52.4,4,1,1,4,2
18_24,shenzhen,brand_a,online,1,-4.5,5,2,2,1,5
18_24,guangzhou,brand_b,offline,2,17.9,2,1,2,4,4
45_54,shanghai,brand_a,hybrid,1,70.6,5,3,4,3,3
25_34,shenzhen,brand_b,hybrid,4,34.9,1,1,3,5,5
18_24,guangzhou,brand_a,hybrid,2,-5.4,1,5,3,5,5
18_24,guangzhou,brand_a,hybrid,1,39.2,3,4,2,5,3
55_plus,chengdu,brand_a,hybrid,5,40.4,2,4,2,2,3
35_44,wuhan,brand_b,online,4,21.0,3,2,5,5,4
25_34,shenzhen,brand_a,online,2,0.6,1,5,5,2,2
25_34,shenzhen,brand_a,online,2,-4.0,3,4,3,3,1
35_44,guangzhou,brand_a,online,1,14.2,3,4,4,3,5
55_plus,shanghai,brand_a,online,4,30.8,5,4,2,4,4
25_34,beijing,brand_c,offline,4,-20.9,5,2,2,2,1
35_44,shanghai,brand_c,hybrid,5,15.1,5,4,3,1,3
25_34,guangzhou,brand_b,hybrid,2,25.4,1,4,3,3,1
18_24,guangzhou,brand_a,hybrid,5,17.4,5,5,4,2,3
18_24,shenzhen,brand_a,online,4,37.9,5,2,4,1,5
45_54,chengdu,brand_c,online,3,69.4,1,2,5,1,3
18_24,chengdu,brand_a,offline,4,21.4,1,3,5,2,3
45_54,guangzhou,brand_c,online,2,31.0,5,3,1,1,1
45_54,beijing,brand_b,online,1,65.8,3,5,5,2,2
35_44,guangzhou,brand_a,offline,2,50.0,3,3,2,3,5
18_24,shenzhen,brand_a,online,3,28.4,5,2,5,1,4
35_44,guangzhou,brand_a,online,5,7.5,4,3,3,4,3
45_54,beijing,brand_c,offline,4,28.7,1,1,5,2,2
35_44,shenzhen,brand_a,offline,3,27.4,1,1,5,5,4
25_34,shanghai,brand_c,hybrid,2,41.2,3,3,3,1,4
55_plus,beijing,brand_c,hybrid,4,69.3,1,5,4,4,1
55_plus,shenzhen,brand_b,online,1,81.9,5,2,1,3,5
25_34,chengdu,brand_a,offline,5,72.9,5,5,3,4,5
35_44,shenzhen,brand_b,online,3,20.9,2,4,1,3,1
45_54,beijing,brand_b,hybrid,5,27.3,5,4,5,2,4
25_34,chengdu,brand_c,hybrid,4,43.4,4,1,1,2,4
55_plus,shanghai,brand_a,online,4,24.7,3,2,1,1,5
25_34,wuhan,brand_c,online,4,29.0,3,1,1,1,5
25_34,shanghai,brand_a,hybrid,1,63.9,1,4,2,3,3
45_54,chengdu,brand_c,hybrid,4,44.4,1,4,5,1,3
25_34,shenzhen,brand_b,online,4,62.0,5,2,5,2,3
18_24,shenzhen,brand_b,offline,3,61.3,5,2,4,5,1
35_44,shanghai,brand_c,hybrid,4,29.5,4,3,1,2,2
35_44,beijing,brand_c,offline,3,43.3,2,1,5,4,1
45_54,chengdu,brand_a,online,1,30.1,5,1,3,2,3
45_54,wuhan,brand_c,hybrid,5,41.2,5,3,5,3,4
45_54,wuhan,brand_b,online,5,25.3,2,3,1,5,2
45_54,beijing,brand_a,hybrid,5,15.9,1,3,5,4,4
25_34,shenzhen,brand_c,online,3,23.0,5,2,4,5,3
25_34,shanghai,brand_a,hybrid,1,44.6,4,3,4,5,3
55_plus,shenzhen,brand_c,online,3,23.9,5,2,4,4,1
45_54,wuhan,brand_a,online,3,15.9,5,4,3,5,1
45_54,guangzhou,brand_c,hybrid,2,20.1,1,2,3,2,1
45_54,wuhan,brand_a,hybrid,1,52.7,5,1,3,4,5
25_34,beijing,brand_b,offline,3,54.0,4,3,2,4,4
45_54,guangzhou,brand_c,online,4,47.8,1,3,1,1,3
25_34,wuhan,brand_b,hybrid,2,20.4,4,5,1,5,4
45_54,shenzhen,brand_b,hybrid,3,15.8,2,1,1,4,2
35_44,guangzhou,brand_c,offline,1,21.1,2,1,4,5,3
45_54,chengdu,brand_a,online,2,27.4,1,1,5,1,1
45_54,beijing,brand_a,offline,5,33.7,5,3,4,1,1
35_44,shenzhen,brand_a,offline,3,65.1,2,3,4,2,4
25_34,wuhan,brand_c,online,1,27.0,1,5,5,5,5
35_44,wuhan,brand_c,hybrid,5,23.9,5,3,2,5,4
35_44,wuhan,brand_b,offline,3,3.5,1,2,4,1,5
35_44,chengdu,brand_c,hybrid,2,-26.2,3,4,3,1,1
25_34,shenzhen,brand_c,online,1,43.8,3,4,5,1,2
35_44,shanghai,brand_c,offline,5,15.8,5,3,1,2,4
25_34,beijing,brand_b,hybrid,3,4.8,3,5,5,4,3
45_54,shanghai,brand_b,online,1,22.4,2,5,1,5,2
25_34,wuhan,brand_b,online,3,46.7,4,4,1,3,2
25_34,chengdu,brand_c,online,3,69.1,1,3,1,5,4
25_34,chengdu,brand_b,offline,5,31.5,2,1,4,5,4
45_54,shanghai,brand_a,hybrid,1,57.2,3,1,1,5,1
25_34,chengdu,brand_a,online,3,59.0,1,1,1,3,2
18_24,wuhan,brand_a,online,4,47.4,2,2,5,4,4
25_34,chengdu,brand_c,offline,1,28.6,2,1,1,3,5
55_plus,chengdu,brand_c,online,4,10.9,3,2,2,3,4
35_44,shanghai,brand_b,online,1,11.5,5,2,1,3,1
18_24,shenzhen,brand_b,hybrid,1,52.4,1,5,3,4,3
35_44,shanghai,brand_b,offline,5,20.1,3,2,4,2,4
35_44,chengdu,brand_b,hybrid,2,39.5,2,2,1,3,1
25_34,beijing,brand_a,hybrid,5,41.9,2,2,2,3,2
35_44,guangzhou,brand_b,hybrid,4,22.7,4,1,2,4,3
18_24,shanghai,brand_b,offline,4,43.7,1,3,4,3,1
25_34,chengdu,brand_a,offline,4,27.8,3,1,3,4,2
55_plus,shenzhen,brand_b,offline,2,49.9,2,2,3,2,1
25_34,chengdu,brand_a,offline,5,-7.8,3,4,1,1,4
25_34,guangzhou,brand_a,offline,4,61.2,2,3,3,1,4
55_plus,shanghai,brand_c,hybrid,2,13.3,4,2,3,1,4
25_34,shanghai,brand_a,online,1,46.6,3,4,3,4,1
25_34,guangzhou,brand_c,hybrid,5,24.9,2,2,1,1,2
35_44,beijing,brand_b,hybrid,3,20.7,5,3,3,1,3
35_44,wuhan,brand_a,offline,2,27.7,1,5,1,1,2
25_34,beijing,brand_b,online,1,-9.5,2,2,4,1,5
55_plus,chengdu,brand_b,online,5,36.7,1,4,1,1,3
45_54,beijing,brand_b,online,1,52.8,4,5,2,4,5
45_54,guangzhou,brand_a,offline,1,26.3,4,5,4,2,4
18_24,guangzhou,brand_a,online,5,11.4,2,4,1,1,3
45_54,chengdu,brand_b,offline,1,24.5,3,4,4,3,2
25_34,guangzhou,brand_a,online,2,-16.7,3,4,1,4,3
25_34,shenzhen,brand_b,online,1,44.9,5,2,1,3,2
25_34,wuhan,brand_c,offline,5,21.1,1,4,3,1,4
55_plus,wuhan,brand_b,online,1,-0.4,3,5,2,1,5
18_24,shanghai,brand_a,online,1,65.2,3,4,1,1,1
25_34,shenzhen,brand_c,hybrid,3,47.4,2,5,3,3,2
25_34,wuhan,brand_c,hybrid,2,62.9,1,4,4,1,5
45_54,beijing,brand_a,hybrid,1,41.1,5,5,4,5,3
35_44,shenzhen,brand_c,hybrid,1,31.2,4,5,5,4,2
35_44,beijing,brand_a,online,2,26.6,2,2,3,4,2
18_24,beijing,brand_a,hybrid,3,8.2,4,2,5,2,1
25_34,guangzhou,brand_c,hybrid,1,4.6,3,5,2,3,3
45_54,beijing,brand_a,online,1,9.7,4,3,3,2,1
18_24,guangzhou,brand_c,online,2,34.6,4,5,2,5,4
45_54,shenzhen,brand_b,offline,2,5.1,1,1,1,4,1
45_54,wuhan,brand_b,hybrid,1,53.7,5,4,1,1,2
25_34,shanghai,brand_b,online,3,23.4,4,2,5,2,1
18_24,shenzhen,brand_c,online,1,42.7,5,4,5,5,1
35_44,shanghai,brand_b,offline,5,35.7,2,5,3,1,1
18_24,chengdu,brand_c,online,5,37.9,1,1,2,1,1
35_44,guangzhou,brand_b,online,5,39.8,2,2,4,3,3
18_24,guangzhou,brand_a,hybrid,1,31.1,3,4,4,5,3
18_24,wuhan,brand_b,offline,3,32.3,4,2,2,1,5
25_34,beijing,brand_a,online,4,63.5,3,2,3,1,3
35_44,guangzhou,brand_b,hybrid,3,62.2,5,3,4,1,5
35_44,shenzhen,brand_a,online,1,18.3,4,4,5,4,4
45_54,chengdu,brand_b,offline,4,-6.3,3,3,2,4,4
55_plus,beijing,brand_a,online,5,80.7,3,2,2,3,1
55_plus,guangzhou,brand_a,hybrid,4,73.5,5,4,3,5,4
25_34,shenzhen,brand_b,hybrid,2,27.7,3,1,1,4,1
18_24,wuhan,brand_c,online,4,47.3,5,1,2,1,5
55_plus,beijing,brand_b,hybrid,1,31.5,1,4,2,5,2
25_34,chengdu,brand_b,online,2,19.0,4,1,4,4,2
35_44,shenzhen,brand_a,hybrid,2,8.1,4,3,5,3,4
25_34,shenzhen,brand_a,online,5,47.9,5,3,3,1,5
18_24,shenzhen,brand_c,online,1,58.5,2,3,2,3,1
25_34,shanghai,brand_b,offline,1,57.1,5,3,3,1,4
55_plus,shenzhen,brand_c,hybrid,1,74.0,2,5,4,1,2
45_54,shanghai,brand_b,hybrid,1,59.1,5,3,1,4,4
55_plus,chengdu,brand_b,hybrid,3,52.6,1,3,1,5,5
45_54,wuhan,brand_b,online,3,19.7,2,2,3,4,2
25_34,shenzhen,brand_c,online,5,9.7,2,4,4,5,2
45_54,shanghai,brand_c,offline,4,31.5,5,5,2,4,1
45_54,chengdu,brand_a,hybrid,4,17.5,1,5,5,2,2
35_44,chengdu,brand_b,hybrid,5,90.0,1,2,5,2,3
55_plus,shenzhen,brand_b,hybrid,2,16.8,4,2,4,4,3
55_plus,shenzhen,brand_a,online,1,38.6,1,5,2,1,5
18_24,shenzhen,brand_a,online,1,38.9,5,3,4,2,2
35_44,chengdu,brand_c,hybrid,2,8.2,4,2,4,3,2
35_44,chengdu,brand_c,online,4,23.6,3,5,1,5,2
18_24,wuhan,brand_b,hybrid,4,46.3,5,5,4,2,3
18_24,beijing,brand_a,online,2,22.2,3,1,3,1,3
55_plus,wuhan,brand_b,offline,4,65.9,4,5,2,1,4
35_44,wuhan,brand_b,hybrid,5,7.7,1,4,3,1,3
18_24,beijing,brand_a,online,5,56.3,5,1,5,2,4
25_34,wuhan,brand_c,online,5,76.1,2,2,1,5,1
55_plus,wuhan,brand_c,online,1,24.0,5,3,2,4,1
45_54,shenzhen,brand_b,online,1,43.2,1,2,2,1,5
35_44,chengdu,brand_c,online,4,64.3,1,1,3,2,1
35_44,shenzhen,brand_b,hybrid,4,40.1,1,4,1,3,2
45_54,beijing,brand_b,offline,4,34.2,2,2,2,5,3
25_34,shanghai,brand_b,hybrid,3,30.0,1,1,3,3,2
55_plus,guangzhou,brand_a,online,5,19.4,5,5,4,1,3
45_54,shenzhen,brand_b,offline,2,33.5,5,4,1,4,4
18_24,chengdu,brand_c,hybrid,3,52.5,5,2,3,1,5
25_34,beijing,brand_a,hybrid,2,15.6,5,5,5,2,1
25_34,shanghai,brand_c,hybrid,5,22.3,3,4,5,5,1
35_44,wuhan,brand_a,online,2,46.4,4,4,5,1,2
18_24,chengdu,brand_b,hybrid,1,2.3,5,4,5,2,2
25_34,shanghai,brand_b,online,5,54.7,1,3,4,1,1
18_24,chengdu,brand_c,online,2,15.5,1,5,4,1,3
25_34,chengdu,brand_b,hybrid,5,45.1,3,5,2,1,5
35_44,beijing,brand_a,hybrid,2,50.1,4,5,2,4,4
45_54,shanghai,brand_b,online,1,38.3,3,2,4,3,4
35_44,beijing,brand_c,hybrid,3,26.9,4,2,5,4,2
35_44,shenzhen,brand_b,hybrid,3,17.9,2,3,4,2,3
35_44,wuhan,brand_c,online,1,5.3,2,5,5,5,3
45_54,chengdu,brand_c,hybrid,5,51.3,2,3,2,3,4
18_24,beijing,brand_a,hybrid,1,32.2,2,3,5,5,5
55_plus,wuhan,brand_c,offline,1,60.3,5,2,4,3,4
35_44,guangzhou,brand_a,offline,3,34.7,2,3,2,1,1
25_34,beijing,brand_a,online,4,42.7,5,1,1,4,1
25_34,chengdu,brand_b,hybrid,4,15.1,3,4,1,3,4
45_54,shenzhen,brand_a,hybrid,1,-11.8,4,2,1,5,5
35_44,shenzhen,brand_b,hybrid,5,35.8,2,4,1,1,4
18_24,shanghai,brand_c,online,4,34.1,5,4,3,3,5
35_44,wuhan,brand_c,online,5,39.2,4,2,2,2,2
35_44,shanghai,brand_a,online,1,38.5,4,1,2,5,4
25_34,beijing,brand_a,hybrid,1,45.6,2,2,1,2,5
35_44,beijing,brand_b,online,3,32.6,4,2,1,4,3
35_44,guangzhou,brand_c,hybrid,3,31.8,5,2,3,4,3
18_24,guangzhou,brand_b,hybrid,5,65.2,4,1,2,5,3
45_54,shenzhen,brand_c,offline,1,27.0,5,4,1,3,4
18_24,chengdu,brand_c,hybrid,3,70.2,5,3,2,2,5
35_44,chengdu,brand_a,hybrid,2,64.7,5,2,1,5,2
25_34,beijing,brand_a,online,3,36.2,3,5,5,1,3
45_54,wuhan,brand_b,offline,2,27.4,2,3,3,3,1
18_24,shanghai,brand_a,online,3,27.8,5,2,3,2,2
55_plus,guangzhou,brand_b,hybrid,5,46.2,5,4,2,5,2
45_54,guangzhou,brand_a,online,1,39.9,4,5,2,2,4
35_44,wuhan,brand_b,online,3,52.8,3,3,1,5,3
25_34,wuhan,brand_b,hybrid,1,66.1,1,2,5,5,4
45_54,guangzhou,brand_a,online,2,11.9,4,3,1,1,3
35_44,beijing,brand_a,offline,2,25.4,3,2,4,3,5
25_34,shenzhen,brand_a,offline,3,31.7,2,2,3,3,2
25_34,beijing,brand_b,hybrid,5,27.7,4,3,5,4,2
35_44,chengdu,brand_c,online,2,23.5,3,2,2,3,2
18_24,wuhan,brand_c,hybrid,4,60.6,1,2,5,5,4
35_44,chengdu,brand_c,hybrid,1,38.8,5,1,4,3,1
35_44,chengdu,brand_b,hybrid,4,80.1,4,1,2,2,4
25_34,beijing,brand_a,online,1,17.1,5,4,3,1,5
25_34,shanghai,brand_b,hybrid,4,48.2,3,5,1,1,5
35_44,shanghai,brand_c,online,5,25.5,2,5,4,4,2
45_54,wuhan,brand_c,hybrid,3,48.3,1,3,3,1,5
45_54,beijing,brand_a,hybrid,3,36.3,3,2,4,2,3
25_34,chengdu,brand_a,online,4,26.9,3,3,4,4,1
55_plus,wuhan,brand_c,online,1,45.5,2,5,5,3,2
35_44,guangzhou,brand_c,hybrid,3,40.5,2,1,2,2,3
55_plus,chengdu,brand_b,online,1,35.2,4,3,4,3,5
25_34,beijing,brand_c,online,3,-14.9,2,2,4,1,5
25_34,shenzhen,brand_c,online,5,9.3,4,5,2,4,2
25_34,wuhan,brand_b,online,1,42.3,2,1,3,4,1
35_44,chengdu,brand_c,online,3,17.2,3,2,3,4,2
25_34,guangzhou,brand_b,online,3,54.9,2,4,1,3,5
25_34,shanghai,brand_b,hybrid,4,34.7,2,5,1,5,5
25_34,guangzhou,brand_b,online,2,65.1,5,1,2,3,2
35_44,beijing,brand_b,offline,1,43.0,1,4,3,1,2
55_plus,shenzhen,brand_c,hybrid,5,6.1,3,3,3,2,4
35_44,guangzhou,brand_a,hybrid,2,-0.7,5,2,5,3,3
35_44,chengdu,brand_b,online,3,3.6,5,3,3,5,3
45_54,beijing,brand_a,hybrid,3,35.4,4,3,3,1,4
45_54,shanghai,brand_a,hybrid,5,-23.0,4,4,5,2,2
35_44,chengdu,brand_a,online,2,40.6,1,5,4,2,4
25_34,chengdu,brand_c,online,2,70.2,2,4,3,5,2
45_54,guangzhou,brand_b,offline,2,24.4,1,2,4,1,3
35_44,guangzhou,brand_a,hybrid,3,19.2,4,5,2,1,4
55_plus,shenzhen,brand_b,online,2,42.6,1,1,5,4,1
35_44,beijing,brand_c,hybrid,3,1.2,3,2,4,5,4
35_44,wuhan,brand_c,online,3,51.1,3,4,1,1,5
25_34,guangzhou,brand_b,offline,1,26.0,1,1,1,3,5
35_44,guangzhou,brand_c,offline,5,9.1,5,2,2,5,5
18_24,beijing,brand_b,online,2,60.0,2,2,1,2,1
45_54,wuhan,brand_a,hybrid,2,-11.3,3,1,5,2,4
18_24,chengdu,brand_a,online,5,9.2,4,2,2,1,5
35_44,shenzhen,brand_a,hybrid,1,31.5,5,5,1,5,2
35_44,chengdu,brand_c,offline,3,18.8,2,5,2,3,5
25_34,chengdu,brand_b,hybrid,4,57.9,2,5,2,4,4
25_34,shenzhen,brand_b,hybrid,4,10.2,1,1,1,2,2
35_44,chengdu,brand_b,hybrid,5,18.7,5,3,4,1,4
35_44,shenzhen,brand_b,online,5,12.9,1,3,1,5,3
35_44,chengdu,brand_a,online,4,54.1,5,4,1,3,3
35_44,shenzhen,brand_a,online,3,40.2,3,1,2,3,3
25_34,chengdu,brand_a,hybrid,5,20.8,1,1,2,1,5
45_54,wuhan,brand_c,offline,1,38.3,4,4,3,2,2
18_24,shanghai,brand_a,hybrid,3,29.2,4,5,2,4,1
25_34,shenzhen,brand_c,offline,4,46.4,3,3,1,1,4
18_24,beijing,brand_a,online,1,55.5,3,1,3,1,1
25_34,guangzhou,brand_b,offline,1,43.3,5,1,3,1,5
25_34,beijing,brand_b,online,1,34.5,2,3,5,2,4
18_24,guangzhou,brand_a,online,1,51.6,4,1,2,1,3
45_54,wuhan,brand_c,hybrid,1,59.5,1,4,4,3,4
18_24,wuhan,brand_a,hybrid,4,40.1,2,5,2,3,5
25_34,guangzhou,brand_b,hybrid,5,53.2,3,5,4,2,5
18_24,chengdu,brand_c,hybrid,5,13.0,4,5,5,3,4
18_24,chengdu,brand_a,hybrid,2,30.3,1,2,5,4,4
25_34,chengdu,brand_a,online,5,-36.6,3,1,3,3,3
45_54,beijing,brand_a,online,4,27.5,1,3,4,4,2
45_54,beijing,brand_a,hybrid,5,16.6,2,3,4,1,1
25_34,chengdu,brand_b,online,1,3.7,5,2,5,4,1
35_44,wuhan,brand_c,offline,4,60.8,5,2,2,3,3
35_44,chengdu,brand_c,offline,4,57.8,2,5,2,2,2
25_34,wuhan,brand_a,hybrid,4,30.4,2,1,3,5,5
55_plus,chengdu,brand_b,online,1,40.8,1,1,1,3,5
18_24,wuhan,brand_a,offline,3,-12.2,2,2,1,4,4
45_54,beijing,brand_b,online,1,54.6,2,2,2,1,2
55_plus,chengdu,brand_a,online,5,52.0,1,4,1,3,2
45_54,guangzhou,brand_b,online,3,40.3,3,2,1,4,4
55_plus,guangzhou,brand_a,hybrid,2,43.8,1,4,2,1,2
25_34,beijing,brand_b,online,5,51.1,4,2,3,1,1
25_34,beijing,brand_a,offline,4,11.9,3,3,1,5,2
35_44,shanghai,brand_b,hybrid,2,42.1,1,5,1,1,4
25_34,guangzhou,brand_b,online,3,70.6,5,1,1,5,1
45_54,beijing,brand_b,hybrid,2,54.9,3,5,3,5,5
25_34,shenzhen,brand_b,hybrid,3,5.7,5,5,3,3,4
18_24,chengdu,brand_a,offline,5,38.0,3,1,2,1,5
45_54,chengdu,brand_c,hybrid,4,62.4,5,1,1,1,2
35_44,shenzhen,brand_b,online,1,71.3,5,5,5,4,3
55_plus,chengdu,brand_c,hybrid,1,-0.9,1,4,5,3,4
25_34,beijing,brand_b,hybrid,2,66.2,4,4,5,2,2
25_34,shanghai,brand_b,hybrid,3,12.5,5,2,3,2,4
25_34,chengdu,brand_b,online,5,-3.8,5,4,3,4,4
55_plus,wuhan,brand_b,offline,5,15.1,5,4,2,5,3
45_54,shenzhen,brand_b,offline,1,21.1,3,2,4,2,4
35_44,shanghai,brand_c,offline,1,60.7,4,5,4,2,5
25_34,shanghai,brand_c,online,4,27.6,2,1,4,4,4
35_44,beijing,brand_b,online,2,17.5,3,3,1,1,3
35_44,beijing,brand_b,hybrid,1,49.6,2,5,3,4,2
25_34,chengdu,brand_c,online,5,37.6,5,4,1,3,2
35_44,chengdu,brand_a,offline,4,14.6,2,5,1,5,1
55_plus,chengdu,brand_a,hybrid,4,16.1,4,5,1,1,1
18_24,guangzhou,brand_b,offline,5,23.9,3,4,4,5,4
35_44,chengdu,brand_c,hybrid,3,8.8,4,1,3,1,4
35_44,chengdu,brand_a,hybrid,1,52.0,4,1,1,4,1
25_34,guangzhou,brand_b,online,3,42.7,2,5,5,2,4
35_44,chengdu,brand_c,online,5,31.1,5,4,1,4,5
55_plus,wuhan,brand_c,hybrid,1,8.1,2,3,4,3,1
35_44,chengdu,brand_a,hybrid,5,15.8,2,1,4,3,1
25_34,chengdu,brand_b,hybrid,1,43.5,1,2,5,2,5
45_54,chengdu,brand_c,online,1,57.9,1,4,2,5,5
55_plus,chengdu,brand_a,offline,5,41.2,4,2,2,3,2
45_54,wuhan,brand_b,online,1,23.6,3,5,1,1,2
18_24,chengdu,brand_a,hybrid,3,32.4,5,4,5,5,5
18_24,shenzhen,brand_a,hybrid,2,14.4,2,1,1,4,5
25_34,beijing,brand_a,online,4,36.5,4,4,1,4,4
35_44,shenzhen,brand_a,hybrid,5,16.1,4,1,5,3,3
35_44,chengdu,brand_c,hybrid,1,48.2,1,4,2,5,1
18_24,beijing,brand_b,hybrid,1,64.7,2,4,3,5,1
25_34,beijing,brand_a,online,3,16.8,2,3,4,4,4
25_34,beijing,brand_a,hybrid,3,17.8,2,2,2,2,2
18_24,guangzhou,brand_b,hybrid,1,41.6,5,4,4,4,1
45_54,beijing,brand_c,hybrid,1,-8.7,3,2,1,2,4
25_34,shanghai,brand_a,online,2,22.3,4,1,4,4,1
18_24,chengdu,brand_c,hybrid,2,46.5,1,5,2,4,4
18_24,beijing,brand_a,hybrid,4,75.6,4,5,1,4,3
18_24,beijing,brand_c,hybrid,5,35.8,1,5,1,1,2
25_34,chengdu,brand_a,online,2,15.6,5,5,4,5,5
35_44,shanghai,brand_a,hybrid,4,71.6,4,1,2,5,4
45_54,wuhan,brand_a,online,3,2.3,3,3,3,3,4
18_24,shanghai,brand_b,online,3,44.0,5,5,5,3,1
25_34,shenzhen,brand_a,hybrid,2,27.9,4,1,3,4,5
55_plus,shanghai,brand_a,hybrid,3,40.9,1,4,2,1,5
35_44,chengdu,brand_b,offline,4,12.2,4,5,5,3,1
35_44,shenzhen,brand_b,hybrid,4,4.8,1,3,3,3,4
45_54,shenzhen,brand_c,online,5,54.7,4,1,5,4,3
35_44,guangzhou,brand_a,hybrid,5,32.3,3,3,1,3,2
35_44,shenzhen,brand_b,online,3,65.4,3,5,1,3,4
35_44,shenzhen,brand_a,hybrid,4,29.5,5,1,2,5,1
35_44,wuhan,brand_b,hybrid,2,69.7,5,3,5,5,1
45_54,shanghai,brand_c,online,1,20.1,5,5,4,2,3
45_54,chengdu,brand_b,online,5,47.2,4,4,5,2,3
25_34,shenzhen,brand_c,offline,1,45.3,2,2,5,2,1
25_34,shanghai,brand_b,online,4,33.9,3,2,3,4,5
35_44,shanghai,brand_a,hybrid,4,28.9,1,5,5,5,5
25_34,shenzhen,brand_a,hybrid,1,43.0,3,2,3,2,1
35_44,shenzhen,brand_a,offline,1,53.0,5,2,3,5,2
25_34,beijing,brand_b,hybrid,3,19.2,3,5,2,5,3
45_54,guangzhou,brand_b,offline,1,65.4,2,5,1,4,4
35_44,shanghai,brand_b,offline,1,31.7,1,1,1,2,3
25_34,beijing,brand_c,offline,5,65.1,4,5,1,3,1
35_44,beijing,brand_c,online,2,50.1,3,1,3,4,2
25_34,beijing,brand_a,hybrid,3,-0.7,4,2,5,5,4
18_24,wuhan,brand_a,offline,3,59.6,1,4,1,4,5
45_54,shanghai,brand_c,hybrid,2,79.1,4,1,5,4,4
35_44,shanghai,brand_c,offline,2,51.5,2,1,3,3,3
45_54,shenzhen,brand_a,hybrid,5,27.1,3,4,2,1,1
25_34,wuhan,brand_a,hybrid,4,14.0,4,3,2,5,4
18_24,guangzhou,brand_b,hybrid,3,50.0,1,2,4,1,2
25_34,guangzhou,brand_c,hybrid,2,24.1,5,4,3,3,2
18_24,wuhan,brand_c,hybrid,1,20.6,3,4,5,4,3
35_44,shanghai,brand_b,hybrid,2,22.4,5,5,5,1,3
25_34,beijing,brand_b,online,3,30.0,1,1,3,4,4
35_44,guangzhou,brand_b,hybrid,2,35.5,5,1,2,1,2
35_44,guangzhou,brand_c,hybrid,3,46.8,4,1,2,5,4
35_44,wuhan,brand_a,online,5,16.7,2,3,4,3,1
18_24,beijing,brand_b,hybrid,1,87.8,5,2,1,2,1
35_44,beijing,brand_c,offline,3,54.0,5,2,1,1,2
55_plus,shanghai,brand_b,online,4,74.3,1,3,2,2,2
25_34,beijing,brand_b,hybrid,5,48.5,5,3,2,5,5
35_44,chengdu,brand_a,online,4,36.7,2,3,1,1,1
25_34,beijing,brand_b,hybrid,2,78.8,4,5,3,2,3
18_24,shenzhen,brand_c,online,5,23.5,2,1,3,5,5
35_44,chengdu,brand_a,online,3,40.9,3,4,1,1,2
35_44,guangzhou,brand_a,hybrid,5,22.5,3,5,2,5,3
18_24,shenzhen,brand_a,offline,3,26.5,3,5,2,5,4
25_34,beijing,brand_a,online,4,49.9,5,3,4,4,4
18_24,beijing,brand_a,hybrid,5,29.7,5,4,4,4,2
18_24,shenzhen,brand_b,offline,1,54.5,5,2,5,3,3
45_54,chengdu,brand_a,hybrid,1,5.1,5,5,1,3,2
35_44,chengdu,brand_a,online,5,20.6,3,2,5,3,5
35_44,beijing,brand_b,offline,2,6.4,4,3,3,4,4
18_24,shenzhen,brand_b,hybrid,1,29.1,4,3,1,1,2
18_24,shenzhen,brand_c,online,3,56.1,2,3,2,4,2
35_44,guangzhou,brand_b,hybrid,3,71.7,1,5,1,5,3
55_plus,wuhan,brand_c,hybrid,5,8.1,1,5,1,4,3
35_44,guangzhou,brand_c,online,3,54.6,1,2,1,5,2
25_34,chengdu,brand_b,offline,4,40.0,4,5,4,2,1
45_54,beijing,brand_a,online,2,-32.4,3,1,4,2,4
18_24,shenzhen,brand_a,offline,3,43.5,2,1,3,1,4
25_34,wuhan,brand_c,hybrid,4,19.7,5,3,4,3,1
45_54,shenzhen,brand_a,online,3,70.3,3,2,3,4,4
25_34,wuhan,brand_b,online,1,25.5,3,1,5,1,2
25_34,shenzhen,brand_c,offline,1,43.2,4,1,2,1,4
25_34,beijing,brand_a,offline,3,31.5,4,4,1,4,5
55_plus,shenzhen,brand_b,online,5,36.4,2,4,2,3,3
25_34,wuhan,brand_c,online,1,27.9,2,4,2,1,3
18_24,wuhan,brand_a,offline,5,20.0,1,5,3,2,3
35_44,chengdu,brand_b,online,2,19.0,4,4,4,2,5
35_44,wuhan,brand_b,offline,3,30.1,4,5,5,5,5
35_44,chengdu,brand_b,hybrid,2,57.7,2,1,3,3,1
25_34,shenzhen,brand_b,offline,5,21.5,2,1,4,3,3
18_24,beijing,brand_a,hybrid,5,47.7,2,3,3,3,5
35_44,wuhan,brand_b,offline,2,51.7,2,5,4,4,3
25_34,beijing,brand_b,online,1,12.3,2,1,3,4,2
45_54,shanghai,brand_b,hybrid,1,52.8,3,3,1,1,2
55_plus,shenzhen,brand_c,offline,1,42.0,1,3,4,4,3
25_34,chengdu,brand_b,hybrid,1,22.3,2,5,2,1,1
35_44,chengdu,brand_c,hybrid,4,3.4,1,1,4,5,2
45_54,shenzhen,brand_a,online,1,31.2,5,2,5,1,1
45_54,chengdu,brand_c,hybrid,4,45.6,4,4,5,2,3
25_34,beijing,brand_c,hybrid,3,29.8,3,3,5,3,1
35_44,beijing,brand_b,hybrid,4,47.7,2,3,3,5,3
25_34,wuhan,brand_a,hybrid,2,37.9,4,2,3,3,4
45_54,shenzhen,brand_a,hybrid,2,27.3,2,3,5,3,1
45_54,beijing,brand_a,offline,1,46.2,3,1,2,1,4
35_44,shanghai,brand_c,online,5,20.7,1,4,3,2,1
18_24,guangzhou,brand_a,hybrid,2,34.4,1,2,2,4,3
45_54,chengdu,brand_a,online,3,20.9,5,2,5,3,5
18_24,shenzhen,brand_c,hybrid,2,38.1,1,5,2,5,4
18_24,chengdu,brand_b,offline,3,24.7,4,1,2,5,3
25_34,chengdu,brand_a,hybrid,2,33.9,2,2,4,5,1
35_44,shanghai,brand_a,hybrid,5,27.2,2,5,2,5,5
25_34,shenzhen,brand_c,online,3,45.5,4,1,2,5,1
18_24,shenzhen,brand_a,hybrid,5,50.7,5,5,2,1,2
35_44,beijing,brand_c,online,5,36.2,1,5,3,2,4
35_44,wuhan,brand_c,offline,5,33.7,4,5,2,5,5
45_54,guangzhou,brand_a,offline,2,30.5,1,1,1,4,3
45_54,chengdu,brand_c,online,2,14.4,3,5,2,3,4
25_34,guangzhou,brand_a,offline,3,24.6,1,3,2,2,2
35_44,guangzhou,brand_c,hybrid,3,2.5,2,2,4,4,5
18_24,guangzhou,brand_c,online,3,52.6,2,1,5,1,5
35_44,shenzhen,brand_b,offline,2,77.2,4,3,2,3,4
45_54,beijing,brand_a,hybrid,3,37.9,3,4,2,5,1
18_24,shanghai,brand_b,offline,2,77.7,3,4,4,4,4
25_34,guangzhou,brand_b,online,1,34.2,4,3,3,5,4
45_54,guangzhou,brand_c,offline,4,7.6,2,1,2,4,5
35_44,wuhan,brand_a,online,5,22.9,1,1,3,3,3
25_34,wuhan,brand_c,offline,1,48.8,5,4,3,5,5
18_24,wuhan,brand_a,offline,2,51.7,1,5,5,4,5
45_54,shanghai,brand_a,online,3,59.9,4,1,4,1,1
55_plus,shanghai,brand_b,online,1,31.6,3,4,3,1,4
25_34,beijing,brand_c,hybrid,4,32.9,2,4,1,2,2
25_34,shenzhen,brand_b,hybrid,1,13.5,2,3,3,1,3
18_24,shanghai,brand_b,online,3,41.8,2,2,2,5,1
45_54,beijing,brand_c,online,5,40.9,2,4,5,1,3
18_24,beijing,brand_a,hybrid,5,43.4,5,4,2,5,3
25_34,shanghai,brand_b,hybrid,1,35.4,4,5,1,3,5
45_54,beijing,brand_c,hybrid,3,37.4,4,3,1,5,2
25_34,beijing,brand_c,hybrid,2,8.6,2,2,4,5,2
55_plus,wuhan,brand_b,hybrid,1,-13.0,5,4,4,1,2
35_44,shanghai,brand_b,offline,4,16.1,1,2,4,4,1
25_34,shanghai,brand_c,online,2,27.9,4,4,4,3,2
18_24,wuhan,brand_a,hybrid,2,69.9,1,3,5,2,2
25_34,chengdu,brand_a,hybrid,5,-0.2,2,3,2,4,5
25_34,beijing,brand_a,offline,4,7.5,1,5,3,1,3
35_44,wuhan,brand_a,online,2,-1.9,4,1,5,5,4
25_34,wuhan,brand_c,offline,1,45.4,1,4,3,4,3
35_44,wuhan,brand_a,offline,5,1.8,2,3,5,1,2
35_44,wuhan,brand_c,hybrid,5,25.4,2,2,2,2,5
35_44,beijing,brand_a,online,3,41.5,4,2,4,5,5
35_44,guangzhou,brand_a,online,3,46.6,5,5,5,1,2
45_54,beijing,brand_c,hybrid,5,4.5,5,4,3,5,4
35_44,chengdu,brand_b,hybrid,1,36.8,4,5,2,2,4
25_34,shenzhen,brand_b,hybrid,1,32.6,2,1,4,1,3
18_24,guangzhou,brand_b,hybrid,5,19.7,3,3,5,2,2
55_plus,guangzhou,brand_b,online,5,23.8,2,2,2,3,4
35_44,wuhan,brand_a,offline,5,53.0,3,3,4,4,4
45_54,shenzhen,brand_c,online,1,57.7,2,2,2,1,4
18_24,chengdu,brand_c,offline,3,14.7,2,4,5,3,2
25_34,wuhan,brand_a,hybrid,3,31.7,3,1,5,2,3
45_54,beijing,brand_b,online,2,6.6,1,2,1,3,2
35_44,wuhan,brand_a,online,1,30.2,1,2,2,2,1
45_54,shenzhen,brand_a,hybrid,4,30.7,4,5,2,3,5
25_34,chengdu,brand_c,online,1,31.5,5,5,1,2,5
35_44,beijing,brand_b,hybrid,1,37.0,3,2,2,5,3
55_plus,shanghai,brand_b,offline,3,-1.3,4,4,1,3,5
55_plus,guangzhou,brand_b,offline,5,22.3,5,5,2,4,2
55_plus,shanghai,brand_b,online,5,17.7,2,2,4,3,3
35_44,shenzhen,brand_c,offline,2,13.3,2,5,5,2,1
18_24,shenzhen,brand_a,hybrid,5,46.2,3,2,5,3,4
35_44,guangzhou,brand_b,online,5,27.9,2,5,5,4,1
18_24,beijing,brand_c,offline,5,56.5,3,1,1,2,1
18_24,shenzhen,brand_c,online,1,51.9,2,4,5,4,5
25_34,shanghai,brand_c,offline,4,6.7,2,4,3,3,4
25_34,guangzhou,brand_a,online,3,32.1,1,2,1,1,4
45_54,guangzhou,brand_b,online,5,15.5,1,1,1,3,3
45_54,beijing,brand_a,hybrid,2,14.7,5,2,3,2,1
35_44,guangzhou,brand_c,offline,2,33.7,3,2,5,1,3
35_44,shanghai,brand_a,hybrid,5,59.4,4,3,4,4,5
18_24,wuhan,brand_a,online,3,5.6,2,2,1,4,2
35_44,shanghai,brand_a,hybrid,1,39.1,4,2,1,1,3
25_34,shanghai,brand_b,hybrid,2,23.7,3,5,3,2,3
25_34,shenzhen,brand_b,online,1,30.5,5,1,4,3,5
35_44,wuhan,brand_a,hybrid,3,16.9,2,3,1,3,2
35_44,chengdu,brand_b,hybrid,1,-11.4,5,4,5,5,3
45_54,shanghai,brand_a,online,2,4.2,3,5,3,4,3
35_44,chengdu,brand_a,hybrid,3,42.3,3,5,2,5,4
25_34,guangzhou,brand_a,offline,4,46.0,1,2,1,3,4
25_34,shanghai,brand_c,online,4,18.1,3,3,4,3,4
45_54,wuhan,brand_c,hybrid,3,64.1,2,1,4,3,2
45_54,guangzhou,brand_c,hybrid,2,31.3,4,3,2,3,4
45_54,shenzhen,brand_b,hybrid,1,35.6,3,1,4,2,4
25_34,shanghai,brand_b,hybrid,3,33.1,1,2,5,2,5
25_34,shenzhen,brand_a,hybrid,3,25.9,1,1,5,3,4
35_44,guangzhou,brand_b,hybrid,3,-2.2,1,4,3,1,4
25_34,beijing,brand_c,online,2,33.1,5,3,3,3,5
25_34,wuhan,brand_c,hybrid,5,40.5,1,5,4,5,5
18_24,chengdu,brand_c,hybrid,1,-18.3,3,3,3,4,2
55_plus,beijing,brand_b,hybrid,5,6.0,4,3,5,3,5
18_24,beijing,brand_c,hybrid,4,6.3,4,2,3,1,3
45_54,shenzhen,brand_b,offline,1,66.4,2,5,3,4,5
55_plus,guangzhou,brand_a,hybrid,3,41.3,3,1,5,4,2
25_34,beijing,brand_a,offline,3,33.4,1,1,1,2,5
25_34,shanghai,brand_a,hybrid,2,-3.5,3,3,3,1,5
35_44,shanghai,brand_c,hybrid,4,37.6,3,5,5,3,3
35_44,chengdu,brand_c,offline,4,58.3,4,1,2,2,4
18_24,guangzhou,brand_c,online,1,39.0,4,1,5,2,3
35_44,shenzhen,brand_a,hybrid,4,15.4,5,1,1,2,3
45_54,chengdu,brand_c,hybrid,1,13.1,1,4,3,4,1
18_24,beijing,brand_c,online,5,14.7,4,5,5,3,1
35_44,guangzhou,brand_a,hybrid,5,38.8,3,5,2,3,3
25_34,guangzhou,brand_a,online,4,27.9,1,5,3,5,4
45_54,guangzhou,brand_c,hybrid,4,43.6,1,5,1,5,2
25_34,beijing,brand_b,hybrid,5,35.0,3,4,2,2,1
35_44,shenzhen,brand_b,online,3,59.0,2,4,1,3,1
25_34,chengdu,brand_c,online,4,40.6,5,2,1,4,5
25_34,chengdu,brand_c,hybrid,2,22.2,2,3,2,3,5
35_44,shanghai,brand_c,hybrid,1,17.9,3,3,4,3,3
25_34,beijing,brand_c,hybrid,3,45.4,3,2,5,3,1
35_44,guangzhou,brand_b,online,5,70.8,5,1,4,2,5
25_34,shanghai,brand_b,hybrid,3,17.7,1,1,5,5,5
18_24,shenzhen,brand_a,online,5,14.6,2,4,5,3,5
25_34,guangzhou,brand_c,offline,4,54.0,2,4,3,4,3
25_34,guangzhou,brand_b,hybrid,1,-3.0,2,4,3,2,2
25_34,shanghai,brand_c,hybrid,2,33.4,3,3,2,2,1
25_34,guangzhou,brand_b,hybrid,4,12.7,4,4,1,5,4
18_24,shanghai,brand_c,online,2,43.3,1,1,4,4,2
35_44,shenzhen,brand_a,online,1,18.3,4,4,4,3,1
25_34,chengdu,brand_c,offline,5,28.3,2,1,1,2,2
18_24,guangzhou,brand_a,hybrid,4,24.8,2,5,1,5,5
18_24,shenzhen,brand_a,hybrid,4,20.3,3,3,1,5,3
25_34,chengdu,brand_c,offline,1,22.3,2,4,2,3,3
45_54,shanghai,brand_a,offline,1,35.4,4,5,4,1,4
18_24,wuhan,brand_c,online,1,56.1,3,1,2,1,2
18_24,wuhan,brand_c,online,5,41.8,5,2,1,2,5
25_34,shenzhen,brand_b,hybrid,5,33.8,3,1,2,5,3
25_34,wuhan,brand_a,hybrid,4,27.0,4,5,5,3,1
45_54,beijing,brand_b,online,2,33.0,2,5,5,5,3
25_34,chengdu,brand_c,online,1,67.0,2,3,4,2,1
18_24,guangzhou,brand_c,hybrid,4,12.1,3,4,1,4,5
35_44,shenzhen,brand_b,online,1,46.6,5,3,2,1,1
25_34,shanghai,brand_a,hybrid,3,54.0,1,2,3,1,1
25_34,shanghai,brand_a,online,4,50.3,5,5,5,2,2
45_54,shenzhen,brand_c,offline,5,42.5,2,5,5,1,5
25_34,shanghai,brand_a,hybrid,4,19.7,2,1,3,3,2
18_24,guangzhou,brand_a,online,2,28.4,2,3,4,2,2
25_34,shanghai,brand_b,offline,2,8.2,1,4,2,3,5
18_24,beijing,brand_b,online,4,13.8,4,2,1,4,5
25_34,shenzhen,brand_a,hybrid,3,20.5,2,5,2,5,3
18_24,shenzhen,brand_c,online,2,28.7,5,1,3,2,5
25_34,guangzhou,brand_a,hybrid,5,26.9,5,2,3,2,3
45_54,beijing,brand_a,offline,1,31.2,3,4,1,3,3
35_44,beijing,brand_c,hybrid,3,35.5,5,3,3,2,5
25_34,wuhan,brand_c,online,2,27.6,3,1,2,1,4
45_54,beijing,brand_a,online,2,37.6,2,4,4,3,1
35_44,shenzhen,brand_b,online,4,43.3,3,4,1,1,5
25_34,guangzhou,brand_a,online,1,35.0,5,2,5,5,3
45_54,shanghai,brand_b,offline,3,37.2,5,1,4,1,5
25_34,beijing,brand_b,online,1,50.1,1,5,1,3,2
25_34,chengdu,brand_b,offline,5,20.3,3,1,4,5,3
35_44,beijing,brand_c,hybrid,2,-15.0,1,5,1,3,3
25_34,chengdu,brand_a,hybrid,5,21.5,3,5,2,2,5
18_24,beijing,brand_c,online,4,-2.0,3,1,5,4,3
25_34,shenzhen,brand_a,offline,5,41.4,5,3,3,4,4
18_24,shenzhen,brand_a,hybrid,2,-4.7,2,3,1,2,5
25_34,guangzhou,brand_c,offline,4,34.6,4,1,5,3,1
18_24,wuhan,brand_c,hybrid,5,51.4,5,2,2,3,4
25_34,wuhan,brand_a,offline,5,58.7,2,3,5,4,2
45_54,shanghai,brand_b,online,5,36.5,2,1,2,2,1
55_plus,shanghai,brand_b,online,4,34.2,2,1,3,5,4
35_44,chengdu,brand_a,hybrid,3,59.0,5,5,2,5,4
25_34,wuhan,brand_a,hybrid,2,12.9,4,4,2,3,2
35_44,chengdu,brand_c,online,5,21.0,4,2,5,2,2
25_34,guangzhou,brand_b,online,5,31.8,3,3,2,4,4
18_24,shenzhen,brand_b,online,2,5.0,3,5,3,4,2
55_plus,chengdu,brand_c,offline,3,48.3,3,1,1,3,1
55_plus,wuhan,brand_b,online,4,34.5,3,4,1,4,5
35_44,wuhan,brand_b,hybrid,4,42.5,2,1,5,1,4
25_34,beijing,brand_a,online,1,33.0,1,2,1,3,3
25_34,wuhan,brand_b,online,2,4.6,4,1,5,1,2
45_54,beijing,brand_b,online,4,60.9,3,4,3,3,3
18_24,chengdu,brand_c,online,1,40.6,4,4,4,2,3
35_44,wuhan,brand_a,online,1,7.0,2,1,3,4,5
45_54,shenzhen,brand_a,hybrid,5,8.6,2,2,2,5,5
35_44,shenzhen,brand_b,online,1,39.1,4,3,2,4,5
35_44,shanghai,brand_b,hybrid,3,12.8,4,1,4,5,1
18_24,beijing,brand_b,offline,1,42.4,5,4,1,5,4
25_34,guangzhou,brand_b,offline,4,26.5,4,2,1,3,3
18_24,chengdu,brand_b,offline,2,33.2,1,2,4,5,4
35_44,wuhan,brand_a,offline,5,43.9,2,4,5,2,4
25_34,wuhan,brand_c,online,3,55.7,4,4,3,3,3
45_54,shenzhen,brand_b,offline,3,36.7,5,1,2,5,1
18_24,shanghai,brand_c,online,2,41.6,1,1,3,3,3
25_34,chengdu,brand_a,online,5,43.2,3,2,2,5,1
55_plus,shanghai,brand_b,hybrid,4,12.6,4,5,4,2,3
35_44,chengdu,brand_a,offline,3,43.3,5,3,4,2,4
35_44,beijing,brand_a,hybrid,1,17.2,5,2,2,1,5
35_44,wuhan,brand_b,hybrid,2,1.9,5,2,2,2,2
25_34,wuhan,brand_c,offline,5,63.1,5,3,1,1,5
45_54,guangzhou,brand_b,offline,3,65.7,2,1,1,3,2
35_44,beijing,brand_b,hybrid,3,-6.1,4,1,3,5,3
25_34,shanghai,brand_b,offline,3,28.9,3,4,2,4,3
55_plus,guangzhou,brand_b,hybrid,1,25.4,3,3,4,5,3
18_24,guangzhou,brand_b,online,1,32.9,3,2,1,5,4
45_54,chengdu,brand_a,hybrid,3,90.0,1,4,4,1,2
35_44,shenzhen,brand_c,hybrid,2,16.5,3,5,2,2,2
25_34,wuhan,brand_a,online,3,34.0,2,2,2,1,1
55_plus,beijing,brand_b,online,5,50.0,4,5,1,5,3
45_54,beijing,brand_b,hybrid,5,40.2,1,2,5,3,2
45_54,beijing,brand_c,offline,2,40.9,5,1,4,3,4
35_44,chengdu,brand_b,online,1,40.6,3,1,4,3,2
18_24,shenzhen,brand_a,online,4,45.8,5,4,4,1,5
35_44,shenzhen,brand_b,hybrid,5,18.6,4,1,5,3,2
45_54,beijing,brand_a,hybrid,1,65.1,1,1,5,3,2
55_plus,chengdu,brand_b,hybrid,4,17.0,4,4,2,2,4
25_34,shanghai,brand_c,online,1,57.2,3,3,1,2,3
35_44,shanghai,brand_b,online,4,35.3,5,2,4,3,1
18_24,guangzhou,brand_a,hybrid,4,53.0,5,5,1,2,1
35_44,beijing,brand_c,online,1,26.8,5,4,3,3,1
55_plus,beijing,brand_c,hybrid,4,35.6,3,2,5,1,2
45_54,chengdu,brand_a,hybrid,3,20.9,2,5,3,4,3
25_34,beijing,brand_b,hybrid,2,17.0,4,4,4,2,2
35_44,chengdu,brand_a,hybrid,4,26.4,5,1,1,1,2
45_54,guangzhou,brand_b,offline,2,-21.4,5,1,4,5,4
25_34,guangzhou,brand_c,hybrid,2,68.5,4,5,4,3,3
35_44,chengdu,brand_b,online,5,51.8,2,1,3,2,5
25_34,guangzhou,brand_c,online,3,46.5,4,2,1,2,3
45_54,beijing,brand_a,offline,1,6.3,4,1,2,2,1
55_plus,chengdu,brand_a,hybrid,2,15.2,3,2,1,5,4
25_34,guangzhou,brand_c,online,1,55.2,4,3,4,3,1
55_plus,wuhan,brand_c,hybrid,3,32.5,4,3,5,2,2
18_24,guangzhou,brand_b,offline,1,15.1,3,1,1,3,1
25_34,chengdu,brand_a,hybrid,5,8.9,2,2,3,2,5
18_24,shanghai,brand_a,offline,1,55.7,5,1,4,2,1
45_54,wuhan,brand_c,online,2,6.7,4,5,4,1,3
18_24,shanghai,brand_a,offline,3,24.2,4,1,4,3,3
35_44,shanghai,brand_c,offline,3,37.5,5,5,2,5,1
25_34,shanghai,brand_b,offline,1,4.7,4,4,3,3,2
25_34,beijing,brand_a,hybrid,2,25.1,2,2,4,3,3
18_24,chengdu,brand_c,online,1,21.5,2,3,1,3,5
35_44,chengdu,brand_b,offline,3,11.9,4,2,3,3,5
45_54,beijing,brand_c,offline,4,-9.5,5,2,5,5,4
35_44,beijing,brand_b,online,5,46.6,3,2,1,5,3
55_plus,chengdu,brand_b,offline,1,58.6,5,5,1,2,1
45_54,beijing,brand_b,hybrid,2,32.9,5,3,4,3,2
25_34,shanghai,brand_c,offline,1,35.6,4,5,4,5,2
55_plus,shenzhen,brand_a,hybrid,2,4.2,2,3,1,5,4
25_34,guangzhou,brand_a,online,3,43.2,2,5,1,1,4
25_34,shanghai,brand_c,offline,3,70.5,2,4,5,3,4
25_34,shanghai,brand_c,hybrid,4,22.1,1,1,2,2,4
25_34,shanghai,brand_b,hybrid,5,72.7,1,3,1,3,3
45_54,chengdu,brand_a,offline,1,31.3,3,5,5,1,5
25_34,beijing,brand_a,hybrid,4,27.1,3,1,4,2,4
35_44,shanghai,brand_b,online,5,-7.5,3,2,2,1,3
18_24,wuhan,brand_b,hybrid,4,14.2,1,1,3,3,5
55_plus,beijing,brand_c,online,4,39.0,3,4,1,1,2
18_24,guangzhou,brand_a,offline,3,-5.6,1,2,2,4,2
35_44,chengdu,brand_b,online,3,46.2,5,1,5,4,4
18_24,beijing,brand_a,offline,4,42.2,2,4,1,3,3
55_plus,wuhan,brand_b,hybrid,3,43.7,5,5,1,1,5
25_34,wuhan,brand_c,online,5,52.2,4,5,1,4,5
18_24,chengdu,brand_c,online,4,0.6,2,5,3,5,5
35_44,beijing,brand_b,hybrid,2,40.5,1,1,3,5,4
45_54,wuhan,brand_a,hybrid,2,4.8,3,5,5,4,5
18_24,shanghai,brand_a,online,4,51.6,5,2,2,3,1
45_54,shanghai,brand_a,hybrid,1,29.0,3,1,2,4,3
25_34,shanghai,brand_b,online,1,34.3,5,3,3,4,3
45_54,chengdu,brand_b,hybrid,4,22.0,3,4,4,5,2
55_plus,wuhan,brand_c,offline,3,32.0,1,2,4,4,3
45_54,wuhan,brand_a,online,4,16.0,1,3,2,5,1
25_34,shenzhen,brand_a,offline,4,47.2,3,2,2,1,4
25_34,shenzhen,brand_c,offline,1,70.5,1,3,5,1,5
45_54,chengdu,brand_c,hybrid,2,39.2,4,3,1,4,1
25_34,chengdu,brand_b,offline,4,31.0,5,2,1,4,5
18_24,guangzhou,brand_b,hybrid,2,49.7,4,5,1,2,5
45_54,chengdu,brand_c,offline,2,43.4,1,3,1,4,5
18_24,shanghai,brand_a,online,4,43.4,5,2,1,3,4
45_54,chengdu,brand_b,hybrid,2,13.0,2,3,2,1,3
18_24,shanghai,brand_b,hybrid,1,67.5,1,3,4,5,5
18_24,shenzhen,brand_a,online,5,54.8,3,5,1,2,1
25_34,guangzhou,brand_a,hybrid,4,40.0,3,1,5,3,4
18_24,shenzhen,brand_b,online,5,45.1,3,4,3,2,2
45_54,shenzhen,brand_b,hybrid,4,55.1,4,3,1,1,2
35_44,shenzhen,brand_a,online,5,34.9,3,4,1,2,1
45_54,beijing,brand_a,offline,5,-24.0,3,2,1,2,1
35_44,shenzhen,brand_b,hybrid,5,36.1,3,3,3,4,2
18_24,shanghai,brand_c,hybrid,3,38.8,5,1,3,4,3
18_24,beijing,brand_b,hybrid,4,40.4,5,2,1,4,4
25_34,chengdu,brand_c,offline,3,56.2,2,3,1,5,5
35_44,beijing,brand_a,hybrid,4,32.5,5,1,5,2,2
25_34,shenzhen,brand_a,online,1,18.9,2,3,3,4,2
25_34,guangzhou,brand_a,hybrid,5,47.9,3,3,3,3,3
45_54,shanghai,brand_b,hybrid,5,10.9,5,4,1,4,2
25_34,wuhan,brand_c,offline,2,52.2,1,5,1,3,3
25_34,chengdu,brand_c,online,4,17.4,2,1,1,5,5
18_24,shenzhen,brand_a,hybrid,1,52.0,4,3,2,1,1
25_34,guangzhou,brand_a,offline,2,56.0,3,3,1,4,3
18_24,wuhan,brand_a,hybrid,5,13.7,2,5,3,3,3
25_34,shenzhen,brand_a,hybrid,4,-6.0,5,5,3,3,2
25_34,shenzhen,brand_c,online,4,27.4,4,4,1,1,4
35_44,wuhan,brand_b,hybrid,5,41.8,3,2,3,2,4
18_24,shanghai,brand_a,hybrid,3,4.9,5,4,1,1,2
35_44,shanghai,brand_b,online,2,19.7,2,4,3,4,2
35_44,beijing,brand_b,offline,5,59.1,3,4,5,4,5
25_34,shenzhen,brand_a,hybrid,3,19.9,2,4,4,1,2
45_54,guangzhou,brand_c,online,2,50.3,4,4,5,5,4
55_plus,guangzhou,brand_c,offline,5,45.8,3,3,1,2,3
55_plus,wuhan,brand_a,online,5,46.7,5,1,2,4,5
25_34,shanghai,brand_a,hybrid,2,39.6,3,1,1,3,1
45_54,shenzhen,brand_a,hybrid,5,35.0,3,5,3,3,4
25_34,guangzhou,brand_b,hybrid,5,2.8,4,3,2,4,1
55_plus,wuhan,brand_b,hybrid,1,22.0,5,5,4,1,4
18_24,beijing,brand_c,offline,1,-0.1,3,3,3,1,3
25_34,guangzhou,brand_a,hybrid,2,9.5,3,2,2,2,1
25_34,shanghai,brand_b,hybrid,4,27.8,5,5,4,2,2
35_44,chengdu,brand_b,offline,2,66.2,3,3,4,4,3
35_44,chengdu,brand_b,offline,5,25.6,2,2,2,1,4
25_34,shenzhen,brand_a,online,4,-2.7,2,5,1,1,3
45_54,chengdu,brand_a,offline,3,-5.6,1,5,4,1,1
55_plus,beijing,brand_c,online,4,17.1,1,5,5,3,1
25_34,guangzhou,brand_b,online,4,37.6,5,4,5,4,1
25_34,beijing,brand_a,online,2,12.7,2,1,4,3,1
25_34,guangzhou,brand_a,offline,1,57.0,4,2,4,2,3
35_44,chengdu,brand_c,online,3,17.8,1,3,4,1,3
45_54,chengdu,brand_a,online,3,37.8,4,2,1,1,5
25_34,shenzhen,brand_a,hybrid,5,-2.7,5,3,4,2,2
35_44,guangzhou,brand_a,offline,1,55.0,4,4,5,1,3
25_34,wuhan,brand_c,hybrid,2,62.1,1,3,4,3,1
35_44,chengdu,brand_b,online,3,12.9,2,1,5,3,4
35_44,shenzhen,brand_a,hybrid,5,72.1,1,2,5,1,1
45_54,shenzhen,brand_c,online,5,9.1,3,1,2,2,1
45_54,beijing,brand_a,online,2,36.3,2,2,3,2,2
25_34,shenzhen,brand_a,hybrid,4,29.6,4,5,3,2,1
35_44,wuhan,brand_a,hybrid,5,0.6,2,1,4,2,2
18_24,chengdu,brand_a,hybrid,4,20.8,5,1,3,3,3
45_54,shenzhen,brand_b,offline,2,27.3,4,1,1,2,3
25_34,chengdu,brand_b,offline,2,13.2,3,5,1,5,2
55_plus,shanghai,brand_c,hybrid,5,-13.4,3,4,4,1,5
25_34,guangzhou,brand_c,hybrid,2,-5.2,4,5,4,3,1
35_44,guangzhou,brand_a,online,2,34.7,4,5,1,2,1
25_34,shanghai,brand_b,hybrid,4,24.6,2,3,2,2,3
25_34,beijing,brand_b,online,3,13.3,5,1,5,5,4
25_34,beijing,brand_c,hybrid,2,30.2,4,5,3,5,4
35_44,wuhan,brand_c,online,2,4.8,4,3,4,4,2
55_plus,shanghai,brand_b,hybrid,5,62.7,4,5,4,2,3
55_plus,wuhan,brand_a,hybrid,2,66.3,4,3,4,2,3
18_24,guangzhou,brand_a,offline,2,59.3,4,1,4,4,4
25_34,wuhan,brand_a,hybrid,4,42.3,3,2,4,4,3
25_34,shanghai,brand_a,online,5,49.2,5,5,5,2,3
25_34,beijing,brand_b,hybrid,3,55.7,3,2,4,4,3
35_44,wuhan,brand_c,online,3,76.9,4,3,2,1,3
25_34,shanghai,brand_a,offline,1,55.5,1,5,3,5,1
25_34,wuhan,brand_a,hybrid,3,29.2,5,3,2,5,1
18_24,beijing,brand_c,hybrid,4,45.5,4,1,3,4,4
25_34,guangzhou,brand_c,hybrid,3,33.0,1,2,1,3,1
25_34,beijing,brand_a,hybrid,5,36.5,4,2,1,4,2
55_plus,chengdu,brand_b,online,3,35.4,4,3,2,3,4
35_44,shanghai,brand_a,online,5,35.4,1,3,1,1,3
35_44,shanghai,brand_c,offline,2,32.4,4,5,3,4,3
25_34,guangzhou,brand_a,hybrid,1,19.8,5,5,2,1,5
25_34,shanghai,brand_a,offline,2,77.4,4,4,4,2,3
55_plus,shanghai,brand_c,offline,5,59.2,5,4,5,5,1
45_54,wuhan,brand_c,offline,2,37.6,2,5,4,2,1
35_44,beijing,brand_a,online,5,26.2,5,1,1,3,2
45_54,shenzhen,brand_a,online,5,41.9,5,2,1,5,5
35_44,beijing,brand_a,hybrid,1,34.2,2,1,3,4,3
25_34,beijing,brand_c,online,2,49.5,2,1,4,5,1
55_plus,wuhan,brand_b,offline,2,44.6,5,1,2,1,3
25_34,wuhan,brand_c,offline,3,-9.3,5,3,5,5,3
45_54,chengdu,brand_b,online,5,49.2,1,2,2,1,4
25_34,shanghai,brand_b,hybrid,3,50.8,1,2,5,2,4
45_54,wuhan,brand_a,hybrid,2,17.6,1,3,2,1,1
