building_area_sqm,occupancy,outside_temp_c,equipment_hours_day,humidity_pct,insulation_level,building_type,tariff_period,energy_kwh
2348.7,129,29.1,14.0,62.4,medium,hospital,off_peak,2727.8
1344.7,296,26.4,11.7,48.9,high,hospital,peak,2597.57
2255.3,211,17.3,9.4,30.3,medium,hospital,flat,2637.03
2876.1,183,16.2,10.4,46.3,medium,school,flat,2917.31
2279.3,257,13.6,15.2,33.7,high,retail,peak,3174.84
1424.6,276,33.4,15.1,42.4,high,school,peak,2733.23
1265.5,235,27.9,10.7,51.7,low,office,flat,2178.3
1091.3,281,11.5,16.6,48.1,medium,school,off_peak,2464.56
2020.7,301,29.4,12.7,50.2,medium,school,flat,2884.58
3098.7,98,11.8,14.2,36.4,medium,office,peak,3208.09
633.0,190,19.8,24.0,52.3,medium,school,peak,2395.52
1430.9,89,0.3,14.9,49.6,low,office,flat,2202.76
2243.2,269,9.9,11.3,54.5,high,retail,peak,2878.37
2191.0,15,16.5,20.8,70.4,low,hospital,peak,2597.72
1963.4,132,16.4,13.6,69.8,medium,office,flat,2388.66
2726.9,42,25.7,11.4,47.9,medium,school,flat,2526.41
2746.0,318,23.5,10.1,50.4,medium,school,peak,3290.51
3471.9,221,17.7,18.8,59.7,low,office,flat,3766.82
3998.9,303,25.4,10.2,50.3,low,office,flat,4012.11
2876.7,210,21.8,13.4,66.9,low,hospital,peak,3382.43
4161.7,51,33.8,14.0,49.5,medium,retail,flat,3651.74
2662.3,300,19.5,6.5,57.8,medium,school,flat,3057.76
2995.1,33,17.7,18.8,63.6,low,retail,peak,3104.87
1808.8,141,27.4,14.3,54.2,high,retail,peak,2509.82
1362.9,177,20.4,9.7,44.1,high,office,flat,1974.67
2059.9,256,14.7,13.9,50.6,medium,office,flat,2911.25
3469.5,48,15.9,12.8,76.0,low,hospital,off_peak,3149.55
870.8,84,18.6,10.7,60.0,medium,office,flat,1268.16
3458.8,97,32.9,15.0,37.3,high,office,flat,3139.79
2502.0,156,14.2,7.7,49.4,medium,retail,peak,2502.28
1069.4,166,26.3,9.8,52.7,medium,retail,flat,1906.38
2736.8,17,11.6,14.8,50.0,medium,retail,peak,2730.78
1888.7,267,16.4,13.1,61.6,medium,hospital,off_peak,2722.86
2234.1,38,15.4,14.0,46.9,medium,hospital,off_peak,2273.96
2351.0,113,17.5,7.4,41.2,high,hospital,peak,2368.88
2337.7,209,22.2,14.4,42.0,medium,office,flat,2860.28
973.2,310,28.9,19.9,43.9,medium,hospital,off_peak,2892.19
2597.6,165,32.8,8.1,38.9,low,hospital,flat,2766.3
2423.8,101,15.6,9.6,49.3,medium,hospital,flat,2433.24
3449.3,271,9.8,12.2,49.0,high,school,flat,3684.34
2844.1,139,-1.8,18.7,65.4,medium,retail,peak,3513.1
3467.5,191,37.1,12.0,52.8,high,school,off_peak,3279.98
2084.1,280,27.0,11.3,56.7,medium,office,flat,2743.72
3424.5,80,23.4,11.4,62.6,high,school,off_peak,2994.95
3217.8,202,13.5,14.7,61.2,high,retail,flat,3455.79
1006.6,128,7.7,17.1,42.8,medium,hospital,peak,2363.34
2702.9,104,13.5,14.4,30.5,high,retail,peak,2881.24
2177.2,106,24.6,17.9,53.1,medium,retail,peak,2740.85
1412.7,105,16.2,9.7,41.9,medium,school,peak,1791.18
2401.4,191,7.7,17.9,67.6,low,office,flat,3192.07
2623.4,111,16.2,9.8,50.3,medium,school,off_peak,2570.32
1472.6,182,30.1,10.8,53.0,low,office,flat,2239.8
2304.1,229,26.3,14.0,44.9,high,school,flat,2818.71
1229.0,68,15.1,16.1,53.2,high,hospital,flat,2037.32
3630.6,220,4.4,12.7,50.2,medium,school,peak,3936.62
2894.3,141,34.2,18.7,55.0,medium,office,flat,3374.56
2731.5,172,24.1,10.7,42.8,high,office,off_peak,2616.24
1756.4,34,30.2,7.2,51.4,medium,hospital,off_peak,1896.64
2376.3,132,3.9,12.1,64.3,low,office,flat,2888.9
2974.7,175,26.8,16.8,64.7,high,office,flat,3128.68
3285.2,117,8.4,19.0,45.3,high,school,off_peak,3366.93
1831.8,265,3.1,4.0,41.0,medium,retail,off_peak,2499.9
2947.5,194,6.5,15.6,49.9,low,hospital,off_peak,3301.24
3441.4,13,11.4,13.7,38.4,high,school,off_peak,2883.18
2366.9,44,-2.6,12.1,56.1,low,retail,flat,2549.09
3163.0,293,21.1,15.4,61.2,medium,office,peak,3713.2
2312.7,144,27.2,11.4,69.9,high,retail,peak,2758.64
2675.3,61,27.0,18.3,48.8,medium,retail,flat,2806.74
2396.4,111,12.1,12.3,53.6,high,school,flat,2481.3
1431.2,73,24.7,14.3,78.9,high,office,peak,1906.32
3134.7,185,13.5,17.3,45.0,low,hospital,flat,3550.02
1869.4,125,24.4,18.9,65.4,high,office,peak,2491.67
1578.3,41,25.8,14.4,39.1,low,hospital,off_peak,2007.34
2699.8,205,21.1,14.7,46.5,low,office,off_peak,2962.96
2317.8,177,8.8,12.4,52.7,high,school,off_peak,2708.79
2871.6,140,13.7,20.6,73.6,low,hospital,flat,3403.65
1221.9,48,11.5,18.1,58.4,low,retail,flat,2209.09
2007.5,277,16.1,10.0,62.5,high,retail,peak,2596.37
2590.0,170,16.1,21.6,59.7,medium,hospital,off_peak,3255.75
2210.2,17,19.8,16.1,52.3,medium,retail,off_peak,2321.6
1445.8,151,-5.7,11.3,57.4,medium,hospital,off_peak,2285.7
1412.3,138,22.2,13.3,59.4,low,office,flat,2033.0
3674.9,165,29.1,14.1,59.8,high,office,peak,3360.68
2268.9,130,23.0,7.7,48.4,medium,office,off_peak,2375.03
3093.9,239,23.0,14.2,42.5,high,office,peak,3547.59
1733.5,81,11.6,19.1,27.0,medium,school,peak,2274.85
3281.0,101,26.1,15.8,51.6,medium,office,flat,3157.88
2576.6,94,26.2,17.6,55.5,high,retail,flat,2824.93
2880.9,288,4.5,10.5,67.8,high,office,peak,3496.03
2226.4,202,21.0,15.6,44.1,high,office,off_peak,2642.26
3499.0,177,9.6,6.5,55.5,low,office,flat,3095.29
2189.2,178,18.9,10.0,60.7,high,school,peak,2550.64
2087.8,234,35.2,23.1,48.3,medium,hospital,flat,3462.48
2104.3,268,24.5,17.8,45.7,medium,retail,peak,3119.52
2536.9,71,27.4,4.2,57.0,high,office,flat,1993.76
2917.7,235,5.4,9.3,71.1,medium,office,flat,3241.28
2380.5,152,21.2,15.0,50.4,medium,retail,off_peak,2744.33
2331.0,39,6.7,8.3,45.6,medium,school,off_peak,2333.91
1708.9,131,19.4,11.4,72.5,medium,hospital,off_peak,2138.1
3231.5,144,20.0,17.3,58.8,high,school,flat,3020.16
1689.5,312,22.7,11.6,54.6,medium,retail,flat,2690.34
3100.3,269,18.8,13.6,46.1,low,hospital,flat,3626.74
3524.2,219,20.5,15.3,65.8,medium,office,flat,3582.59
3352.0,22,38.0,7.2,49.0,medium,office,flat,2755.11
1991.1,115,8.0,19.0,58.5,medium,school,flat,2681.71
1779.3,67,26.7,18.3,61.6,medium,retail,peak,2498.73
3508.1,169,17.7,8.2,36.1,medium,hospital,flat,3204.6
3178.0,132,27.4,17.3,50.8,medium,hospital,flat,3363.74
1145.2,37,27.8,10.8,68.0,medium,school,peak,1617.27
2707.3,288,16.7,12.0,61.6,medium,hospital,flat,3251.07
1519.6,200,-5.3,18.9,53.0,medium,office,flat,3050.35
2075.4,93,26.6,11.8,59.4,high,retail,flat,2220.77
2832.7,41,8.1,15.9,49.5,high,school,flat,2761.98
4034.8,85,16.2,13.8,51.4,medium,office,flat,3479.55
670.6,196,16.0,6.8,49.8,high,retail,off_peak,1704.0
2878.8,213,31.8,15.6,50.3,low,retail,off_peak,3418.36
2872.8,229,33.8,11.2,59.6,medium,school,flat,3125.16
3323.4,112,26.6,21.9,63.4,low,school,off_peak,3579.13
1191.1,295,26.5,9.6,56.0,medium,retail,flat,2278.52
1852.4,217,14.9,15.7,47.6,high,office,peak,2845.42
1657.5,114,8.3,7.7,41.9,low,retail,flat,2082.65
2527.7,146,24.5,18.3,48.7,high,hospital,off_peak,2973.53
4774.8,15,35.1,16.9,55.2,medium,retail,flat,3856.93
2438.3,245,31.2,16.9,45.6,high,school,off_peak,3116.63
2739.7,210,13.1,13.2,46.2,medium,office,flat,3207.58
1650.3,97,11.9,16.9,63.7,low,school,off_peak,2307.75
2441.8,65,28.4,11.2,64.4,low,hospital,flat,2427.59
1052.1,229,18.0,21.0,53.2,medium,school,peak,2531.87
2310.4,220,29.3,10.0,62.5,low,school,flat,2657.58
2654.4,11,3.0,23.8,72.7,high,hospital,peak,3252.39
2241.8,121,4.9,19.5,71.9,medium,retail,flat,2888.09
1363.2,160,31.1,12.0,42.7,medium,school,peak,2247.66
1327.8,259,15.2,16.2,51.4,low,retail,peak,2628.2
2030.2,168,7.5,9.8,52.6,high,school,peak,2496.78
3975.1,41,16.2,17.0,67.5,medium,school,flat,3384.67
3144.6,248,18.8,16.0,47.3,high,hospital,peak,3623.05
2658.0,20,1.0,17.3,34.0,medium,office,flat,2736.12
3377.3,206,1.7,11.5,50.2,medium,hospital,flat,3549.1
1884.5,170,14.7,18.2,51.9,high,retail,peak,2884.1
1997.0,121,32.0,7.7,52.1,medium,hospital,off_peak,2323.37
3252.6,285,24.6,13.6,46.3,low,retail,peak,3894.69
2125.8,25,8.8,8.3,69.6,medium,hospital,off_peak,2007.03
1016.0,149,11.6,10.6,42.1,medium,hospital,flat,1816.94
4323.6,207,38.0,19.5,54.8,medium,hospital,off_peak,4536.69
3462.0,197,23.0,12.8,48.2,medium,retail,peak,3450.71
631.9,51,17.8,19.6,57.6,medium,school,off_peak,1564.8
1733.4,200,23.0,13.9,54.9,high,school,peak,2501.38
1244.6,187,9.5,16.5,43.4,medium,hospital,off_peak,2475.76
400.0,218,28.1,7.3,57.8,medium,school,flat,1518.1
3056.5,288,25.6,15.0,57.6,high,office,flat,3660.34
1838.5,157,12.6,13.7,56.8,low,school,flat,2382.03
2208.1,142,21.1,11.2,63.6,low,hospital,flat,2563.21
2913.9,47,20.4,12.1,52.3,medium,office,peak,2657.53
2769.0,161,33.2,9.7,57.7,medium,retail,peak,2961.08
724.9,17,37.8,10.1,54.3,medium,retail,flat,1377.16
3632.1,229,7.4,9.7,63.5,medium,school,off_peak,3685.28
2946.1,131,25.4,21.2,56.9,medium,school,off_peak,3447.06
2073.4,269,13.9,19.6,63.0,medium,retail,peak,3246.83
1935.5,46,38.0,8.7,64.1,medium,school,flat,2055.83
2303.2,20,12.3,15.0,61.5,low,office,off_peak,2432.63
2294.0,314,34.2,11.8,40.2,medium,hospital,peak,3307.14
3056.5,281,4.9,12.2,56.0,medium,hospital,off_peak,3771.28
3369.0,200,33.8,10.9,48.9,high,retail,flat,3403.35
3972.2,44,8.7,13.3,40.1,high,hospital,flat,3550.09
1688.9,295,22.2,12.1,75.6,high,hospital,flat,2705.22
3737.5,15,15.3,11.9,53.7,medium,hospital,off_peak,2962.72
2641.2,97,17.0,14.1,51.1,medium,hospital,flat,2807.64
3191.8,198,11.1,19.2,55.5,medium,hospital,peak,3766.06
3710.8,254,32.8,21.9,57.3,low,school,off_peak,4244.11
2510.4,121,21.8,15.1,56.3,medium,office,flat,2632.26
3588.9,89,11.5,18.2,65.0,medium,hospital,off_peak,3538.13
3271.4,75,31.8,21.2,58.0,medium,hospital,peak,3439.18
1571.7,27,5.1,11.9,63.4,low,office,flat,2016.92
2212.6,208,11.2,13.6,61.1,medium,school,peak,2880.49
1732.3,285,36.4,13.7,39.8,low,office,flat,2869.33
2157.3,146,1.8,12.6,71.8,high,school,flat,2563.84
2318.5,221,2.1,15.3,44.6,medium,retail,off_peak,3264.17
1919.4,49,24.2,13.7,50.0,low,retail,flat,2129.45
1685.8,47,11.6,16.4,42.1,high,retail,flat,2109.08
3054.3,272,21.8,22.3,38.8,high,retail,flat,3745.58
3375.4,160,28.8,14.0,72.7,low,hospital,flat,3546.41
1738.2,38,9.8,17.7,44.0,low,hospital,off_peak,2469.19
3406.3,204,20.5,14.8,46.0,medium,school,flat,3401.7
2248.2,245,22.1,15.4,44.2,medium,hospital,flat,3012.15
1635.4,150,32.3,15.5,60.5,low,retail,flat,2612.13
2231.0,42,16.3,11.7,51.1,low,hospital,off_peak,2388.59
2051.7,148,25.3,15.8,50.6,low,school,flat,2607.34
2160.5,292,21.0,8.1,56.8,medium,hospital,off_peak,2789.01
2213.6,195,27.6,17.0,57.6,medium,office,off_peak,2655.79
2257.6,107,20.3,11.7,39.6,high,office,off_peak,2171.8
3576.8,156,8.8,15.2,58.8,low,retail,flat,3596.52
1364.3,113,-4.9,18.5,58.9,low,retail,flat,2633.68
1854.9,136,15.8,14.7,47.2,medium,office,peak,2461.21
1942.8,170,8.7,13.2,55.7,low,office,flat,2617.32
3583.8,185,21.6,12.3,51.6,medium,retail,peak,3589.85
2443.6,268,16.9,16.2,41.0,low,office,off_peak,3374.33
941.8,275,15.3,13.3,49.2,medium,hospital,flat,2317.21
1487.9,295,24.8,6.5,44.8,low,office,off_peak,2430.18
1924.6,262,17.5,16.9,60.9,medium,retail,peak,3085.23
1857.6,66,28.3,10.4,53.2,medium,office,peak,2020.61
1535.2,127,12.9,14.6,39.3,low,school,peak,2287.12
3556.2,141,25.7,19.9,45.2,medium,retail,off_peak,3735.86
2929.0,26,19.7,11.9,49.4,low,hospital,peak,2786.01
968.5,213,28.4,18.3,55.8,low,school,peak,2459.83
1719.7,74,9.0,13.2,47.7,medium,office,flat,2042.19
1357.9,93,2.1,17.4,40.3,medium,school,peak,2083.74
4017.9,34,22.7,8.7,43.0,high,office,flat,3134.51
3048.1,267,15.4,14.2,43.8,low,school,peak,3622.92
2555.8,204,29.1,4.0,64.8,medium,hospital,flat,2616.93
3656.7,250,35.5,16.1,53.1,low,office,off_peak,3970.01
470.8,297,30.7,23.2,40.4,medium,hospital,peak,2634.03
1582.1,98,17.8,21.2,55.3,high,office,flat,2316.65
2529.9,263,13.4,11.8,67.4,high,school,peak,3073.2
3289.2,120,20.8,17.7,53.9,low,retail,off_peak,3421.17
791.2,58,1.3,20.4,70.3,medium,office,off_peak,2008.58
4172.0,279,10.7,6.2,40.2,high,retail,peak,3864.14
1949.5,313,6.5,13.5,54.0,medium,school,peak,3227.68
2098.2,143,22.0,10.0,46.1,low,school,peak,2244.84
1956.0,261,3.7,8.4,64.0,medium,school,peak,2764.06
2298.0,283,10.5,6.4,47.7,low,office,flat,3064.91
2160.4,175,31.9,16.8,46.1,medium,school,peak,3041.08
2385.0,80,12.3,12.3,68.4,medium,retail,peak,2499.72
2116.1,149,19.3,19.2,33.9,medium,office,peak,2719.06
1141.9,111,22.6,13.1,55.0,low,school,peak,1733.46
3181.7,253,17.5,17.5,48.9,high,retail,off_peak,3815.86
1731.0,26,12.5,11.0,56.0,medium,office,off_peak,1901.51
1105.2,270,18.4,9.8,56.4,medium,school,flat,2047.68
1339.5,54,12.3,17.2,50.0,medium,hospital,peak,2101.76
2240.5,52,30.0,19.0,49.6,medium,retail,off_peak,2613.9
1458.5,274,0.5,10.2,65.5,medium,school,peak,2614.28
3900.4,222,12.4,13.5,63.1,high,retail,off_peak,3708.66
2789.1,103,12.4,14.1,55.5,high,school,peak,2916.73
2954.4,13,12.7,14.8,53.2,high,retail,off_peak,2528.3
2884.4,241,-8.0,13.4,54.4,low,school,peak,3601.07
2817.1,127,17.3,12.3,51.0,medium,hospital,peak,2970.49
3053.9,214,5.1,16.8,61.2,medium,retail,off_peak,3516.64
2667.8,117,30.9,7.0,61.6,medium,school,flat,2355.63
2090.2,117,19.7,20.7,67.3,medium,office,off_peak,2666.59
2797.8,18,4.2,6.6,53.3,high,office,off_peak,2279.57
2253.5,254,28.2,11.8,61.5,high,school,flat,2873.81
1900.0,150,25.3,20.2,55.6,low,retail,flat,2688.7
1118.7,153,27.1,7.8,48.2,high,school,flat,1468.68
2386.8,107,-1.3,13.6,40.4,medium,retail,flat,2914.68
2271.5,112,25.2,20.2,50.1,low,school,peak,2926.51
1850.7,182,7.1,11.4,58.9,medium,office,peak,2366.14
1706.9,223,6.6,18.6,54.2,low,office,flat,2895.06
2134.9,297,17.9,7.6,59.7,medium,retail,flat,2758.43
3249.3,80,23.3,24.0,53.1,low,school,flat,3251.01
3565.1,300,11.5,24.0,51.9,high,school,flat,4310.49
3895.3,229,35.3,16.6,43.3,medium,hospital,peak,4133.81
2585.6,201,17.9,10.9,64.4,high,hospital,peak,2990.6
3089.1,172,19.5,9.7,59.9,medium,retail,peak,2984.51
2201.2,216,20.7,14.8,66.7,medium,office,off_peak,2852.7
1517.6,305,28.5,16.5,42.4,high,school,peak,2775.28
1824.6,61,14.7,11.0,43.9,low,hospital,flat,2148.21
2456.6,25,13.2,16.8,47.4,low,retail,flat,2546.14
1984.1,200,3.2,15.2,40.4,high,office,flat,2983.65
2055.6,146,4.1,9.2,50.4,medium,retail,off_peak,2400.57
3055.3,292,31.9,12.9,53.1,medium,office,off_peak,3736.22
1287.0,131,14.3,18.2,49.7,medium,school,peak,2225.71
2101.9,223,14.0,16.7,38.6,low,hospital,flat,3019.5
2093.3,104,19.8,14.7,56.7,high,school,peak,2431.89
913.2,317,14.5,11.3,52.6,medium,retail,peak,2587.27
2058.8,178,7.9,10.6,54.3,high,hospital,off_peak,2575.08
3484.8,294,25.8,12.9,53.8,low,school,peak,3738.26
3115.5,83,19.2,17.0,53.9,medium,school,flat,3066.94
2166.3,49,36.3,14.6,49.3,medium,hospital,flat,2494.63
1381.9,161,24.6,14.8,60.1,medium,office,off_peak,2202.55
3887.7,230,-8.0,11.4,52.9,medium,office,off_peak,3994.62
1250.6,111,13.8,10.8,56.7,high,school,off_peak,1726.51
1477.6,286,20.5,17.1,61.3,high,school,flat,2643.38
2146.5,269,26.4,16.3,46.6,low,office,flat,3015.82
2588.8,143,38.0,12.1,63.5,medium,school,peak,2906.29
2658.3,309,21.1,15.4,57.5,low,school,flat,3549.16
2273.5,153,27.4,17.4,48.5,medium,school,flat,2676.54
1477.3,291,7.7,9.8,43.6,low,office,peak,2631.08
3446.1,154,29.1,18.9,43.8,medium,retail,off_peak,3620.8
2293.3,203,25.2,12.7,50.9,medium,school,flat,2623.57
1574.8,156,26.6,17.7,41.6,medium,school,peak,2409.93
2606.5,85,6.1,19.4,55.1,medium,office,peak,3006.95
2204.8,199,24.1,14.1,50.2,high,school,peak,2738.53
2559.6,118,21.2,12.5,49.5,medium,retail,flat,2588.14
1670.7,254,23.4,13.6,61.8,low,school,flat,2632.06
1071.1,68,16.8,16.2,33.8,medium,retail,off_peak,1780.65
1490.2,243,30.5,17.5,55.1,medium,hospital,peak,2779.2
1987.1,105,6.7,16.0,62.6,medium,office,off_peak,2439.16
1125.4,122,16.6,12.3,53.6,low,hospital,flat,2073.75
1183.7,22,16.8,16.8,70.0,medium,retail,peak,1997.13
2246.5,30,16.0,16.5,43.1,medium,hospital,peak,2546.5
2566.4,24,27.3,16.6,57.9,medium,school,flat,2505.89
2917.1,303,28.1,21.2,57.6,high,school,off_peak,3756.42
2875.0,317,27.7,14.3,60.2,high,retail,flat,3584.58
2413.5,245,26.1,7.9,31.7,high,school,off_peak,2595.44
2477.0,137,23.1,18.6,60.9,high,hospital,flat,2946.65
829.7,83,4.1,23.1,70.6,medium,retail,flat,2424.89
1033.2,127,25.8,13.3,55.6,low,retail,flat,1849.34
2373.5,126,32.3,13.5,54.9,high,retail,peak,2676.13
2181.9,101,20.8,11.7,51.8,medium,office,off_peak,2331.86
2226.9,230,24.9,7.9,61.2,low,retail,flat,2581.39
2121.6,112,0.6,4.0,47.5,high,hospital,off_peak,2208.94
2156.8,295,20.1,14.0,45.5,high,office,flat,3056.49
2662.8,59,23.8,15.9,67.0,medium,school,flat,2658.39
2545.0,96,9.9,8.9,42.4,medium,office,peak,2556.06
3201.3,137,14.4,12.7,42.1,medium,school,off_peak,3102.35
1809.0,15,9.3,17.0,67.3,medium,school,peak,2389.55
3357.4,11,10.8,10.2,43.5,medium,hospital,peak,2826.09
482.8,275,11.6,15.9,37.2,high,hospital,flat,2061.96
2715.4,153,18.0,13.8,56.7,medium,school,flat,2997.36
2645.2,216,27.9,8.9,36.3,medium,retail,peak,2931.08
1830.7,173,23.7,10.2,60.1,medium,office,off_peak,2231.78
1554.9,172,10.3,4.5,37.5,low,office,flat,2011.79
916.8,48,31.7,23.4,46.7,low,office,flat,1790.57
2203.8,162,20.3,12.5,60.0,medium,school,flat,2409.16
2174.7,54,25.3,6.1,54.7,low,retail,peak,2174.18
2948.8,153,-0.1,6.7,62.1,medium,hospital,flat,3072.56
2674.5,61,16.1,11.6,44.0,medium,office,off_peak,2476.54
2721.9,48,34.0,11.1,55.8,medium,office,flat,2575.3
3130.4,220,19.4,12.6,60.2,medium,office,off_peak,3251.01
2979.2,239,34.2,21.7,60.5,low,hospital,flat,3950.48
2553.5,174,8.7,18.6,53.4,high,office,off_peak,2924.59
3416.0,285,25.9,10.7,42.8,medium,hospital,flat,3744.58
2302.6,95,1.4,16.9,63.2,high,office,peak,2762.0
2594.6,216,22.2,11.6,54.2,medium,school,peak,2963.87
3034.8,278,5.5,11.9,44.3,medium,school,flat,3505.86
3091.8,249,23.1,12.0,28.4,medium,retail,off_peak,3302.74
2035.2,166,19.6,16.2,68.1,medium,hospital,off_peak,2660.41
2281.3,310,15.6,14.2,61.0,low,retail,peak,3532.37
3023.3,91,34.2,17.3,47.6,medium,retail,flat,3018.01
1541.8,13,30.9,17.6,37.7,medium,office,flat,1787.86
909.2,316,16.0,17.3,54.7,high,school,flat,2496.91
2016.6,46,18.3,13.0,53.5,high,retail,off_peak,1918.42
1716.2,309,8.5,9.3,56.0,high,school,flat,2693.62
3344.2,102,16.3,14.8,51.7,low,hospital,flat,3420.54
2260.4,12,-5.9,15.6,68.1,medium,school,flat,2641.3
2418.9,65,12.2,24.0,58.9,medium,office,off_peak,3148.48
2311.8,136,16.6,12.3,61.4,low,school,peak,2677.9
2278.2,179,38.0,16.0,60.2,low,school,off_peak,3103.22
2788.9,213,20.7,12.8,40.8,low,hospital,flat,3159.61
650.3,315,16.6,13.1,59.2,medium,school,flat,2308.38
2908.4,84,23.4,7.8,49.5,low,hospital,peak,2684.31
3120.0,151,36.4,16.4,48.0,medium,office,flat,3330.41
1812.3,295,13.8,4.0,63.5,medium,school,flat,2499.18
938.5,233,3.2,19.4,73.0,medium,retail,off_peak,2570.14
665.8,187,27.6,9.9,31.0,medium,retail,flat,1783.56
1958.8,78,25.8,11.1,46.5,low,hospital,off_peak,2232.44
1078.6,76,30.9,16.8,44.6,high,retail,flat,1915.27
1810.7,82,20.6,13.4,58.2,high,office,off_peak,2000.82
2511.6,184,14.9,13.3,63.4,low,office,flat,2781.47
2027.2,316,37.2,17.2,56.2,high,retail,peak,3273.91
3083.1,309,-1.7,18.6,54.9,high,office,peak,4143.3
3556.7,284,7.4,13.6,64.4,medium,retail,flat,4078.8
3425.3,28,32.4,12.3,39.9,medium,school,peak,2844.35
2782.1,153,31.3,14.7,48.8,low,office,flat,3132.48
3516.1,53,14.2,12.0,65.4,low,school,flat,3131.25
3806.6,231,28.9,14.9,61.8,medium,office,flat,3917.95
2790.4,273,5.0,19.6,45.2,medium,office,off_peak,3696.66
2620.7,318,21.1,7.7,53.6,high,retail,peak,3145.96
2144.6,290,25.8,15.9,45.1,medium,school,peak,3132.11
1536.5,55,29.0,15.0,42.3,low,hospital,peak,2253.58
3196.9,115,25.4,13.8,72.8,medium,school,flat,3105.5
3113.3,43,10.3,13.9,55.7,medium,retail,off_peak,3019.66
1662.1,153,10.8,11.9,42.6,medium,office,peak,2407.42
1189.0,317,16.7,6.5,41.8,low,office,peak,2309.72
1674.1,280,26.1,5.0,63.7,low,school,off_peak,2476.88
1654.0,32,13.2,13.4,54.7,medium,hospital,off_peak,2074.72
1110.5,98,15.2,12.8,59.2,high,office,flat,1664.2
2430.8,208,8.7,15.3,47.8,medium,office,flat,3068.26
3291.0,206,3.8,16.6,53.7,low,retail,flat,3738.62
1338.3,96,7.5,14.7,50.9,low,retail,flat,2174.94
2470.3,312,19.3,9.7,52.8,medium,school,peak,3154.14
3969.9,252,16.8,17.4,49.7,medium,office,flat,4132.64
2690.8,253,12.3,22.1,65.3,low,retail,flat,3693.31
2787.6,82,7.0,15.7,39.9,medium,school,peak,2949.26
3279.3,174,20.7,11.8,50.9,medium,retail,off_peak,3290.48
1890.8,146,7.0,4.2,49.5,low,hospital,flat,2237.71
3011.0,122,25.8,19.6,52.9,medium,hospital,peak,3473.3
2754.3,94,0.9,13.7,54.1,low,office,flat,2906.45
3032.9,138,5.9,10.2,55.1,high,school,flat,3006.62
1740.6,176,16.7,13.4,54.7,low,office,off_peak,2500.43
1490.4,246,29.7,14.7,67.2,low,school,flat,2661.03
2148.7,85,-7.8,15.9,70.0,medium,retail,off_peak,2792.18
1209.3,160,37.5,11.8,32.1,low,retail,peak,2103.39
2504.3,68,34.0,18.3,30.8,high,retail,peak,2837.55
1748.3,58,18.9,19.5,63.0,high,retail,flat,2248.69
2126.3,215,9.4,21.0,57.2,low,retail,peak,3487.62
3137.9,33,32.8,13.2,31.8,low,hospital,flat,2885.0
3270.8,87,37.1,11.4,59.6,medium,retail,flat,3131.31
2693.3,270,15.7,14.2,43.0,medium,school,off_peak,3302.47
2377.1,312,37.8,11.8,56.3,low,retail,flat,3310.27
2827.4,46,13.3,12.2,43.4,high,hospital,flat,2649.26
2909.8,115,17.5,22.0,40.3,low,hospital,flat,3219.35
1729.7,121,29.5,15.7,41.5,low,retail,flat,2516.07
932.0,30,15.6,19.9,60.7,medium,hospital,flat,1796.91
2491.1,286,24.9,17.8,44.3,high,office,off_peak,3335.78
2231.9,71,26.5,9.2,63.7,medium,hospital,peak,2264.98
2003.1,159,7.9,17.8,66.5,medium,school,peak,2911.31
2644.4,234,11.8,17.6,43.4,low,retail,peak,3514.21
3196.7,152,22.4,17.8,50.8,medium,retail,flat,3268.68
2795.8,19,22.0,20.5,59.8,low,hospital,peak,2950.87
3228.3,183,12.6,15.3,70.1,low,retail,flat,3585.13
4277.3,221,16.5,18.5,47.4,low,school,peak,4257.25
4204.1,120,5.4,11.5,57.7,high,school,off_peak,3573.76
400.0,261,5.2,17.8,61.4,medium,hospital,flat,2236.93
2609.3,254,2.5,12.9,52.0,low,hospital,peak,3419.36
2166.2,307,19.6,18.5,59.1,medium,office,flat,3229.22
2627.2,213,1.9,9.6,41.4,low,office,off_peak,3148.56
2475.7,317,18.4,6.2,50.0,high,office,flat,2818.39
2258.5,150,12.1,14.5,53.9,high,school,peak,2754.73
2252.6,76,29.5,17.0,63.0,medium,school,peak,2737.71
1380.5,190,18.2,10.6,60.8,low,retail,flat,2276.8
2664.5,279,25.2,10.9,44.9,medium,hospital,peak,3227.79
1492.2,311,3.2,11.3,54.3,medium,retail,flat,2808.02
3456.2,215,-6.6,8.2,41.3,medium,retail,off_peak,3556.26
1256.2,249,14.7,15.6,51.7,medium,hospital,flat,2451.74
695.4,107,-1.8,12.4,67.8,medium,retail,peak,1835.86
2799.7,172,17.7,17.0,55.1,medium,hospital,off_peak,3249.11
2527.7,274,25.6,8.9,60.0,low,school,peak,3122.32
5485.8,84,18.8,8.4,44.1,medium,hospital,off_peak,4061.52
1640.8,151,24.9,15.4,35.6,medium,retail,peak,2234.96
2748.2,53,9.0,18.6,44.1,medium,office,peak,2969.03
1777.2,35,15.2,14.6,67.1,low,school,off_peak,2092.94
1684.3,147,19.4,8.2,67.6,medium,retail,flat,1910.83
3601.5,286,32.3,13.3,56.4,low,office,flat,3772.39
2333.2,249,25.3,12.8,45.4,medium,office,peak,3082.22
1613.9,128,17.5,13.1,69.5,high,retail,off_peak,2269.25
2678.9,201,23.0,8.3,69.0,high,school,peak,2743.54
796.8,158,21.0,7.6,40.3,low,school,peak,1563.83
2770.7,131,17.9,13.1,35.0,medium,hospital,peak,2970.22
1801.2,51,10.8,17.7,61.7,low,school,flat,2336.38
1090.6,124,-5.8,17.5,46.5,low,retail,flat,2402.92
400.0,196,16.8,20.0,56.8,high,office,off_peak,1825.12
1881.3,221,30.9,16.6,39.0,high,office,flat,2773.97
3157.4,135,21.4,8.7,43.0,medium,hospital,off_peak,2862.51
871.2,259,21.3,13.6,70.3,low,school,peak,2188.36
3198.9,253,28.1,15.1,46.5,high,school,off_peak,3476.25
2383.2,107,-3.3,11.3,36.0,high,retail,off_peak,2640.73
1975.4,314,18.6,15.8,43.7,medium,school,flat,3035.94
2445.9,186,21.2,12.5,58.5,medium,hospital,peak,2917.06
3127.7,241,23.3,17.1,69.3,low,hospital,off_peak,3658.16
1811.1,241,20.5,11.3,67.3,medium,retail,peak,2576.01
3272.6,229,37.9,11.1,53.1,medium,office,off_peak,3500.91
2700.0,62,22.0,17.0,49.1,medium,school,peak,2829.04
2088.9,271,12.4,18.3,59.8,medium,office,flat,3200.68
3267.7,254,18.6,20.8,54.0,high,hospital,peak,3930.25
1883.2,83,24.6,17.0,50.4,high,office,flat,2396.78
1383.0,171,18.1,19.2,60.3,high,office,flat,2362.99
2330.0,201,28.3,17.1,49.1,high,hospital,flat,3058.8
1860.7,248,11.7,6.7,45.4,low,retail,flat,2530.61
3142.0,244,37.4,9.5,58.3,medium,retail,flat,3388.6
2964.5,302,30.4,22.5,51.8,medium,retail,flat,3806.55
4880.6,125,8.8,17.8,42.7,medium,office,flat,4334.55
1924.1,112,26.1,19.5,56.8,low,school,flat,2426.6
2309.0,39,21.5,5.3,42.7,medium,hospital,flat,1916.68
2119.0,127,9.2,14.7,40.9,medium,retail,peak,2764.8
2517.3,93,6.1,6.7,37.9,medium,hospital,off_peak,2446.7
3004.4,40,-0.8,14.4,53.4,medium,hospital,peak,3008.37
2874.1,227,2.6,12.6,37.5,low,school,peak,3350.66
1370.8,252,19.6,15.0,38.6,low,hospital,flat,2438.53
3385.7,310,19.1,15.7,45.0,high,hospital,off_peak,3986.54
1808.6,83,25.6,15.5,61.8,low,retail,peak,2315.9
2386.5,157,19.5,16.7,56.6,low,hospital,peak,2974.53
2883.5,301,33.1,11.9,47.8,medium,school,flat,3443.13
1676.3,106,31.7,18.8,48.5,medium,retail,flat,2399.7
3738.3,50,26.9,14.0,53.0,medium,retail,flat,3178.65
2497.5,199,8.9,14.8,57.4,low,retail,peak,3202.25
752.7,51,10.8,11.0,30.9,medium,hospital,off_peak,1406.77
2937.7,261,20.8,13.9,33.3,medium,school,flat,3337.83
2280.6,108,9.7,11.2,54.3,low,office,peak,2567.46
2792.6,236,16.5,24.0,73.6,medium,retail,peak,3977.43
3152.9,192,15.1,11.1,58.8,medium,office,off_peak,3332.29
2227.3,130,35.7,14.6,48.0,low,hospital,flat,2641.68
2088.4,71,20.0,8.4,44.5,low,office,flat,2127.21
2939.9,34,16.5,20.5,48.6,medium,hospital,flat,2984.96
3629.6,287,28.8,15.1,47.2,low,school,off_peak,4058.59
2041.8,125,22.0,18.1,46.9,low,school,flat,2568.04
2817.5,282,15.9,12.6,64.9,low,retail,peak,3605.55
3375.4,310,19.1,19.8,42.7,high,school,flat,3970.28
3682.5,166,13.5,13.5,62.5,medium,office,off_peak,3560.61
1913.0,86,30.3,15.9,59.2,high,retail,peak,2382.41
3143.9,317,19.5,19.6,41.2,medium,retail,flat,3915.93
3676.3,24,15.8,9.4,54.7,high,hospital,peak,2992.64
3597.8,65,36.2,16.3,43.6,low,hospital,peak,3457.72
488.5,68,22.1,18.1,51.6,medium,hospital,off_peak,1616.02
3144.8,296,32.6,7.6,50.8,medium,retail,flat,3428.2
1180.2,236,24.7,10.9,59.7,medium,office,flat,2117.69
2360.4,89,16.4,22.1,49.1,medium,school,peak,2975.79
1729.5,65,5.6,17.6,59.5,medium,hospital,peak,2521.31
2901.2,304,25.7,13.5,73.1,low,retail,flat,3643.93
1463.4,149,26.8,19.2,56.6,medium,retail,flat,2465.66
2200.2,31,14.7,9.5,53.7,medium,school,peak,2064.92
2321.2,198,37.9,11.7,54.1,high,office,flat,2817.51
2409.3,306,37.9,15.9,63.4,low,office,flat,3485.02
1747.2,91,32.8,21.3,59.8,high,retail,peak,2499.39
2137.2,83,32.5,8.7,62.0,low,retail,peak,2248.57
3265.1,103,35.6,14.2,55.0,low,hospital,off_peak,3162.7
3202.7,50,15.8,6.0,49.2,medium,retail,peak,2630.06
2039.6,96,33.2,16.7,47.1,low,school,peak,2659.15
3281.1,13,25.9,10.9,55.8,low,school,flat,2481.12
2380.9,71,29.3,15.6,43.2,high,school,off_peak,2461.42
994.3,57,15.5,21.9,49.8,medium,school,flat,2041.29
2589.7,297,5.8,9.1,65.1,medium,retail,flat,3274.37
4555.5,39,14.1,9.4,31.2,low,office,peak,3521.95
1726.3,252,21.1,18.6,60.1,low,retail,peak,2953.08
2437.0,20,27.4,18.2,32.2,medium,office,peak,2428.43
649.2,301,19.9,12.2,51.4,low,office,off_peak,2237.77
2160.6,39,35.2,11.5,45.9,low,school,peak,2345.41
2203.4,97,23.8,16.1,59.6,low,office,flat,2529.2
2102.6,172,20.9,15.3,55.7,medium,hospital,flat,2758.71
2897.6,244,9.0,10.9,60.2,high,retail,flat,3231.03
1984.0,92,7.1,14.3,40.9,medium,hospital,flat,2574.87
2826.2,201,22.9,11.2,33.1,medium,office,off_peak,2959.27
1943.5,51,17.6,22.6,51.9,medium,retail,peak,2653.19
2712.0,37,27.8,14.6,52.1,medium,office,off_peak,2588.72
1789.2,118,33.5,18.6,39.4,medium,retail,flat,2520.17
2799.5,22,20.3,10.6,59.1,high,office,peak,2231.37
1818.1,187,26.4,11.3,54.9,medium,hospital,flat,2507.61
2401.6,103,27.6,17.5,43.5,medium,retail,peak,2810.9
1773.7,201,6.1,12.8,60.1,medium,school,peak,2719.38
2724.2,29,23.4,16.0,49.1,low,school,off_peak,2591.5
3118.0,245,12.1,11.5,31.9,low,retail,flat,3448.11
2474.0,278,31.9,11.3,53.6,medium,school,flat,3057.82
2347.5,35,16.4,10.1,40.4,medium,retail,flat,2316.41
2616.4,62,32.3,9.8,56.1,medium,office,off_peak,2391.5
2303.4,256,32.8,18.0,43.2,high,retail,flat,3102.58
3144.5,161,20.9,10.5,62.7,medium,hospital,peak,3154.98
3859.5,120,5.5,18.7,53.2,low,school,flat,3784.06
2351.3,12,20.6,22.5,47.6,medium,school,peak,2589.5
3152.4,257,17.1,22.1,45.5,medium,retail,flat,3889.08
2234.9,300,5.2,12.3,53.9,high,retail,off_peak,3247.62
1094.1,115,16.8,5.9,39.0,low,hospital,peak,1709.62
2637.3,122,19.6,19.2,55.8,medium,school,flat,3135.27
3773.2,219,27.3,14.9,53.3,high,retail,off_peak,3784.21
1702.1,93,27.7,11.5,59.9,medium,retail,flat,2022.01
1800.9,293,31.5,13.5,56.6,low,school,peak,3089.43
1988.7,240,5.0,7.8,61.6,medium,hospital,off_peak,2676.28
4663.2,217,8.7,15.2,42.6,medium,retail,flat,4636.86
4060.8,313,14.3,19.4,52.8,high,retail,flat,4438.96
2560.4,41,15.1,10.4,45.4,medium,retail,off_peak,2359.09
2653.1,201,20.7,12.1,43.9,medium,retail,flat,3168.79
3475.8,34,11.7,14.6,63.9,high,hospital,off_peak,3088.0
1283.7,193,17.8,5.4,66.8,medium,school,flat,1783.16
2259.2,260,7.9,11.0,56.2,medium,retail,peak,3042.65
3011.9,123,18.5,24.0,31.8,medium,hospital,flat,3607.72
2928.6,64,12.9,16.4,43.2,low,hospital,peak,3198.81
2841.1,134,26.2,16.2,44.7,high,hospital,off_peak,2980.7
2482.8,152,20.1,22.4,64.0,high,office,peak,2955.87
2416.8,93,20.8,12.7,54.9,medium,retail,flat,2506.14
1489.7,33,23.5,6.3,43.4,medium,hospital,peak,1458.13
846.3,319,29.2,23.6,45.4,high,retail,flat,2766.73
3427.5,70,15.9,17.2,38.4,medium,office,peak,3266.57
1539.8,175,24.9,7.0,53.5,low,school,peak,1995.87
2165.2,203,27.5,17.1,64.6,medium,hospital,peak,3113.26
2436.0,271,8.1,11.6,44.4,high,office,flat,2995.86
2401.6,182,11.8,9.7,41.9,medium,hospital,peak,2829.78
3613.7,93,-1.1,9.2,49.6,high,school,flat,3154.0
2592.4,174,31.1,16.5,60.1,medium,school,off_peak,3114.16
2697.3,20,12.1,8.9,55.6,medium,office,flat,2130.57
1112.9,28,28.1,11.2,59.4,high,hospital,peak,1497.23
2765.2,63,17.4,10.1,36.7,high,office,off_peak,2268.93
3276.9,191,36.7,15.4,50.2,low,school,flat,3647.33
2541.3,305,21.5,12.9,47.4,low,school,off_peak,3384.41
2881.4,12,14.8,12.8,40.9,medium,hospital,flat,2562.78
3527.2,133,18.5,10.0,55.1,medium,office,peak,3351.16
3467.8,95,28.1,11.7,42.3,high,retail,off_peak,2984.38
1888.5,116,4.2,21.2,49.4,low,office,flat,2815.69
1021.0,45,8.4,16.8,33.2,medium,office,peak,1902.72
1533.8,295,18.2,18.8,38.7,high,hospital,peak,2950.2
2646.9,120,30.9,13.8,56.2,high,retail,off_peak,2723.84
2153.3,145,16.8,11.8,68.2,medium,retail,peak,2701.57
2992.9,280,26.7,12.1,57.1,high,retail,flat,3591.79
2108.8,224,16.5,9.0,45.6,medium,hospital,off_peak,2726.97
2397.6,19,16.2,15.2,51.1,medium,hospital,off_peak,2361.45
2957.1,73,24.1,20.1,60.2,low,retail,peak,3306.92
2280.7,149,14.2,11.9,37.5,medium,retail,flat,2601.06
3069.3,233,8.4,16.9,54.8,high,office,flat,3525.72
1229.4,135,27.4,12.3,58.3,medium,hospital,flat,2013.0
822.4,196,23.3,19.2,47.1,medium,office,off_peak,1991.64
1650.8,37,17.7,20.6,47.6,high,office,peak,2170.37
4603.6,73,17.3,14.2,40.4,medium,hospital,peak,4070.94
1969.9,196,5.4,13.4,60.8,medium,school,flat,2784.79
2233.9,185,17.4,11.8,50.1,low,office,peak,2660.89
3495.0,246,23.4,23.5,40.6,high,office,off_peak,3922.3
871.5,295,16.2,13.0,60.7,high,office,flat,2245.79
2550.5,260,19.8,11.1,53.0,high,retail,flat,2933.12
2409.1,191,26.4,9.6,62.1,medium,hospital,flat,2771.94
1210.1,291,9.7,11.6,55.1,medium,retail,flat,2515.24
1386.6,136,14.2,4.2,48.4,low,hospital,off_peak,1894.72
1287.3,219,8.6,14.8,64.1,high,retail,flat,2570.04
3060.7,301,1.3,16.4,46.3,medium,hospital,peak,4025.53
974.2,276,19.5,17.7,69.1,high,hospital,flat,2529.57
2235.9,27,11.4,5.3,61.1,high,retail,peak,1951.78
1787.3,122,11.7,19.7,50.4,high,office,flat,2584.86
3988.0,254,22.7,8.5,40.4,high,office,flat,3703.13
3369.0,43,23.0,22.6,47.0,medium,office,flat,3374.09
3269.8,294,21.3,9.0,49.2,medium,hospital,flat,3405.79
2285.9,168,5.6,15.7,47.8,high,office,flat,2843.08
1648.9,197,17.1,16.5,47.3,medium,hospital,flat,2610.53
1219.7,132,9.9,18.9,55.3,medium,school,peak,2355.49
2331.1,237,-8.0,10.4,57.4,high,hospital,flat,3130.65
1495.7,251,35.0,17.2,47.6,medium,retail,peak,2893.44
2977.8,130,6.7,15.6,65.1,medium,office,peak,3218.48
1476.2,38,38.0,23.6,53.1,medium,school,flat,2383.72
2958.6,286,23.2,11.4,45.6,high,office,peak,3359.86
3792.2,29,27.0,13.7,43.2,high,school,peak,3193.79
1944.0,271,21.3,22.4,47.2,low,office,flat,3361.31
2019.3,284,21.1,13.2,59.5,medium,office,flat,2828.76
2579.6,211,27.0,10.9,41.3,medium,hospital,flat,3036.83
2720.4,113,6.7,11.9,54.3,low,hospital,peak,3044.22
1641.7,276,25.9,13.0,55.1,medium,office,peak,2920.02
1458.2,251,-4.8,6.5,52.4,low,retail,off_peak,2536.33
3357.6,250,3.5,24.0,61.1,medium,school,flat,4243.36
2536.6,284,33.4,9.8,58.6,low,retail,off_peak,3107.76
4464.6,265,21.8,15.2,52.3,high,school,peak,3997.01
1063.2,140,10.0,13.4,67.7,low,hospital,peak,2197.98
1767.0,46,10.3,10.6,46.1,high,hospital,flat,2218.7
3111.4,208,18.6,13.0,62.0,low,retail,flat,3490.25
3706.9,171,21.8,15.2,36.6,medium,office,flat,3513.4
3182.0,129,15.0,11.3,53.5,medium,retail,flat,3145.56
1571.7,108,32.0,13.5,38.4,low,retail,flat,2186.86
2993.0,249,22.7,17.2,66.2,medium,retail,off_peak,3677.27
3095.3,70,19.6,17.5,53.0,medium,office,peak,3070.39
2249.0,149,7.1,12.4,43.3,low,hospital,peak,2888.62
2910.5,226,38.0,13.7,68.1,low,office,flat,3346.47
4329.1,46,12.4,17.3,39.2,low,school,off_peak,3729.15
2212.6,121,12.9,8.2,53.1,medium,retail,off_peak,2412.16
1821.0,219,18.6,17.8,48.1,medium,retail,flat,2793.35
4105.6,128,30.0,14.7,53.0,medium,retail,flat,3773.98
1789.0,263,24.7,14.1,51.3,low,school,flat,2779.86
2362.3,305,16.9,9.6,48.1,medium,retail,flat,2978.72
2176.7,18,19.9,17.8,51.7,medium,school,peak,2373.83
3744.2,213,11.7,8.4,55.4,high,hospital,peak,3613.28
2067.4,24,25.2,6.9,54.2,low,office,peak,1931.65
2039.4,195,21.7,14.5,59.5,high,hospital,flat,2690.78
2492.9,166,19.8,10.4,35.0,medium,office,peak,2615.62
2724.8,119,23.0,9.8,48.3,medium,retail,flat,2477.16
2204.8,215,24.6,10.6,51.7,medium,retail,off_peak,2698.17
2207.6,317,12.1,12.4,51.3,low,school,off_peak,3169.29
1433.9,253,6.1,10.8,49.1,low,retail,flat,2449.58
2817.1,80,8.1,12.7,66.9,high,office,flat,2642.79
1791.5,312,9.4,12.4,72.7,low,retail,off_peak,3035.68
2325.6,200,32.0,12.4,48.3,medium,retail,off_peak,2934.75
2670.9,89,33.8,12.3,82.0,high,hospital,peak,2903.59
1119.5,241,28.7,9.7,43.2,medium,retail,flat,2216.82
1789.7,292,19.9,16.0,49.1,high,retail,peak,3094.18
2737.0,217,13.2,4.0,58.1,medium,hospital,flat,2868.4
2109.2,175,16.6,12.5,59.0,low,office,peak,2668.93
2059.9,89,34.5,14.5,49.1,medium,retail,off_peak,2438.68
1319.9,181,20.7,13.2,61.8,low,school,off_peak,2265.88
3248.4,50,32.5,15.8,65.1,medium,school,flat,2961.63
2845.2,89,9.6,11.8,27.6,medium,hospital,flat,2863.57
2307.4,224,7.2,15.8,54.1,medium,school,flat,3152.07
1767.3,141,21.6,16.4,54.6,medium,retail,peak,2484.56
2468.0,166,9.1,9.5,67.5,low,school,off_peak,2684.93
2680.5,228,9.8,9.8,51.0,medium,school,off_peak,3001.27
2253.7,256,24.7,15.7,65.8,medium,school,flat,2998.92
2481.1,123,-6.1,9.2,66.9,high,retail,flat,2739.65
3572.1,251,29.4,8.5,57.9,low,office,flat,3413.45
2305.9,45,10.7,18.3,55.3,medium,school,flat,2485.57
1995.9,97,26.1,16.7,52.3,medium,office,peak,2522.22
1464.1,57,14.5,16.6,57.6,low,hospital,peak,2131.72
2827.0,27,21.1,12.4,37.5,low,office,off_peak,2416.37
3133.8,290,12.4,14.3,44.6,low,hospital,peak,3972.21
2537.9,247,16.3,22.9,60.9,low,school,flat,3553.58
2286.3,23,10.6,9.2,50.2,low,retail,peak,2285.11
2169.3,66,23.6,22.2,56.1,medium,office,peak,2719.08
2252.7,251,3.8,9.3,45.1,high,office,off_peak,2966.05
1886.8,138,5.3,14.6,47.1,medium,office,peak,2533.23
3184.0,129,13.9,19.4,67.0,low,school,flat,3575.5
2991.7,177,3.1,15.6,53.8,low,office,flat,3522.24
1639.7,45,7.9,13.4,50.9,low,school,flat,2000.36
2202.5,197,23.9,21.6,71.9,medium,school,flat,3083.54
3310.4,93,13.4,18.2,56.6,medium,school,flat,3296.53
2222.4,199,10.7,18.6,62.7,medium,retail,flat,3088.73
2328.9,308,19.0,11.3,55.7,medium,school,flat,2937.92
2935.4,98,6.8,16.5,59.3,low,hospital,flat,3315.8
2495.0,133,22.5,9.4,37.3,medium,retail,flat,2570.45
3088.2,254,27.8,12.6,65.5,medium,office,flat,3364.53
1095.8,119,31.7,18.8,56.7,medium,office,flat,2194.33
1865.5,53,3.0,7.3,58.8,high,school,flat,1945.53
1595.5,92,23.0,10.9,56.3,medium,retail,peak,1926.48
2227.2,277,37.8,14.5,59.0,low,retail,flat,3304.44
3030.7,184,17.3,15.9,45.4,medium,office,flat,3306.18
2148.2,195,16.0,13.5,62.5,low,school,off_peak,2672.44
2141.6,154,27.2,6.9,65.3,high,retail,off_peak,2357.77
2450.9,197,31.6,20.0,58.0,medium,retail,flat,3262.84
3597.3,105,9.7,15.8,60.7,low,hospital,flat,3685.88
4811.7,119,25.1,8.8,41.0,medium,school,flat,3894.66
3120.3,313,31.4,15.6,62.4,high,retail,flat,3805.92
2021.3,240,3.8,18.4,55.3,medium,retail,peak,3337.72
3508.8,213,-2.7,11.0,55.7,low,hospital,flat,3784.6
2856.4,191,22.5,12.9,58.3,medium,hospital,flat,3193.73
1699.9,255,17.1,13.0,44.3,medium,retail,flat,2677.91
502.0,301,19.0,12.4,44.9,low,school,flat,1956.08
2760.2,146,18.0,8.8,60.0,medium,school,flat,2757.53
1445.6,108,26.7,20.2,63.4,high,office,flat,2229.45
3795.6,145,22.7,24.0,44.4,high,office,flat,3962.95
2155.5,115,23.7,12.3,51.8,high,school,peak,2332.51
2351.6,83,21.3,15.4,48.5,high,hospital,flat,2359.24
2530.5,256,25.4,9.7,50.4,low,office,peak,3137.47
569.2,38,17.8,18.5,58.5,medium,hospital,peak,1571.72
2993.3,200,38.0,15.9,67.8,low,office,flat,3467.69
1572.2,83,7.1,18.5,48.0,medium,office,flat,2331.92
2408.0,193,19.7,14.1,53.1,low,school,flat,2919.86
1803.1,35,8.5,10.8,59.3,high,hospital,peak,1894.91
2662.5,223,26.5,10.9,51.8,high,school,off_peak,3055.98
2076.4,37,9.7,16.7,60.5,high,hospital,off_peak,2500.58
3365.3,18,26.9,14.5,52.5,medium,office,peak,2950.6
1895.3,98,10.1,10.1,31.8,low,retail,off_peak,2328.85
1847.8,160,17.9,18.0,53.9,medium,office,flat,2490.64
1333.5,59,9.0,18.3,47.4,low,office,peak,2274.71
1389.1,116,11.6,13.9,58.6,low,school,flat,2105.29
1224.1,56,15.9,4.0,37.3,high,retail,flat,1143.13
2578.0,140,12.2,18.3,45.8,high,hospital,flat,3057.67
2585.6,81,12.1,14.3,59.2,medium,retail,flat,2813.65
2744.3,234,25.4,16.0,51.3,medium,school,flat,3059.34
1961.8,45,11.8,18.1,35.8,medium,retail,peak,2398.58
2720.7,51,-2.8,13.6,53.6,medium,school,flat,2979.47
2574.5,64,15.5,13.5,39.5,medium,hospital,peak,2800.68
1838.5,25,13.3,10.5,46.1,low,hospital,peak,2108.43
2223.1,287,26.9,4.8,61.4,high,retail,off_peak,2641.63
3576.8,30,31.6,5.6,34.5,medium,school,peak,2807.98
1426.1,208,5.5,15.9,54.5,medium,office,flat,2565.28
3615.6,145,25.5,16.0,66.6,medium,retail,peak,3624.14
3133.0,155,18.8,18.6,46.2,medium,hospital,off_peak,3475.15
2978.0,51,19.0,7.5,52.0,high,hospital,off_peak,2495.82
2507.5,275,22.9,5.3,64.4,medium,retail,flat,2695.4
1936.6,319,33.8,14.4,60.0,low,office,peak,3311.15
2518.3,51,16.2,16.2,45.2,medium,retail,flat,2562.66
2219.6,84,13.5,24.0,54.4,medium,hospital,peak,3111.58
2191.2,32,13.5,18.3,60.2,medium,office,flat,2313.74
2138.0,148,5.5,8.1,42.8,high,school,flat,2407.83
1983.9,30,30.3,21.3,48.2,medium,school,off_peak,2460.98
3320.2,132,8.4,4.0,50.8,medium,school,peak,2924.06
1298.2,36,27.1,12.8,56.3,medium,school,flat,1668.01
1952.3,149,18.9,11.2,36.6,medium,school,off_peak,2205.54
2909.1,220,9.1,18.7,48.5,medium,school,peak,3648.52
3138.3,140,19.6,9.9,62.0,medium,hospital,peak,3008.38
3051.0,30,16.6,12.6,52.0,low,retail,flat,2766.31
3864.0,103,9.8,17.6,47.2,medium,hospital,flat,3749.8
1556.2,197,14.4,13.1,58.9,medium,hospital,peak,2488.81
2103.9,81,10.4,18.2,56.3,medium,school,peak,2694.68
2608.7,197,9.4,12.8,47.3,medium,office,flat,2979.57
3487.2,11,37.4,7.0,34.8,medium,office,off_peak,2714.28
2898.2,143,8.4,13.4,56.8,high,office,flat,3013.36
3345.3,157,20.9,21.1,62.3,low,hospital,flat,3464.0
2818.2,11,16.2,18.8,54.5,medium,school,flat,2621.3
901.4,249,8.9,15.9,52.9,medium,hospital,flat,2297.05
2738.6,41,23.2,10.1,51.5,low,retail,flat,2488.31
2376.1,160,8.6,8.1,58.5,high,office,off_peak,2511.62
3906.7,318,8.5,13.5,56.3,low,school,flat,4266.6
2811.9,246,12.7,7.0,53.0,medium,retail,flat,3050.71
730.9,258,3.3,11.7,64.2,high,retail,peak,2186.93
807.9,290,34.4,6.5,52.7,high,office,peak,2039.54
2813.2,176,20.5,12.3,62.2,medium,hospital,off_peak,3066.92
2590.9,97,24.9,15.8,75.0,high,hospital,flat,2834.58
2038.8,163,14.3,12.3,58.8,low,office,peak,2593.85
400.0,71,19.2,7.2,60.8,medium,school,peak,1066.09
2705.2,51,25.8,9.6,47.0,low,hospital,flat,2501.94
1741.3,141,22.1,6.3,49.7,low,retail,peak,2134.07
5109.8,75,15.7,13.3,51.3,low,hospital,peak,4213.83
2306.0,231,37.7,14.1,54.9,high,school,off_peak,3097.89
2238.9,91,14.2,15.1,65.8,high,hospital,flat,2726.28
3697.0,142,36.9,23.3,55.0,low,school,flat,4088.0
938.1,42,28.8,18.7,59.5,medium,office,flat,1782.97
2766.0,166,17.9,10.8,50.7,low,hospital,peak,2968.92
3496.6,79,27.0,15.7,60.7,medium,office,peak,3490.05
1924.7,179,12.2,15.8,36.8,low,retail,flat,2585.09
2450.6,155,-1.5,11.6,62.8,high,office,off_peak,2842.46
2554.5,82,15.5,11.5,49.4,high,office,off_peak,2314.48
2864.3,261,20.0,10.8,67.9,medium,retail,flat,3253.86
3099.8,242,11.9,5.4,45.5,medium,hospital,flat,3147.87
2827.6,128,12.5,16.5,67.4,medium,school,off_peak,3039.94
1477.3,50,15.9,4.0,53.4,high,office,flat,1426.96
2091.1,19,18.8,19.2,64.1,high,hospital,off_peak,2425.28
1433.3,267,15.3,19.8,54.7,low,school,peak,3020.0
3266.8,232,25.3,10.6,57.9,high,retail,off_peak,3278.46
3822.0,29,18.0,14.7,50.0,low,office,flat,3246.79
992.1,220,31.5,8.2,39.5,medium,retail,peak,2044.97
2415.1,139,17.7,19.5,47.8,high,retail,peak,2801.64
2155.3,243,38.0,13.8,43.8,high,hospital,flat,2996.69
1927.1,197,7.5,5.5,48.6,low,office,peak,2435.43
2738.0,306,24.4,18.3,60.0,low,office,peak,3578.11
1533.0,28,33.5,15.1,59.4,high,retail,off_peak,1909.04
2401.3,127,28.4,12.0,67.7,medium,school,peak,2763.89
2144.2,244,-1.5,12.8,40.9,high,hospital,off_peak,2919.58
934.0,17,38.0,10.5,69.2,medium,hospital,off_peak,1468.68
2372.6,238,27.2,21.2,58.7,high,office,peak,3340.8
2847.4,219,38.0,5.3,54.1,medium,hospital,flat,2988.52
2138.6,92,2.3,10.6,61.9,medium,retail,peak,2492.91
1751.3,285,21.0,11.5,47.0,low,school,peak,2739.92
4258.7,156,22.2,14.1,61.1,medium,school,off_peak,3887.31
1800.2,212,12.7,18.1,52.5,medium,hospital,flat,2928.13
2790.7,245,27.1,9.9,61.2,low,hospital,flat,3180.78
3354.0,153,22.5,13.6,41.9,high,office,off_peak,3174.7
1333.8,180,34.0,17.0,50.9,medium,school,off_peak,2451.29
1827.3,271,15.3,12.1,60.7,low,retail,off_peak,2811.04
2251.5,169,33.4,15.7,56.3,medium,school,flat,2890.78
3042.0,307,19.5,10.9,70.5,high,office,peak,3364.01
2880.1,281,24.4,16.4,41.7,medium,office,flat,3556.49
2426.6,101,11.7,18.2,61.2,medium,school,peak,3009.86
2571.9,85,4.6,19.6,45.2,high,office,flat,2996.5
3134.8,96,3.8,13.9,44.2,medium,office,peak,3145.31
1354.9,206,14.1,10.0,45.1,high,hospital,flat,2122.37
3077.4,151,19.6,14.3,73.6,high,office,peak,2982.38
3106.0,19,22.9,15.1,44.4,low,school,off_peak,2721.92
2497.5,171,18.5,12.4,54.2,low,hospital,flat,3022.15
2750.4,20,23.7,13.5,44.0,high,hospital,peak,2516.11
2148.9,268,17.9,5.5,43.6,high,school,off_peak,2482.91
2680.5,124,15.9,20.2,47.6,high,retail,off_peak,3112.97
3155.8,136,15.0,15.5,59.3,medium,retail,peak,3364.16
1624.4,60,20.3,11.8,44.0,high,hospital,flat,1765.13
2709.9,157,12.6,14.3,50.2,medium,retail,flat,3065.19
3085.2,61,26.8,18.1,43.4,high,retail,off_peak,3085.18
1508.8,266,8.2,7.6,46.0,medium,hospital,flat,2549.05
1439.5,200,27.8,8.5,71.3,low,school,off_peak,2122.52
1427.1,83,30.6,9.0,32.1,medium,retail,peak,1883.27
2186.7,85,5.9,8.3,41.7,medium,retail,off_peak,2235.29
2361.7,226,17.4,11.8,60.8,medium,school,flat,2859.84
1214.5,188,25.2,17.3,65.9,low,retail,flat,2266.19
1983.9,78,28.0,16.1,59.4,high,retail,flat,2241.93
3593.2,63,20.2,22.2,50.7,medium,hospital,flat,3509.0
794.4,122,23.4,11.9,78.6,low,office,off_peak,1614.07
1085.2,255,20.7,11.9,51.7,medium,retail,flat,2265.38
2027.7,109,12.8,15.1,48.2,high,school,off_peak,2375.32
2786.2,74,11.6,16.2,53.2,high,hospital,flat,2890.24
1747.6,37,3.8,18.3,56.4,low,school,off_peak,2344.24
2257.7,81,19.1,13.8,43.4,low,school,flat,2460.07
1195.9,145,12.6,14.4,49.7,high,hospital,peak,1914.69
1672.1,57,9.2,11.1,63.1,high,hospital,peak,2104.34
3132.9,207,13.3,12.0,70.6,low,retail,flat,3393.38
587.5,64,29.7,18.5,45.4,low,retail,flat,1754.95
3664.4,31,22.2,16.5,39.9,medium,school,off_peak,3333.98
2243.9,240,15.3,19.4,52.3,medium,retail,flat,3168.19
4250.7,24,31.7,20.3,47.6,medium,hospital,peak,3879.94
477.5,203,6.2,16.1,74.2,medium,office,flat,1899.23
3984.6,84,23.7,12.9,61.9,low,retail,peak,3465.85
701.3,177,30.4,16.5,44.6,medium,hospital,peak,2086.69
3103.5,62,16.8,14.1,57.1,medium,school,flat,3041.83
3268.8,25,14.7,18.6,47.5,medium,hospital,flat,3110.36
2507.1,206,25.0,14.6,33.5,low,office,peak,3127.13
3050.9,212,38.0,12.7,42.7,low,retail,off_peak,3379.64
2404.1,102,6.1,17.5,46.1,high,school,flat,2816.49
4862.7,169,9.1,20.1,51.8,high,hospital,flat,4672.26
943.4,296,11.8,14.8,45.0,low,hospital,off_peak,2700.42
1933.0,104,28.9,13.5,47.5,high,hospital,peak,2428.92
3892.7,141,14.3,18.0,52.0,high,retail,peak,3859.04
3269.4,102,17.3,13.6,55.8,high,office,flat,2989.68
2286.7,251,3.1,13.2,56.4,medium,retail,flat,3292.21
2598.4,198,24.4,15.8,42.9,high,office,peak,3009.87
1470.6,312,28.0,17.0,55.0,high,school,flat,2820.45
2979.4,314,6.5,5.5,57.5,medium,retail,off_peak,3311.35
2724.8,246,31.6,16.7,69.7,high,school,flat,3344.6
1445.6,260,10.8,18.1,47.2,medium,hospital,peak,2862.67
3392.5,24,5.9,11.6,43.2,high,office,flat,2909.63
705.2,290,-0.5,17.8,36.5,medium,office,off_peak,2462.14
2556.0,181,14.3,8.6,32.2,high,office,flat,2718.36
3252.4,227,27.3,20.3,41.9,low,office,off_peak,3852.02
1975.1,271,14.1,22.1,49.3,medium,hospital,peak,3442.6
3394.7,301,17.8,13.6,55.9,high,hospital,off_peak,3898.54
1180.9,319,-1.7,14.6,57.5,medium,school,flat,2950.58
637.3,205,30.5,19.7,67.4,low,retail,off_peak,2280.6
2919.8,267,8.1,17.1,58.5,low,retail,flat,3721.9
2169.5,25,24.1,13.5,78.3,high,hospital,peak,2244.72
400.0,170,17.8,18.1,44.7,low,office,flat,1860.41
1838.3,17,9.2,24.0,56.2,low,hospital,flat,2613.97
1600.3,207,2.3,18.5,46.0,medium,office,peak,2925.68
2397.5,67,19.0,6.7,59.9,medium,retail,off_peak,2161.85
2017.2,200,27.8,16.7,40.7,high,retail,off_peak,2801.16
2207.8,195,28.3,11.3,43.3,medium,hospital,flat,2759.96
1245.5,152,25.7,13.0,76.1,high,retail,off_peak,2051.9
3163.5,37,24.5,15.2,49.5,low,school,peak,2926.18
3351.9,207,-0.1,12.2,65.7,high,school,flat,3546.47
2333.5,168,21.2,19.7,58.5,low,hospital,peak,3114.3
623.9,259,1.2,12.8,62.4,high,school,peak,2227.93
1723.8,145,19.2,10.4,62.7,medium,office,off_peak,2206.14
3854.2,119,28.9,16.6,54.4,medium,retail,off_peak,3553.1
2501.9,226,15.8,6.2,56.2,high,office,flat,2730.95
1826.9,122,30.2,12.8,56.2,high,office,off_peak,2295.04
790.9,304,36.5,6.9,59.1,medium,school,off_peak,2133.44
1655.5,193,16.2,18.1,38.6,low,retail,flat,2592.8
3173.9,27,25.8,10.8,49.6,low,hospital,off_peak,2845.19
3119.3,128,17.3,10.7,51.4,medium,school,flat,2977.05
617.1,304,16.1,12.7,43.3,low,retail,peak,2397.47
809.4,208,24.0,19.8,39.8,medium,retail,flat,2177.71
3161.9,164,25.1,16.5,46.2,medium,retail,peak,3457.53
3264.1,76,12.7,14.0,61.1,medium,office,flat,3048.02
3113.9,59,17.9,15.3,65.7,medium,school,peak,2892.83
2697.8,298,11.5,15.6,70.8,low,school,peak,3735.98
2066.2,287,23.4,14.7,63.8,medium,hospital,peak,3051.26
2869.5,307,33.4,5.2,43.1,medium,retail,flat,3172.81
2490.5,238,6.1,13.6,65.1,high,retail,flat,3074.4
1922.5,156,15.8,20.3,43.0,high,office,off_peak,2637.51
1585.7,83,31.1,8.1,60.4,high,hospital,off_peak,1795.82
1235.8,149,25.4,16.2,44.9,medium,retail,flat,2148.85
1558.5,155,6.9,8.0,66.7,high,school,peak,1995.55
1843.8,115,17.6,4.0,48.5,medium,retail,peak,2071.84
2906.4,50,20.7,15.4,59.9,high,hospital,flat,2793.33
2340.7,190,19.0,9.6,43.3,high,retail,off_peak,2606.07
2791.9,271,27.1,14.6,48.5,low,hospital,peak,3404.57
686.4,15,7.8,18.9,54.2,high,office,flat,1526.85
1980.6,32,8.5,17.6,62.6,medium,office,flat,2388.0
3497.7,219,20.5,13.8,53.1,medium,office,peak,3618.16
3093.7,21,18.0,16.9,36.3,medium,hospital,flat,3015.67
3297.3,219,38.0,9.4,53.6,low,retail,peak,3567.46
1767.3,270,13.9,13.2,62.7,low,office,peak,2894.58
2188.7,11,25.9,15.2,61.8,medium,hospital,flat,2259.84
3407.2,81,22.5,11.2,69.9,low,retail,peak,3037.17
1558.9,187,15.6,20.5,69.5,high,retail,flat,2656.17
2172.4,66,15.1,23.1,50.9,medium,hospital,off_peak,2693.08
3228.6,123,-6.6,15.9,50.8,high,school,off_peak,3270.02
2226.9,154,38.0,12.8,53.9,high,office,peak,2727.97
2794.9,146,20.0,9.7,54.9,medium,office,flat,2698.25
2230.3,138,34.4,12.6,48.8,high,school,off_peak,2632.12
2233.0,49,22.0,13.8,55.6,medium,office,peak,2305.61
1491.3,205,15.2,16.6,56.6,low,hospital,peak,2704.65
1993.1,195,3.3,6.3,43.7,low,retail,off_peak,2472.09
850.5,138,20.1,13.9,56.8,high,office,off_peak,1667.2
2278.4,78,20.2,23.6,56.6,high,retail,flat,2864.19
2261.5,238,24.2,20.0,74.5,medium,school,flat,3253.41
1225.3,132,18.1,18.1,42.0,low,hospital,flat,2241.02
2711.0,34,32.1,15.9,49.7,low,school,off_peak,2729.78
2807.1,281,8.6,17.8,55.9,medium,hospital,off_peak,3797.55
3833.7,237,20.5,15.9,65.4,low,school,flat,3922.94
3180.2,175,15.3,18.7,46.1,medium,school,flat,3499.83
4189.7,280,12.5,17.9,55.2,medium,retail,off_peak,4555.99
1334.4,179,9.8,21.1,62.0,high,retail,peak,2513.06
3299.9,214,1.8,12.1,51.6,medium,office,flat,3398.84
2456.0,19,14.3,12.3,43.8,medium,school,flat,2185.37
2713.6,64,27.4,12.9,53.4,medium,office,flat,2542.7
3161.9,275,29.4,13.1,60.3,low,retail,flat,3669.84
2853.5,212,18.9,20.5,44.8,medium,hospital,flat,3442.02
1628.1,304,19.3,10.9,58.2,medium,retail,peak,2544.03
2179.4,108,26.3,13.8,48.6,low,hospital,peak,2780.22
2599.4,293,19.1,14.7,57.2,medium,retail,peak,3418.48
1661.2,157,14.1,9.9,51.4,low,school,peak,2200.25
3359.4,25,0.5,9.6,47.3,low,office,peak,2971.94
2154.2,206,32.9,11.6,46.3,low,retail,off_peak,2810.04
3747.0,129,11.1,22.5,51.5,high,school,flat,3830.19
2035.3,113,28.3,18.1,53.7,medium,school,flat,2646.5
1888.1,141,19.4,21.2,53.3,low,retail,flat,2846.78
3347.6,160,-1.2,8.4,58.1,medium,retail,peak,3376.82
1822.5,108,11.4,10.5,38.5,medium,school,flat,2119.54
1647.9,124,27.4,18.6,68.0,low,hospital,flat,2526.44
2474.9,149,14.8,10.9,65.8,medium,retail,flat,2840.53
1455.6,243,3.3,12.7,40.0,low,office,flat,2593.42
3226.8,217,26.0,14.9,41.6,high,hospital,flat,3406.8
2910.8,252,3.5,8.1,33.8,low,retail,off_peak,3354.7
1681.5,301,32.2,10.1,43.2,low,office,flat,2633.88
2383.3,246,4.2,23.1,52.5,medium,office,flat,3494.58
2164.1,241,7.1,10.9,52.6,medium,school,off_peak,2892.24
1941.2,235,17.1,14.4,62.1,high,retail,off_peak,2713.91
1785.9,215,19.2,14.6,64.9,low,office,peak,2925.17
1271.3,270,23.8,11.1,59.6,low,hospital,peak,2521.79
2884.6,53,14.4,12.0,53.3,medium,office,off_peak,2538.73
2946.1,313,35.7,12.8,49.2,medium,school,off_peak,3543.83
2410.6,238,14.3,16.8,49.5,high,hospital,flat,3126.69
400.0,292,23.7,13.7,47.4,high,school,flat,1955.39
2396.5,96,15.3,23.2,52.9,low,school,flat,3068.27
1758.8,285,21.9,19.8,74.9,low,retail,flat,3242.91
3031.7,156,30.4,15.7,47.5,high,retail,off_peak,3276.94
881.1,153,27.7,16.0,62.5,medium,school,peak,1953.72
3186.7,43,18.9,14.8,58.1,medium,office,off_peak,2800.44
2756.6,170,17.3,19.4,57.5,low,office,peak,3357.14
4169.3,26,3.1,9.9,39.6,high,retail,off_peak,3326.29
3469.2,250,29.6,9.8,37.0,low,school,peak,3660.81
3726.7,52,10.5,7.9,63.2,low,office,peak,3126.61
1353.3,44,15.3,13.4,54.0,medium,office,flat,1822.67
784.4,300,24.1,7.4,47.7,medium,retail,flat,2072.61
2777.1,280,14.3,9.3,29.6,low,hospital,off_peak,3217.18
2521.1,51,10.3,12.1,50.6,low,school,peak,2535.07
1713.0,147,18.8,23.9,71.5,high,office,flat,2743.96
1797.7,38,25.5,13.0,63.8,medium,retail,flat,1937.71
2534.4,211,-7.4,12.4,57.4,high,retail,peak,3306.37
3170.9,244,17.9,8.7,29.9,high,school,flat,3120.9
2179.2,43,14.2,7.1,59.5,high,school,off_peak,1739.72
1221.1,127,6.0,18.2,70.6,medium,school,peak,2366.42
1658.6,165,5.1,16.1,46.5,medium,office,off_peak,2552.19
1696.0,254,28.3,12.0,52.6,medium,retail,peak,2629.96
1941.0,260,3.4,11.8,49.2,low,office,peak,3022.54
1670.9,23,28.7,16.3,59.2,high,office,flat,1885.0
3548.8,27,26.9,12.8,61.8,medium,school,flat,3044.76
1835.4,111,31.2,8.3,55.2,low,office,peak,2174.56
2589.5,90,27.2,18.3,56.7,medium,retail,off_peak,2811.12
2792.6,51,5.8,23.1,50.6,high,hospital,peak,3145.34
2725.2,105,6.8,15.4,28.3,low,retail,peak,3039.33
2538.3,56,3.0,16.8,43.6,medium,office,flat,2832.99
2069.7,244,24.5,24.0,55.9,medium,office,peak,3275.89
3680.8,158,17.6,7.6,59.1,high,school,off_peak,3052.19
3236.4,212,-3.4,16.0,57.4,medium,school,flat,3763.0
710.3,63,25.6,14.7,63.5,medium,office,flat,1673.5
2928.9,30,22.3,9.3,54.1,low,hospital,flat,2511.61
2525.2,239,16.0,20.5,53.5,low,retail,off_peak,3423.86
3083.9,91,32.4,9.3,61.8,high,hospital,off_peak,2663.76
1938.3,69,13.7,8.0,56.4,medium,hospital,peak,2131.1
3016.8,238,13.5,17.5,50.7,high,school,flat,3403.96
3151.1,42,36.9,9.3,65.4,medium,office,off_peak,2644.12
2861.0,19,24.2,13.6,56.5,high,school,flat,2492.1
682.0,10,14.7,9.5,51.5,high,school,off_peak,912.54
400.0,117,8.1,16.2,45.9,low,office,off_peak,1642.51
2960.4,64,15.5,13.4,47.6,medium,school,flat,2641.79
1879.0,311,25.8,8.5,51.0,medium,school,off_peak,2724.73
4053.1,166,24.7,23.0,45.4,low,office,flat,4169.35
1564.8,293,21.7,14.3,34.5,high,retail,flat,2675.35
2245.7,265,31.8,20.5,47.0,low,hospital,off_peak,3569.22
2047.6,215,5.1,16.9,53.1,medium,school,flat,3039.11
2161.3,172,8.9,12.6,56.2,medium,school,off_peak,2735.01
922.9,298,20.3,13.8,44.2,low,school,peak,2372.55
1425.9,188,22.6,11.7,58.3,high,retail,off_peak,2196.53
2191.1,273,24.9,6.1,55.2,medium,office,off_peak,2539.94
2043.1,182,18.7,22.7,43.3,low,office,peak,3090.68
2278.6,171,10.1,11.1,45.6,high,office,peak,2680.67
2057.9,290,23.3,14.9,66.2,medium,office,off_peak,2965.55
2973.2,270,29.3,22.6,55.4,high,office,peak,3892.82
2116.9,135,24.2,17.0,54.9,medium,school,off_peak,2500.16
2401.4,73,33.4,19.7,53.3,high,retail,peak,2898.43
2891.1,304,35.0,17.5,53.7,low,office,off_peak,3857.45
1466.4,43,8.7,10.1,57.7,low,school,flat,1839.15
1725.3,297,23.2,20.5,65.3,low,hospital,peak,3223.47
4427.6,319,-4.4,14.0,57.4,low,school,flat,4666.51
2804.5,61,14.1,14.1,42.8,low,school,flat,2879.7
1584.6,23,23.5,18.4,50.3,medium,retail,off_peak,2031.09
2492.4,22,11.4,12.6,46.1,medium,hospital,peak,2524.68
2837.2,37,36.1,10.9,59.7,medium,retail,off_peak,2634.04
2744.0,212,37.8,13.0,54.3,medium,retail,flat,3360.6
1068.4,141,4.7,13.4,61.6,medium,office,flat,2109.68
2875.0,297,2.6,15.0,52.1,low,school,off_peak,3685.86
1950.1,250,12.1,13.8,61.6,high,hospital,flat,2879.09
1845.0,124,17.2,16.2,55.1,low,office,peak,2549.21
2430.6,81,18.3,14.6,51.3,high,hospital,flat,2594.34
2346.2,292,11.3,14.3,59.8,medium,office,peak,3321.81
3428.8,54,10.2,5.2,59.1,medium,school,flat,2679.24
2572.5,34,20.3,15.5,43.2,medium,retail,flat,2399.73
2195.5,250,4.6,10.9,38.6,low,retail,peak,3264.68
1962.8,196,11.4,14.9,25.4,high,retail,peak,2773.76
3567.4,95,21.2,16.5,61.0,high,retail,peak,3274.91
2697.7,287,21.5,17.3,54.9,low,retail,flat,3382.21
1486.2,53,12.8,15.7,62.5,low,retail,flat,2147.42
2894.9,63,16.6,15.2,62.9,high,hospital,off_peak,2956.61
2703.2,147,-2.1,9.0,46.8,medium,office,peak,2938.66
2892.5,72,13.3,8.0,58.6,medium,retail,peak,2797.76
2931.1,246,17.7,18.8,36.2,medium,hospital,flat,3410.91
4393.9,26,30.7,9.5,47.5,low,retail,peak,3518.27
2926.0,15,14.1,18.8,55.9,low,retail,flat,2869.71
2505.0,15,3.2,14.3,41.5,medium,retail,peak,2624.45
822.9,188,19.3,9.5,36.1,high,retail,flat,1670.6
2584.6,300,15.6,11.4,55.5,medium,retail,peak,3315.75
2080.8,65,3.1,11.5,49.3,high,hospital,off_peak,2554.91
2018.4,235,19.8,7.5,44.5,medium,school,flat,2463.12
2649.8,116,26.7,10.6,70.2,medium,school,peak,2670.85
2447.3,134,7.7,5.6,31.3,medium,retail,flat,2505.09
1800.7,295,38.0,18.5,57.2,medium,retail,off_peak,3266.44
2018.1,52,28.6,18.6,44.0,medium,office,flat,2349.84
2493.6,112,1.6,17.5,78.5,high,hospital,off_peak,2941.38
2513.6,133,22.0,13.5,60.0,high,school,peak,2718.93
2364.3,141,4.2,6.9,66.9,low,school,flat,2753.21
3509.3,114,38.0,18.1,64.0,high,retail,flat,3643.57
3530.2,40,14.6,7.9,68.7,low,retail,peak,2916.32
1315.3,126,38.0,13.2,49.2,medium,retail,flat,2205.97
556.3,73,18.3,17.4,49.7,medium,hospital,flat,1509.73
1740.7,155,29.5,10.0,46.5,high,hospital,off_peak,2179.59
2410.5,56,4.9,12.9,43.2,medium,hospital,peak,2786.72
2254.2,285,8.4,15.9,57.6,medium,hospital,flat,3226.86
1595.7,167,16.6,22.7,42.3,low,retail,off_peak,2746.42
3048.6,90,3.1,17.0,41.8,medium,school,flat,3329.2
1923.5,256,17.3,11.6,47.6,high,retail,off_peak,2593.8
2617.5,304,22.4,7.5,70.7,low,retail,flat,2936.44
1365.8,234,32.9,9.0,45.2,low,hospital,off_peak,2283.31
2730.4,181,29.9,8.3,53.1,low,hospital,flat,2809.42
2067.9,288,23.2,13.9,53.0,medium,office,off_peak,3024.49
3062.2,173,0.6,6.4,58.8,medium,office,flat,3100.61
3006.3,18,23.6,21.9,63.4,high,retail,flat,3184.29
3323.8,35,26.4,12.8,62.1,low,retail,off_peak,2868.17
2280.5,247,15.3,16.2,64.9,low,hospital,flat,3388.74
1514.8,267,12.6,18.2,52.1,high,school,off_peak,2820.91
2129.7,37,24.1,19.0,45.9,high,hospital,off_peak,2415.98
3286.8,162,24.1,14.3,71.9,low,hospital,flat,3456.14
2612.3,257,24.2,9.1,62.3,medium,office,off_peak,2922.45
801.8,269,17.6,13.9,41.8,medium,retail,flat,2094.59
3265.1,174,12.9,13.4,77.2,medium,hospital,peak,3499.15
3933.2,92,17.9,12.4,44.9,low,school,peak,3450.75
1784.2,124,9.0,10.6,50.9,medium,hospital,peak,2275.94
1458.3,262,16.6,9.8,56.6,low,office,flat,2560.55
2198.2,146,28.9,15.9,53.5,medium,retail,off_peak,2719.35
1621.6,171,8.8,7.2,45.4,high,school,peak,2029.07
2893.7,55,26.9,16.7,47.1,medium,school,off_peak,2747.74
2809.9,266,21.1,12.6,41.8,high,retail,flat,3161.28
2628.5,246,9.2,18.4,61.2,medium,school,flat,3477.22
3101.8,213,2.8,15.7,76.4,high,office,off_peak,3579.45
400.0,239,11.0,7.0,46.1,medium,school,off_peak,1681.66
2956.7,314,11.7,13.0,32.4,medium,hospital,peak,3760.47
3146.1,161,19.8,16.2,32.9,medium,office,flat,3130.46
2232.8,62,8.9,12.7,50.8,medium,hospital,off_peak,2512.38
2841.9,24,22.5,18.2,56.5,low,office,off_peak,2835.42
3437.8,38,26.1,16.0,54.7,medium,office,flat,3068.86
2330.5,49,4.7,14.5,40.4,medium,retail,peak,2581.35
2087.9,164,29.8,17.6,63.0,low,school,peak,3049.51
2029.0,91,26.7,12.9,40.7,high,hospital,off_peak,2371.74
4294.7,27,7.7,14.8,53.8,high,retail,flat,3558.8
2195.4,130,16.3,12.3,65.3,low,school,peak,2618.43
2130.1,215,28.2,17.2,42.5,high,office,peak,2946.9
707.5,299,19.5,15.8,59.6,high,school,flat,2219.79
1749.0,303,32.7,16.6,47.6,medium,school,flat,2949.06
2266.2,251,6.8,6.3,35.9,medium,school,flat,2623.68
2063.8,131,30.5,17.4,38.9,low,hospital,peak,2911.79
1223.7,148,4.1,13.7,47.9,high,hospital,off_peak,2196.63
2665.5,146,24.8,17.7,50.8,medium,retail,flat,2933.65
2362.8,244,11.7,19.9,47.1,medium,hospital,off_peak,3388.32
2876.5,223,27.6,24.0,53.1,high,retail,peak,3737.27
3618.5,181,33.0,15.3,63.3,medium,school,off_peak,3628.82
1376.8,71,4.4,6.7,56.2,medium,retail,peak,1661.15
3121.1,179,30.2,11.4,46.5,medium,hospital,peak,3350.26
3116.5,38,9.6,9.9,52.5,low,office,flat,2763.99
1502.6,90,29.3,12.9,56.2,medium,retail,peak,1945.41
1337.4,193,13.0,13.5,48.7,medium,retail,off_peak,2130.05
2598.7,245,13.3,19.0,58.4,medium,hospital,flat,3519.15
2729.5,184,2.4,21.9,58.8,medium,school,peak,3653.61
1743.3,61,26.7,14.6,36.5,high,retail,peak,2075.46
1189.1,71,26.4,9.9,41.0,medium,school,flat,1419.83
2894.1,258,21.1,20.9,54.8,medium,school,flat,3770.3
2448.6,41,9.3,8.8,61.0,medium,retail,flat,2355.92
2034.4,114,28.0,15.9,56.6,low,hospital,peak,2741.43
1621.6,248,23.4,12.5,66.0,medium,hospital,peak,2679.49
2192.7,257,18.2,17.9,52.8,medium,retail,peak,3258.81
4107.3,107,18.1,16.1,52.4,high,school,off_peak,3573.33
2298.4,149,7.6,20.8,45.6,low,office,peak,3329.89
2324.9,149,9.4,16.9,48.5,medium,school,off_peak,2914.29
2555.8,58,15.2,10.1,38.0,medium,hospital,flat,2467.8
1854.0,283,19.9,13.1,56.8,medium,school,flat,2732.54
3726.1,31,18.1,15.9,42.4,low,retail,peak,3361.5
781.3,205,-8.0,11.9,43.9,high,school,peak,2150.99
1994.0,277,27.9,18.6,46.9,high,retail,peak,3164.07
1755.8,261,26.0,4.0,61.6,medium,office,flat,2324.24
4102.6,116,15.5,24.0,45.8,low,school,flat,4130.12
2294.7,300,17.7,10.1,62.6,high,retail,flat,2921.33
1985.9,191,16.4,16.8,48.5,high,retail,peak,2994.41
2822.9,38,14.6,14.3,52.6,high,school,peak,2651.8
3105.3,127,17.1,16.0,55.8,medium,school,off_peak,3228.15
2289.2,256,26.8,11.6,59.4,high,office,peak,2867.95
2027.8,141,14.1,18.4,71.5,high,retail,peak,2801.57
1585.5,128,24.3,11.1,61.4,medium,retail,peak,2276.17
3574.8,42,22.7,14.4,62.1,high,school,peak,3086.64
2879.8,53,8.5,6.6,36.0,medium,office,flat,2536.55
3435.7,267,10.4,19.7,59.3,high,office,peak,4118.45
3738.8,219,16.4,18.3,60.8,medium,school,peak,3989.86
2290.4,27,23.5,20.4,51.4,low,hospital,peak,2577.74
2871.5,273,18.5,12.4,66.1,medium,school,flat,3351.26
1667.1,21,6.8,12.1,50.8,low,school,flat,1966.99
1457.7,142,26.9,4.0,51.1,high,school,flat,1767.67
2402.0,27,18.4,17.9,61.6,high,school,peak,2374.5
2323.0,200,9.7,7.9,59.2,medium,office,off_peak,2601.93
3301.0,143,30.9,8.8,61.8,medium,hospital,flat,2984.44
2955.0,169,11.5,15.0,55.1,medium,office,flat,3167.11
1054.8,95,22.9,12.8,56.6,low,retail,off_peak,1872.18
2320.4,145,20.4,9.7,63.3,medium,school,off_peak,2520.58
2426.3,254,10.3,13.9,62.6,low,hospital,flat,3337.51
2833.3,178,6.0,4.2,35.4,high,hospital,flat,2736.01
2599.4,30,19.1,12.1,61.6,medium,hospital,flat,2419.26
1346.7,48,14.2,17.3,50.8,medium,office,flat,1922.19
1549.1,146,25.3,7.4,51.4,high,office,flat,1689.7
2789.4,276,25.8,23.5,57.1,medium,office,off_peak,3752.22
3213.2,58,15.2,12.3,58.7,medium,office,peak,2954.97
2783.9,159,19.9,13.5,56.7,medium,retail,flat,2952.0
2002.5,240,29.6,15.5,52.4,low,school,off_peak,2966.85
2151.9,67,13.5,23.0,37.7,high,school,peak,2729.43
2626.6,121,14.3,22.1,64.3,high,hospital,flat,3026.83
1946.5,132,7.3,18.7,43.0,high,office,peak,2628.98
3566.5,80,10.9,24.0,34.8,low,retail,peak,3826.64
2904.0,307,14.3,15.1,57.3,medium,retail,flat,3554.68
2377.7,221,16.9,7.1,38.4,medium,hospital,flat,2739.46
1992.3,72,34.5,18.4,31.0,high,office,peak,2382.98
3039.1,181,17.9,12.4,58.2,medium,office,flat,3017.56
2966.7,31,25.4,11.1,55.8,high,retail,off_peak,2463.66
2737.2,183,-0.1,16.4,67.8,medium,retail,off_peak,3457.9
2972.3,72,38.0,16.8,50.4,low,hospital,flat,3162.74
1513.2,229,24.7,13.3,44.3,low,school,off_peak,2418.93
1080.5,56,21.2,10.6,58.8,medium,hospital,flat,1592.13
1607.7,314,17.8,11.3,55.0,medium,retail,flat,2596.89
2771.5,102,9.7,10.6,43.2,high,retail,off_peak,2675.05
2112.6,140,17.3,22.0,53.5,medium,hospital,flat,2811.13
3218.7,294,16.5,15.2,56.6,medium,retail,peak,3812.75
1014.9,319,36.6,15.6,52.5,low,school,off_peak,2743.98
2773.3,195,8.4,8.0,44.0,medium,hospital,peak,3118.41
2180.5,229,13.3,11.4,34.6,medium,retail,flat,2923.91
2560.9,64,33.3,15.7,49.5,high,office,off_peak,2462.33
2368.5,42,26.0,15.9,43.0,low,retail,flat,2443.99
2610.9,306,-4.5,15.5,53.5,low,hospital,off_peak,3709.73
2760.8,122,27.0,15.0,56.3,medium,hospital,peak,3048.85
2727.5,76,10.2,11.2,79.0,medium,retail,off_peak,2662.66
2914.4,10,18.1,19.4,62.9,high,school,peak,2983.39
1556.6,147,8.9,4.1,41.9,medium,hospital,flat,1957.42
3069.5,207,27.0,9.3,48.4,low,hospital,flat,3132.26
2052.2,183,3.9,9.2,51.2,high,school,flat,2422.36
1550.7,59,26.2,23.0,44.8,medium,hospital,flat,2318.1
3608.7,222,11.4,9.2,53.0,low,retail,flat,3725.19
1930.3,316,18.8,16.8,44.1,medium,school,flat,3097.41
2632.2,246,13.5,15.2,56.8,low,hospital,peak,3442.25
2898.1,138,14.7,17.7,36.9,medium,school,peak,3253.01
400.0,44,11.5,11.7,32.0,low,school,flat,1113.55
2401.3,133,23.2,24.0,56.9,low,school,off_peak,3244.6
416.4,99,22.0,13.0,60.4,high,school,peak,1468.4
3620.2,244,14.2,21.6,39.8,medium,school,peak,4093.06
682.8,283,20.2,9.0,55.9,high,school,peak,1927.53
2243.4,202,21.3,18.5,67.3,high,office,peak,2986.16
2369.7,123,12.4,13.1,62.2,low,school,peak,2654.23
1687.5,52,9.3,9.5,64.2,medium,hospital,peak,1989.02
1067.3,110,5.5,14.2,54.4,low,hospital,flat,2086.33
2739.4,206,12.5,19.0,64.2,medium,school,flat,3497.25
1988.3,255,17.2,19.4,47.7,medium,school,off_peak,2924.97
3882.0,262,12.9,6.2,51.5,medium,hospital,flat,3753.51
1927.8,291,10.1,10.4,54.4,low,office,off_peak,3056.75
2361.1,133,24.3,22.0,58.9,high,office,peak,2943.59
2984.2,143,30.2,6.7,55.6,low,retail,peak,2912.48
2178.5,41,12.9,22.0,31.7,medium,retail,peak,2923.74
1714.1,181,25.0,14.2,31.5,high,school,flat,2316.28
2004.3,179,23.3,12.5,46.6,medium,retail,peak,2707.63
2087.9,107,6.8,16.5,52.5,low,school,flat,2702.56
2645.3,55,11.7,12.0,39.7,high,retail,off_peak,2561.13
2167.8,36,12.3,4.1,43.7,low,school,flat,1864.66
2039.2,170,14.0,15.4,54.5,medium,office,peak,2645.04
2698.8,79,6.9,11.4,50.3,low,hospital,peak,3013.18
2960.7,47,-8.0,11.3,51.4,high,hospital,off_peak,2876.36
2717.0,267,23.4,15.6,57.7,low,retail,flat,3325.22
2131.4,41,11.9,16.9,51.5,low,office,flat,2408.19
2688.2,162,29.5,20.8,36.4,medium,retail,flat,3171.55
1701.6,188,2.2,4.9,58.1,high,retail,flat,2180.85
2193.9,122,29.1,13.4,20.0,low,hospital,peak,2659.25
2384.4,196,27.5,6.1,43.3,low,retail,off_peak,2819.08
2705.3,193,19.8,13.5,55.8,high,retail,peak,3004.42
2791.4,140,25.5,13.3,60.9,low,hospital,flat,3117.26
3055.1,166,28.1,19.0,71.7,medium,hospital,peak,3613.91
3534.6,176,17.1,13.7,58.7,medium,office,flat,3388.12
2215.0,186,18.0,18.6,61.4,high,office,peak,3040.35
1279.6,149,28.7,19.1,41.5,low,retail,flat,2372.3
2089.9,231,15.7,6.8,43.8,medium,hospital,flat,2602.64
2217.4,256,12.0,18.2,52.6,medium,school,peak,3399.61
3073.3,151,29.1,9.5,33.2,low,school,peak,3033.69
3140.7,299,14.0,10.1,41.9,low,retail,peak,3640.54
2320.0,18,19.0,8.2,77.0,medium,hospital,flat,2067.08
1686.5,104,5.9,17.8,40.3,low,office,peak,2649.42
2979.6,244,29.4,14.4,49.7,low,school,off_peak,3347.79
1896.4,311,4.9,20.7,52.9,medium,hospital,off_peak,3513.27
1874.7,301,23.8,13.9,52.7,medium,hospital,off_peak,2940.42
1502.4,110,10.3,13.8,65.7,medium,hospital,peak,2299.6
1942.3,305,23.5,14.6,52.0,medium,school,flat,2989.86
3200.9,192,21.3,8.1,58.4,medium,retail,flat,2969.46
3391.3,23,31.3,22.0,50.9,low,retail,off_peak,3441.87
2497.4,257,13.4,13.8,50.8,medium,school,peak,3291.95
2460.0,268,6.8,15.8,46.3,medium,hospital,off_peak,3383.82
3273.2,252,22.7,9.5,51.8,medium,school,peak,3412.07
3293.5,83,33.2,5.4,51.3,high,hospital,peak,2823.64
4355.4,171,13.8,14.0,39.0,low,hospital,peak,4130.22
2832.8,37,25.3,12.5,61.3,medium,hospital,flat,2629.82
1069.3,251,11.4,4.2,58.6,medium,school,off_peak,1967.24
2986.6,231,16.3,11.2,39.4,low,retail,flat,3251.99
2230.0,228,22.7,14.9,36.4,low,retail,flat,2998.29
1566.5,299,14.8,14.0,50.7,high,office,off_peak,2846.73
2764.2,146,23.3,4.0,47.9,medium,office,flat,2287.73
2853.1,243,27.8,19.3,48.1,high,retail,peak,3553.79
1271.3,235,5.2,13.5,60.8,medium,retail,peak,2473.08
2160.6,95,30.5,14.2,44.4,medium,retail,peak,2411.95
3267.4,240,24.6,17.1,43.4,medium,office,off_peak,3817.34
3248.1,266,25.4,13.6,48.1,high,office,peak,3557.87
2228.7,72,28.4,17.0,46.9,low,hospital,flat,2738.75
2512.3,68,15.7,21.3,66.7,low,retail,flat,2847.98
2275.5,127,17.0,9.6,66.3,medium,office,peak,2406.9
2436.9,280,19.8,24.0,60.7,high,retail,flat,3558.33
2061.2,183,11.8,15.2,55.0,low,retail,peak,2840.82
2376.6,253,13.4,19.3,50.1,low,school,peak,3294.41
2208.1,219,12.5,12.2,62.9,high,office,off_peak,2788.39
1367.1,124,24.8,24.0,67.3,medium,hospital,off_peak,2511.56
2212.6,154,28.5,12.2,68.1,high,school,peak,2426.99
3968.6,118,18.4,12.8,51.1,high,hospital,off_peak,3383.28
1746.9,171,17.3,22.4,59.6,low,hospital,off_peak,2883.16
3776.1,108,18.0,13.5,46.3,high,school,off_peak,3295.3
2869.0,25,30.0,17.9,60.5,low,hospital,flat,2851.89
3132.4,30,27.9,15.8,56.4,medium,office,peak,2851.89
1231.3,244,16.8,14.5,64.1,high,retail,flat,2325.68
2453.3,102,9.3,13.8,51.9,low,school,flat,2651.97
3857.1,141,38.0,17.7,45.0,medium,office,flat,3697.52
2770.8,65,32.2,15.8,53.7,medium,retail,flat,2769.55
2526.6,260,3.8,24.0,49.1,high,hospital,flat,3610.94
629.5,49,21.0,8.1,43.1,low,hospital,peak,1373.53
2935.7,173,15.2,22.8,51.6,medium,office,peak,3570.3
2831.7,194,34.0,16.0,58.7,medium,retail,peak,3257.26
3885.3,207,20.1,19.0,74.1,low,school,flat,4059.41
3590.2,66,19.5,16.5,18.0,low,retail,off_peak,3325.08
3680.6,78,0.6,12.3,46.8,medium,office,flat,3398.01
2466.4,280,15.0,8.3,45.4,medium,school,off_peak,2862.07
1623.3,151,12.7,19.5,58.8,low,school,off_peak,2472.97
2235.4,91,29.2,14.1,49.6,medium,hospital,flat,2394.54
4086.9,126,12.6,16.6,62.4,low,office,off_peak,3921.59
3373.8,214,22.8,11.6,55.5,low,school,flat,3424.59
1739.7,62,14.6,12.6,62.0,medium,school,flat,2189.7
2585.5,66,7.2,18.3,53.5,low,hospital,flat,2942.61
2690.6,211,21.8,4.0,61.9,medium,hospital,flat,2725.02
2070.7,91,28.6,4.0,44.2,high,office,peak,1967.61
2210.2,185,24.2,17.0,37.8,medium,hospital,peak,2940.04
1952.3,268,25.4,15.0,60.7,medium,office,flat,2774.04
2013.7,315,-3.1,24.0,42.4,medium,school,peak,3767.51
1889.9,191,23.2,13.9,37.6,medium,office,off_peak,2502.91
3068.9,192,19.0,13.8,50.8,medium,school,flat,3134.5
3358.3,109,8.5,18.6,60.6,medium,school,flat,3539.06
2481.5,131,16.7,14.1,58.4,low,retail,peak,2885.41
2417.4,65,-0.1,10.4,45.0,high,school,peak,2390.11
1511.5,104,8.6,16.2,37.8,high,hospital,off_peak,2276.93
3154.8,239,21.6,20.4,43.3,high,retail,off_peak,3625.73
1818.7,138,13.8,17.7,50.6,high,hospital,peak,2625.63
2287.7,197,12.1,19.3,40.6,medium,retail,flat,3191.74
2977.4,222,19.0,6.3,58.3,medium,office,peak,2920.52
1049.1,48,9.3,16.8,58.4,medium,school,flat,1869.4
3105.8,151,14.5,10.2,61.9,high,office,flat,3061.34
1437.5,319,0.4,10.2,63.1,high,office,flat,2659.72
2960.9,231,34.6,10.6,46.9,low,hospital,flat,3420.43
2651.2,207,17.2,18.0,47.1,high,hospital,flat,3236.82
1386.2,236,14.7,9.5,38.1,medium,office,flat,2033.35
3302.8,201,28.0,10.2,47.5,medium,hospital,off_peak,3394.53
3687.9,111,18.9,8.8,50.1,low,retail,flat,3209.84
2100.2,174,26.3,14.1,60.3,low,school,peak,2763.44
1648.8,213,7.3,9.7,58.4,high,office,flat,2291.27
2699.9,255,25.9,10.5,40.1,medium,school,off_peak,3069.36
400.0,308,14.0,17.9,64.6,high,hospital,flat,2358.05
2182.9,10,18.3,17.4,54.9,medium,office,flat,2333.48
1487.8,209,26.4,10.9,55.9,medium,school,flat,2248.01
1845.9,61,29.7,15.9,39.9,high,hospital,flat,2294.86
2565.0,243,4.7,16.7,49.2,low,hospital,peak,3556.19
2761.6,73,3.4,23.6,55.5,low,retail,flat,3416.66
1054.1,32,11.3,11.2,48.6,medium,school,flat,1422.32
1912.9,185,23.8,9.8,67.9,low,office,flat,2298.73
2142.5,140,35.3,10.4,51.0,medium,hospital,off_peak,2540.49
2105.9,17,10.1,14.7,25.7,high,hospital,off_peak,2172.7
2938.1,140,37.1,8.6,56.7,high,school,flat,2757.85
1991.9,132,1.6,14.4,57.9,medium,hospital,flat,2783.27
1999.4,167,17.7,20.5,76.6,medium,retail,off_peak,2870.22
1026.6,166,5.0,9.5,51.1,low,retail,peak,2019.62
1044.8,102,20.4,23.3,54.9,high,school,peak,2158.37
1553.0,80,2.1,10.0,43.4,high,school,flat,1877.5
2633.4,134,3.6,16.1,56.2,high,retail,peak,3207.55
3965.5,155,11.8,8.8,60.4,high,office,flat,3390.34
2146.0,26,24.3,6.9,47.0,medium,retail,off_peak,1854.52
1956.3,131,20.8,14.7,68.6,low,retail,peak,2644.02
2139.7,41,19.2,19.5,57.3,high,office,flat,2372.82
3055.3,62,8.2,5.9,54.6,medium,retail,flat,2755.82
2399.7,100,30.3,9.7,55.5,medium,retail,peak,2612.46
643.0,257,20.3,10.0,46.8,medium,school,flat,1787.29
1002.7,112,14.6,17.1,66.1,medium,office,flat,1895.36
2649.3,212,12.2,11.3,46.3,medium,office,flat,3100.83
2878.3,241,24.2,10.6,46.3,high,school,peak,3043.33
3990.2,119,13.0,4.7,57.2,medium,school,peak,3255.05
3184.5,173,21.6,13.1,51.3,high,school,off_peak,3070.67
1884.0,34,35.1,14.4,44.0,high,retail,flat,2287.87
3047.2,30,26.4,15.2,59.9,high,retail,flat,2861.09
3861.5,33,30.9,12.4,53.5,medium,hospital,off_peak,3170.7
3192.0,153,32.6,20.6,59.5,medium,school,peak,3628.42
2684.4,284,24.7,18.6,60.2,high,retail,off_peak,3379.69
2362.2,246,25.1,7.6,61.7,low,retail,peak,2973.55
2457.4,158,10.7,15.8,55.7,medium,school,flat,2836.22
2446.8,209,0.0,12.4,52.9,low,retail,flat,3003.33
1134.8,259,16.5,12.1,58.9,low,hospital,flat,2393.71
2421.4,114,29.7,9.4,55.6,medium,hospital,off_peak,2418.15
1765.2,87,28.9,19.7,34.4,high,retail,flat,2512.06
3133.1,292,16.5,17.1,50.4,medium,school,off_peak,3809.07
1244.9,119,0.7,10.4,46.4,high,hospital,off_peak,1946.43
3978.3,21,32.8,18.6,49.6,medium,office,peak,3576.65
3013.4,246,16.3,13.0,49.4,high,retail,flat,3405.96
1296.7,271,25.8,9.7,58.0,medium,hospital,peak,2483.84
2029.0,193,14.9,8.7,46.0,medium,office,peak,2547.06
3576.5,241,23.6,8.1,47.0,low,retail,flat,3540.99
2231.7,133,21.4,10.3,51.4,low,hospital,off_peak,2399.69
3379.6,22,23.0,8.2,54.3,high,hospital,off_peak,2606.47
2848.0,74,21.2,9.3,50.3,medium,school,peak,2576.04
1669.2,160,5.2,16.0,55.5,low,hospital,off_peak,2718.32
3658.3,37,30.8,11.3,50.4,medium,office,peak,2972.5
3933.0,199,7.8,4.0,56.9,medium,retail,peak,3507.63
2586.1,104,21.8,8.9,51.4,low,office,peak,2539.82
2820.1,157,5.0,12.5,49.0,high,office,off_peak,2876.4
1077.5,228,18.9,10.7,52.4,low,retail,flat,2122.42
2037.6,104,3.7,24.0,62.4,medium,school,off_peak,2923.76
3571.2,259,9.2,11.5,40.7,medium,school,flat,3588.99
2180.2,75,17.7,13.3,41.3,low,school,peak,2532.1
1436.1,96,29.9,17.2,55.2,high,school,peak,2139.38
2830.6,66,16.9,13.8,53.0,low,office,flat,2754.9
1447.9,158,8.9,12.9,50.1,high,office,off_peak,2239.16
3104.7,69,2.5,17.3,50.2,medium,retail,off_peak,3238.89
3252.0,162,17.7,17.7,55.8,medium,office,flat,3493.67
2134.8,116,25.8,13.5,52.9,low,school,off_peak,2353.52
2612.7,144,22.5,17.0,61.7,low,retail,off_peak,2955.47
1985.8,111,23.1,7.6,52.6,medium,school,off_peak,2126.35
730.8,120,6.2,12.5,54.1,medium,office,off_peak,1565.65
1948.0,243,27.1,9.8,67.4,low,hospital,peak,2718.96
2186.0,258,11.8,8.2,41.0,medium,school,off_peak,2684.81
3233.9,106,0.6,13.5,60.3,medium,school,off_peak,3247.08
2764.8,182,14.5,6.8,50.8,medium,hospital,peak,2845.67
3431.0,60,19.3,14.5,64.1,low,retail,off_peak,3071.11
2634.9,244,38.0,21.2,45.8,low,hospital,off_peak,3702.34
2799.1,275,12.1,13.2,53.2,medium,retail,off_peak,3461.28
3180.4,188,15.2,13.8,51.3,high,hospital,peak,3355.26
2833.3,241,28.2,14.9,53.5,medium,hospital,peak,3395.82
3021.2,106,25.4,13.3,53.0,medium,office,flat,2737.05
1175.1,83,31.5,11.0,58.2,medium,office,flat,1719.85
1377.0,305,5.4,15.4,52.7,high,office,flat,2727.34
3119.5,249,8.4,7.4,56.6,high,school,off_peak,3236.18
2218.3,34,12.9,10.2,55.5,high,hospital,peak,2272.43
3362.6,65,9.7,18.3,61.7,medium,retail,flat,3346.9
3068.2,114,14.1,7.3,48.2,low,retail,peak,2892.21
2519.2,34,0.0,14.1,49.8,medium,office,flat,2635.15
2591.5,112,25.7,11.0,47.2,low,school,peak,2637.88
2169.5,142,7.4,15.7,43.5,medium,school,flat,2732.39
532.1,278,14.2,11.1,55.1,low,hospital,peak,2272.52
684.6,171,24.1,13.7,58.2,high,office,peak,1828.76
3378.2,114,12.7,15.2,47.2,medium,hospital,flat,3366.54
1656.8,166,17.9,14.3,36.7,low,school,flat,2402.12
4264.3,51,11.0,7.5,60.0,medium,office,flat,3324.87
2013.7,91,-3.7,9.9,33.1,low,retail,peak,2624.98
2622.1,80,22.1,11.5,61.1,medium,hospital,flat,2746.92
1713.2,265,8.2,17.5,50.4,low,hospital,flat,3039.47
3909.4,244,38.0,8.0,51.0,medium,retail,peak,3931.5
1416.4,248,33.4,15.2,53.3,low,retail,off_peak,2667.22
3155.8,94,9.6,21.3,46.4,low,school,flat,3470.96
2345.9,48,10.7,15.5,65.5,high,school,peak,2523.07
3279.2,163,17.2,14.4,60.5,medium,retail,peak,3434.12
1124.1,34,35.6,15.1,46.0,medium,hospital,flat,1839.88
2768.2,192,27.0,10.4,35.2,medium,school,peak,2896.19
2099.5,16,32.1,14.9,34.3,medium,office,peak,2378.81
3050.4,101,23.0,18.0,62.9,low,retail,flat,2984.17
2471.6,163,20.5,17.7,50.9,low,office,off_peak,2972.3
2357.1,166,38.0,18.2,48.3,medium,school,peak,3153.79
2436.4,69,10.7,16.7,55.5,high,hospital,flat,2854.5
3425.4,58,16.9,11.9,47.8,high,school,flat,2832.7
2326.3,215,32.0,23.7,56.6,high,office,off_peak,3249.36
2031.4,312,13.7,21.0,58.7,low,retail,off_peak,3352.51
3570.9,318,28.7,11.7,62.1,medium,school,flat,4027.89
2117.1,113,32.9,13.0,56.0,medium,hospital,peak,2426.44
1300.4,98,2.8,11.3,49.1,medium,school,flat,2005.23
3427.6,80,16.6,16.9,58.3,medium,office,flat,3224.44
1397.7,42,5.7,13.5,38.3,high,school,flat,1809.23
546.2,89,38.0,18.3,60.7,high,hospital,peak,1868.45
3077.9,193,31.8,14.6,47.6,medium,retail,flat,3458.65
2527.6,150,30.9,12.6,47.7,low,school,flat,2750.07
1502.8,273,35.6,18.1,48.8,medium,retail,off_peak,2850.3
3595.2,54,3.8,16.2,53.0,medium,office,flat,3507.62
400.0,286,24.4,19.1,46.3,low,retail,peak,2265.49
2636.4,190,34.5,4.3,31.4,medium,hospital,off_peak,2630.98
2946.6,70,-2.6,13.1,65.1,low,retail,off_peak,3077.75
2382.7,241,14.7,7.1,47.2,medium,school,flat,2585.83
2722.3,52,30.6,14.8,52.1,high,office,peak,2800.6
3169.7,159,13.7,15.2,56.0,medium,retail,peak,3268.84
2645.3,134,28.9,8.5,50.5,low,hospital,off_peak,2690.01
2235.3,18,12.5,9.1,37.3,low,hospital,peak,2288.11
2886.9,229,37.5,23.9,59.4,medium,school,flat,3759.14
644.3,204,8.0,13.5,52.4,high,hospital,off_peak,1953.14
2633.7,92,30.7,21.3,55.5,low,office,peak,3145.65
1362.5,81,8.0,22.2,48.3,low,retail,flat,2472.49
1900.9,203,18.9,19.6,37.2,low,retail,off_peak,2826.79
2172.1,180,23.3,20.5,55.4,medium,school,peak,2929.49
2419.3,299,27.0,17.3,58.7,high,office,flat,3372.58
400.0,173,13.8,9.0,43.1,medium,hospital,flat,1475.67
2394.5,177,6.2,13.8,63.5,high,retail,flat,2845.49
2297.2,50,6.8,18.0,54.5,medium,school,flat,2549.99
1323.2,87,-1.3,20.5,55.3,low,hospital,off_peak,2457.42
4231.1,111,22.9,8.3,56.1,medium,office,off_peak,3368.49
2995.6,271,23.2,12.6,55.4,medium,office,peak,3322.67
1324.4,20,22.1,16.2,72.2,low,retail,off_peak,1830.27
3317.0,18,7.4,7.7,53.2,low,school,peak,2860.15
3122.7,190,19.7,15.2,50.7,medium,hospital,off_peak,3467.11
1788.5,167,38.0,18.1,38.9,high,office,flat,2686.48
2785.1,214,18.9,4.0,64.2,medium,hospital,off_peak,2796.69
3340.9,44,-6.2,13.5,47.4,low,hospital,off_peak,3301.5
3276.7,288,16.5,9.9,57.9,high,hospital,off_peak,3481.76
1601.7,58,32.8,19.5,60.0,low,hospital,off_peak,2319.14
1622.3,275,6.6,17.9,80.9,low,office,off_peak,3005.66
2485.3,248,30.6,15.7,76.2,high,school,off_peak,3091.73
1802.9,22,10.2,14.6,58.3,high,school,flat,2071.42
2200.9,139,21.2,5.0,61.1,medium,office,peak,2185.1
1490.9,142,30.7,5.5,45.9,medium,hospital,peak,2067.88
3002.4,191,10.7,8.9,24.2,medium,retail,peak,3181.28
3369.4,272,22.6,8.5,50.9,high,retail,off_peak,3313.19
2691.5,33,24.3,4.5,49.6,medium,office,peak,2196.71
2477.1,86,9.2,19.8,53.2,high,hospital,flat,3104.19
2693.1,286,22.9,14.8,66.6,low,hospital,off_peak,3493.93
3414.1,77,24.3,12.9,71.8,high,office,off_peak,2838.27
3249.7,41,33.3,11.1,51.5,high,office,flat,2816.92
3137.2,57,7.5,12.1,43.7,high,school,peak,2843.65
2304.9,231,16.2,5.3,52.7,high,retail,peak,2493.15
1572.1,181,6.5,17.0,41.9,low,hospital,off_peak,2699.98
1199.9,218,19.3,19.4,34.9,high,hospital,peak,2555.29
2587.6,63,23.7,9.8,22.0,low,office,off_peak,2265.4
2171.6,248,25.0,10.7,51.4,high,retail,off_peak,2733.36
2872.1,53,18.8,14.6,62.6,medium,hospital,off_peak,2765.9
4218.4,96,1.6,13.3,55.6,high,office,flat,3730.69
2427.8,256,38.0,14.4,50.6,high,retail,flat,3127.35
3530.4,65,15.9,21.5,37.6,medium,school,peak,3494.22
1767.8,168,14.5,10.0,72.4,low,retail,flat,2290.2
3053.6,316,11.0,15.9,50.5,high,school,flat,3732.69
1928.4,198,29.2,19.2,54.7,low,retail,peak,3114.48
1700.7,231,34.3,8.0,63.1,medium,office,flat,2404.26
1489.0,255,1.6,24.0,55.0,high,hospital,flat,3175.89
2772.9,80,18.1,15.1,60.9,low,hospital,flat,2869.9
1192.6,67,19.9,14.6,49.0,high,retail,flat,1805.7
1680.7,137,22.4,15.3,46.0,high,office,peak,2197.05
1887.2,296,12.7,11.6,67.8,medium,office,off_peak,2780.79
1864.5,140,23.7,8.2,60.4,medium,hospital,peak,2211.41
2798.6,106,31.8,11.9,30.7,low,office,off_peak,2790.58
3968.1,222,24.4,8.2,56.5,high,retail,flat,3470.47
3486.1,263,20.7,17.1,48.5,medium,school,flat,3937.12
1787.9,266,17.1,6.0,52.7,low,retail,peak,2549.82
4015.0,77,9.2,16.1,54.9,low,office,off_peak,3523.62
2345.2,230,3.1,19.0,59.2,low,office,off_peak,3329.34
400.0,184,24.4,13.9,69.7,high,office,peak,1782.47
1818.5,103,32.4,19.7,53.6,low,office,flat,2625.94
1567.3,32,8.3,10.6,46.5,low,office,peak,1918.02
3605.1,118,24.2,19.9,48.9,medium,retail,off_peak,3616.47
1368.8,108,16.1,18.4,61.9,medium,hospital,flat,2305.36
2081.8,286,13.7,19.9,42.9,medium,office,peak,3376.03
2857.5,274,12.4,10.8,52.9,high,hospital,flat,3269.72
2627.4,252,17.4,19.9,50.8,medium,hospital,peak,3568.76
2308.0,58,5.3,11.2,43.8,medium,school,flat,2325.67
1342.0,281,3.8,16.7,43.1,medium,hospital,off_peak,2948.58
1098.8,218,22.9,18.5,76.0,low,hospital,flat,2311.26
1563.5,212,18.4,13.3,37.3,low,hospital,flat,2497.62
2554.3,159,11.9,8.6,51.2,high,hospital,flat,2774.5
3701.5,35,11.0,11.7,56.4,high,hospital,off_peak,3396.45
3385.7,295,28.2,9.5,62.1,medium,office,peak,3592.79
3073.4,50,4.1,15.9,53.2,low,retail,flat,3159.14
2892.2,18,17.5,10.9,50.4,medium,school,flat,2538.11
1633.9,14,26.0,7.9,45.8,low,office,off_peak,1451.55
2930.7,129,11.5,12.1,48.2,low,hospital,flat,3173.64
2685.4,62,5.0,13.7,55.1,high,school,peak,2692.44
2450.9,184,13.1,11.7,54.1,medium,school,off_peak,2714.22
1537.2,60,-5.7,12.1,62.7,medium,office,flat,2033.35
2315.7,235,37.4,18.3,59.8,high,school,flat,3433.22
3444.5,202,35.1,16.3,47.9,high,office,peak,3619.13
2757.4,200,21.9,17.2,29.4,medium,hospital,peak,3295.18
3652.4,67,18.2,18.2,54.9,medium,hospital,off_peak,3438.44
3271.6,265,17.0,12.6,65.6,low,school,peak,3563.87
3837.6,105,33.0,7.7,65.6,high,school,flat,3216.16
2595.6,173,7.7,16.5,49.4,high,hospital,peak,3295.74
1013.8,79,32.7,15.9,51.5,low,office,flat,1940.65
1031.7,146,17.8,11.9,43.1,low,office,flat,1895.09
2753.8,18,10.3,14.7,50.3,medium,hospital,off_peak,2891.74
2391.6,198,20.3,14.0,67.5,medium,school,flat,2956.84
2667.1,107,12.2,16.9,46.4,low,hospital,peak,3086.9
2869.7,112,10.3,13.4,62.7,medium,school,flat,3001.11
1986.8,233,16.3,15.0,42.2,medium,retail,flat,2812.8
2778.0,147,35.3,24.0,51.0,medium,hospital,peak,3779.11
1817.2,176,13.2,16.5,62.8,low,retail,peak,2838.7
2516.7,206,11.0,15.4,48.6,medium,school,off_peak,3168.36
3345.8,21,7.3,14.3,47.7,low,school,peak,3056.44
4554.0,308,18.9,10.7,55.5,medium,retail,off_peak,4316.93
2942.0,284,3.1,11.4,70.2,low,retail,peak,3795.17
1085.7,226,23.0,13.8,61.7,medium,office,peak,2228.35
3948.9,47,31.0,11.1,60.8,medium,retail,off_peak,3383.92
2174.5,192,-1.8,7.2,50.0,low,hospital,off_peak,2735.46
2682.9,41,10.6,17.5,53.8,low,office,peak,3078.47
2448.7,112,31.5,18.9,37.3,high,office,flat,2797.01
2299.3,260,15.0,9.3,43.3,low,retail,flat,2875.32
2300.1,196,21.3,13.6,60.4,medium,office,off_peak,2823.01
3206.8,232,32.1,16.5,52.4,medium,hospital,flat,3786.45
2250.1,275,38.0,5.0,64.2,high,hospital,off_peak,2874.53
923.8,260,17.4,5.5,59.8,low,office,flat,1852.08
2833.1,63,32.5,20.2,51.8,high,retail,flat,2904.91
1922.0,135,12.2,16.5,43.5,medium,retail,flat,2736.32
2082.1,182,31.2,11.3,46.9,medium,school,flat,2581.59
3025.5,235,8.6,10.1,56.3,medium,retail,off_peak,3342.37
2246.9,60,28.6,15.2,52.6,medium,school,flat,2395.85
3551.7,160,3.9,15.8,46.9,medium,school,off_peak,3683.59
2566.1,212,38.0,13.4,26.8,medium,retail,peak,3243.97
3493.8,71,-0.5,20.2,49.5,high,office,flat,3592.03
1732.1,243,14.6,12.2,44.4,medium,hospital,off_peak,2585.19
1434.4,190,16.4,16.2,62.9,medium,school,off_peak,2265.08
2369.6,26,24.0,16.5,53.2,low,school,flat,2469.39
4050.0,71,-4.0,16.8,42.6,medium,retail,flat,3765.25
2990.4,239,22.3,11.4,48.0,low,hospital,off_peak,3322.0
1107.6,170,19.5,13.6,43.7,medium,retail,flat,2020.85
2405.0,257,32.0,6.9,50.3,medium,hospital,peak,2859.23
2865.5,118,13.7,15.1,53.1,low,retail,flat,2963.04
2880.9,167,19.7,9.1,45.9,medium,office,peak,2982.41
2534.9,298,15.9,15.8,55.6,medium,office,peak,3314.75
4361.0,158,11.9,12.6,52.5,medium,hospital,flat,3883.65
3344.6,212,20.9,4.0,58.0,low,office,peak,3018.2
1895.1,254,23.4,11.8,53.7,low,retail,off_peak,2779.56
1375.1,168,7.8,12.6,45.5,high,retail,peak,2339.49
2346.6,148,22.2,15.1,73.8,medium,school,off_peak,2639.47
2937.0,237,29.2,10.9,38.4,low,retail,flat,3318.72
2092.6,226,32.1,22.5,56.9,high,school,peak,3219.57
2962.6,212,16.9,9.6,56.7,high,office,peak,2987.5
2075.0,40,13.3,13.7,50.4,low,school,off_peak,2190.57
1757.7,140,23.2,13.1,39.1,low,school,flat,2229.53
2182.4,24,6.9,15.6,69.5,high,retail,peak,2481.99
2596.2,200,33.5,16.1,60.3,high,office,off_peak,3036.62
1381.6,46,20.5,16.9,55.4,medium,retail,peak,2007.5
3750.0,112,22.1,7.0,44.7,low,school,flat,3004.08
4190.7,102,19.3,17.4,50.4,low,school,flat,3816.05
2305.5,44,14.4,15.9,70.5,medium,hospital,off_peak,2582.27
2939.8,15,9.8,10.2,44.0,medium,retail,flat,2492.37
1541.6,186,26.9,14.9,51.9,medium,hospital,off_peak,2545.81
2080.8,78,14.1,7.0,54.2,medium,school,off_peak,1905.22
3900.7,288,24.2,14.9,52.1,medium,office,off_peak,4148.07
3268.6,28,11.0,22.2,40.7,medium,school,flat,3200.56
1865.7,131,18.6,9.7,45.9,low,hospital,peak,2370.47
1884.0,291,21.2,23.6,49.1,high,office,flat,3181.05
1316.0,193,26.5,12.0,48.0,low,school,flat,2246.67
2942.1,121,20.9,23.2,53.2,high,office,flat,3182.31
2669.0,27,9.4,14.5,76.6,low,school,flat,2643.74
1230.0,285,9.8,15.2,38.1,medium,retail,flat,2553.91
1969.7,176,25.8,10.7,44.8,medium,office,off_peak,2396.59
1989.8,50,20.9,18.1,42.1,low,office,flat,2333.41
3664.8,173,28.2,19.1,56.7,high,retail,flat,3761.37
2344.8,119,14.8,9.9,18.0,low,office,off_peak,2375.75
1629.8,68,16.9,7.9,51.9,medium,retail,peak,1949.2
3790.0,225,11.0,5.9,29.1,medium,retail,off_peak,3617.45
3145.4,52,22.1,18.9,55.4,medium,retail,off_peak,2902.49
3768.9,124,23.0,17.7,45.7,medium,hospital,peak,3630.45
3433.7,147,12.1,10.9,61.7,medium,office,peak,3379.09
2925.7,288,10.5,9.0,57.9,medium,office,flat,3404.9
2180.6,307,3.1,14.1,48.0,high,office,off_peak,3206.2
2872.9,113,34.5,16.3,54.2,medium,hospital,flat,3212.56
2501.5,245,9.0,20.6,60.3,high,school,flat,3467.97
3579.9,317,9.5,14.1,45.2,medium,office,flat,3999.46
2892.4,98,12.8,14.0,52.7,low,hospital,flat,3144.99
3279.6,119,20.1,13.2,50.3,low,retail,flat,3078.65
2284.0,246,-2.6,9.2,56.1,high,hospital,off_peak,2804.1
2811.8,319,25.9,11.6,58.4,low,office,off_peak,3429.08
1594.7,165,10.4,11.6,50.9,medium,hospital,peak,2377.15
1031.6,75,14.3,15.7,28.1,medium,office,flat,1659.16
1078.2,252,21.4,8.3,39.0,low,retail,flat,2262.62
2641.6,46,3.0,20.9,64.6,medium,hospital,flat,3195.77
972.2,96,28.0,12.2,54.7,high,hospital,off_peak,1704.16
1713.5,50,16.8,11.6,44.6,low,school,peak,2009.4
3606.6,316,14.4,18.2,61.4,high,office,peak,4144.93
2152.2,72,32.1,15.9,49.9,low,retail,peak,2523.16
3930.6,268,10.0,11.0,35.5,low,school,peak,4053.5
2429.9,171,26.1,15.0,62.2,low,hospital,flat,2940.04
2421.2,290,15.9,12.6,57.6,low,retail,off_peak,3175.67
3081.5,253,19.5,14.0,61.8,medium,hospital,peak,3577.23
1819.2,29,14.5,15.9,45.7,medium,office,off_peak,2133.32
1847.5,109,24.8,9.2,58.8,medium,retail,peak,2068.03
3170.8,215,5.6,12.5,38.8,high,retail,peak,3552.47
2770.7,152,26.6,16.1,70.4,medium,school,peak,3164.68
2137.8,248,30.9,22.6,42.8,medium,retail,peak,3415.16
1099.9,53,18.7,8.9,58.2,low,retail,flat,1467.09
2978.8,113,19.1,20.8,43.1,high,hospital,peak,3394.17
2386.9,250,29.3,12.9,45.5,high,retail,flat,2906.14
1288.5,172,23.0,13.6,51.1,high,office,peak,2010.15
1391.8,131,28.2,6.6,53.9,low,retail,peak,2024.59
2360.9,252,29.8,16.3,61.7,low,hospital,peak,3328.56
2892.0,241,16.6,7.8,44.9,low,retail,off_peak,3024.55
2122.7,79,29.3,13.7,57.7,low,hospital,peak,2586.7
2641.7,156,29.8,5.8,47.5,medium,office,peak,2665.76
913.8,13,3.6,12.3,63.9,medium,retail,off_peak,1579.12
2664.8,217,38.0,13.7,50.4,high,school,flat,3221.35
1146.6,147,14.5,21.0,38.4,high,office,peak,2321.35
3305.3,92,14.6,13.1,45.8,high,office,peak,3142.66
2296.5,311,20.9,13.5,43.2,low,school,peak,3348.79
3375.8,228,-1.4,22.0,57.0,medium,hospital,flat,4141.35
2486.2,204,16.5,10.2,52.4,medium,hospital,off_peak,2775.29
3593.1,223,-2.0,17.4,53.6,low,office,peak,4138.77
1458.4,255,-0.6,9.8,45.3,medium,office,flat,2529.76
2758.6,305,16.5,16.6,50.9,medium,hospital,flat,3651.03
3160.1,190,14.8,11.2,62.7,low,hospital,flat,3271.84
2475.3,172,15.3,13.6,42.5,high,retail,flat,2737.69
1868.8,34,21.7,17.3,64.5,medium,office,off_peak,2082.21
3272.5,270,16.9,14.7,43.9,low,office,flat,3635.14
4466.6,87,14.2,8.8,44.3,low,office,peak,3642.52
3127.2,23,17.1,13.8,74.6,medium,office,flat,2760.77
930.0,29,28.8,14.4,62.4,high,hospital,peak,1433.28
2528.8,135,-2.0,7.0,36.8,medium,school,flat,2569.67
2296.8,128,18.5,16.0,59.0,high,office,off_peak,2695.87
3074.5,280,21.5,23.1,47.2,low,school,peak,3888.9
1874.3,59,15.0,17.9,51.6,high,hospital,flat,2379.06
1953.7,310,10.2,15.8,63.6,low,hospital,flat,3291.47
1689.4,151,11.5,13.1,50.7,medium,office,peak,2444.9
2503.7,18,13.8,12.2,24.0,medium,retail,peak,2455.0
2835.1,140,23.0,14.8,67.5,medium,hospital,flat,2959.07
3332.2,302,17.6,10.2,38.4,medium,hospital,peak,3720.82
1994.9,171,12.5,4.7,40.5,medium,office,peak,2305.14
2713.7,42,26.5,16.7,53.8,medium,hospital,flat,2755.78
2925.2,163,29.5,9.3,47.6,low,retail,off_peak,2972.45
1917.9,99,21.5,18.0,25.8,high,hospital,off_peak,2391.74
3139.9,177,2.9,11.4,49.1,medium,hospital,peak,3533.5
1951.4,20,20.7,13.2,50.7,high,retail,peak,1882.37
2743.5,262,24.5,15.6,64.9,high,office,off_peak,3406.91
1762.0,176,-0.3,21.6,65.4,medium,retail,peak,3121.18
3078.9,108,30.0,16.0,56.1,medium,retail,flat,3220.14
3847.5,216,13.6,7.8,38.8,high,retail,off_peak,3463.96
2295.7,286,24.5,8.9,56.3,low,school,peak,2855.31
3721.2,30,27.7,9.1,51.2,medium,hospital,peak,3018.66
3547.1,55,7.0,12.0,72.3,medium,office,off_peak,3127.09
2490.6,35,26.0,4.0,44.3,medium,school,off_peak,2020.03
1716.5,161,24.7,16.3,65.2,medium,school,peak,2612.33
3980.7,168,-7.1,19.9,50.7,medium,school,off_peak,4203.46
546.9,32,23.0,17.6,48.6,high,hospital,off_peak,1351.39
2217.4,206,12.0,16.7,53.9,medium,office,flat,2924.97
2651.5,61,0.8,10.9,28.5,high,school,flat,2381.71
2082.1,280,16.3,8.3,65.4,high,school,peak,2711.89
2374.8,16,25.0,11.5,50.3,high,office,peak,2209.59
1917.6,26,4.4,18.9,43.8,medium,hospital,flat,2474.16
2136.3,146,25.3,20.9,54.9,medium,office,peak,2869.85
1782.6,28,9.3,22.3,53.2,low,office,off_peak,2616.8
2247.5,79,22.7,17.8,38.6,medium,retail,off_peak,2609.94
3211.8,88,30.2,19.9,59.7,medium,school,flat,3324.41
1790.2,242,31.9,10.5,60.2,low,retail,off_peak,2766.19
2923.4,25,27.3,15.9,53.5,high,office,flat,2781.56
2966.7,182,13.1,12.5,52.5,medium,hospital,peak,3276.39
3834.8,110,17.2,17.9,46.8,low,retail,flat,3584.43
3136.3,55,3.0,4.9,54.0,low,school,peak,2905.66
2464.8,174,14.9,12.4,49.2,medium,school,flat,2776.64
2554.3,152,38.0,11.5,29.0,high,hospital,peak,2969.05
3282.6,240,29.3,8.6,39.1,high,school,flat,3189.37
1840.3,123,21.6,16.4,60.2,low,hospital,peak,2646.84
2304.1,314,17.2,11.3,63.2,medium,office,off_peak,3128.21
2636.3,238,13.6,18.7,40.4,medium,retail,off_peak,3573.53
2660.9,81,11.4,14.4,57.3,medium,hospital,flat,2895.0
1969.7,28,14.0,13.2,40.4,low,office,off_peak,2091.44
2744.9,222,8.6,13.3,60.8,medium,retail,flat,3244.46
1824.9,96,-1.1,14.4,42.5,high,hospital,flat,2475.73
3709.3,301,9.0,12.6,67.9,medium,office,flat,4271.45
2836.4,50,23.4,20.2,47.5,medium,hospital,off_peak,3091.57
902.8,137,18.5,11.6,62.8,medium,school,peak,1634.0
2046.2,270,6.1,17.8,50.1,medium,school,flat,3272.95
3359.9,219,13.6,20.0,53.6,high,school,flat,3842.56
3314.1,59,16.3,13.7,41.2,medium,hospital,flat,3102.89
4054.5,150,9.5,13.7,47.9,low,hospital,off_peak,3777.45
440.5,274,13.3,16.7,33.4,high,retail,flat,2117.18
2488.4,270,22.2,16.7,43.4,medium,retail,flat,3288.91
1592.3,198,13.1,8.4,63.0,medium,school,flat,2341.08
3179.6,314,30.0,15.8,66.0,high,retail,flat,3911.89
3257.1,106,29.9,9.6,40.2,medium,school,flat,3144.73
2729.7,166,28.6,8.4,57.6,medium,school,peak,2891.82
2432.1,17,34.2,13.5,39.9,high,retail,flat,2341.21
1255.7,262,8.1,18.3,49.4,medium,retail,flat,2727.1
2691.6,223,36.1,11.6,36.8,low,school,off_peak,3295.51
3423.2,109,9.2,14.9,34.2,medium,retail,peak,3517.72
1105.4,132,11.5,13.7,53.6,high,office,flat,1765.68
1031.1,281,1.8,17.6,50.9,medium,school,peak,2874.45
2292.8,162,8.2,13.0,59.7,high,school,peak,2882.38
1796.7,137,22.9,15.7,63.0,medium,hospital,off_peak,2470.72
3058.8,238,24.0,9.6,51.6,medium,hospital,peak,3112.82
1798.6,132,16.8,14.7,62.2,high,office,peak,2289.45
2845.2,110,22.0,18.1,64.1,low,hospital,flat,3098.5
1913.2,142,31.5,20.3,54.7,medium,retail,peak,2911.14
2120.6,243,28.4,18.6,69.0,low,school,flat,3233.89
2389.0,277,37.7,16.3,70.9,medium,hospital,off_peak,3465.82
3023.3,45,12.4,14.3,58.9,high,retail,flat,2871.32
2857.8,294,10.8,16.4,70.0,high,hospital,flat,3783.4
1930.5,96,-5.3,12.8,70.1,low,hospital,off_peak,2785.66
3676.6,294,8.9,4.0,42.5,low,school,flat,3677.68
3427.9,157,16.1,12.3,61.3,low,hospital,peak,3454.95
2016.1,210,16.6,13.5,37.0,medium,school,peak,2776.34
1135.1,204,8.3,10.3,56.8,medium,hospital,off_peak,2219.78
1455.9,171,5.0,12.1,56.5,high,hospital,off_peak,2271.88
1149.3,149,31.0,16.0,68.5,medium,hospital,off_peak,2347.71
1199.2,94,5.4,16.2,41.4,low,school,peak,2145.15
2237.1,114,38.0,15.4,71.5,medium,office,peak,2670.37
2626.2,112,38.0,12.3,64.2,high,school,flat,2629.36
1083.0,46,15.2,11.9,50.5,high,hospital,flat,1605.56
2638.0,89,30.2,6.6,68.1,medium,school,flat,2364.4
1823.3,290,23.2,16.3,54.2,medium,retail,off_peak,3114.29
3252.7,184,-1.7,24.0,55.6,medium,school,flat,4003.29
2248.3,254,31.4,15.1,47.3,high,school,flat,3140.29
3814.2,132,16.2,10.4,50.9,high,hospital,off_peak,3435.62
3184.4,77,3.2,13.1,56.5,medium,office,peak,3125.25
1536.8,124,31.8,17.2,49.6,medium,retail,off_peak,2395.72
2138.6,154,1.4,14.4,61.3,low,school,flat,2916.16
1412.4,196,12.1,9.0,62.3,medium,retail,flat,2219.5
2345.8,133,27.4,10.5,65.6,low,school,peak,2577.81
4098.3,314,7.2,4.0,54.7,high,school,flat,3859.0
3189.0,121,23.7,16.4,72.4,medium,office,peak,3287.15
3678.8,154,16.5,20.7,54.1,medium,office,flat,3796.82
1890.7,47,15.7,10.1,42.8,medium,school,flat,1878.9
2779.8,69,9.6,8.7,57.6,low,retail,peak,2733.53
2929.6,24,14.4,16.8,51.6,high,office,peak,2654.95
2987.1,104,23.4,15.5,53.7,medium,hospital,flat,2952.41
2773.5,201,11.0,17.2,52.3,medium,hospital,flat,3486.69
1158.5,215,26.0,5.3,61.5,medium,retail,flat,1782.04
2412.5,192,25.1,11.0,69.9,low,school,flat,2738.04
2206.7,314,29.0,13.8,54.0,low,school,peak,3195.27
3675.6,212,20.9,15.0,51.8,medium,office,peak,3704.7
4622.7,56,24.4,17.4,69.8,medium,school,off_peak,3799.64
3164.3,119,38.0,19.5,42.2,medium,office,off_peak,3360.88
3462.8,174,18.2,12.1,56.2,high,office,flat,3362.61
1329.2,55,19.8,20.3,35.7,medium,hospital,flat,2148.0
2113.7,55,17.8,13.3,54.8,high,office,flat,2147.73
784.6,310,19.6,17.9,48.2,medium,hospital,flat,2545.22
1545.1,171,15.8,11.0,50.8,medium,office,peak,2256.09
901.6,239,23.5,18.0,70.1,high,school,peak,2325.5
3335.1,74,18.7,12.4,58.2,high,office,flat,2735.21
1667.5,272,13.3,14.6,54.4,low,retail,off_peak,2898.17
2820.6,252,23.2,12.2,52.9,high,school,flat,3116.87
1776.4,256,26.3,10.8,40.8,high,school,flat,2544.18
1668.1,251,26.7,8.9,46.6,high,hospital,off_peak,2419.1
3051.4,50,8.8,19.7,39.4,high,school,peak,3263.91
2330.0,229,13.7,6.5,61.5,high,school,flat,2591.22
2736.8,33,-1.2,16.9,55.8,high,retail,peak,2923.49
3555.3,135,29.6,17.2,57.5,medium,office,peak,3630.53
2332.3,182,20.5,13.4,67.1,medium,hospital,off_peak,2848.24
2846.4,26,6.0,12.1,56.5,high,hospital,off_peak,2634.04
1613.8,41,34.0,18.4,54.2,low,school,off_peak,2242.34
1598.4,180,24.0,19.9,57.0,low,retail,off_peak,2623.99
2566.0,30,17.4,4.0,64.5,low,office,flat,2212.28
1384.8,14,20.7,10.7,62.4,low,hospital,peak,1650.51
3676.6,125,19.1,21.5,53.7,medium,retail,off_peak,3737.09
3200.5,197,27.8,11.1,55.5,low,school,flat,3174.7
3233.8,116,24.0,15.3,60.4,low,retail,peak,3277.24
1042.3,262,22.6,13.1,47.2,medium,office,off_peak,2156.83
1466.9,164,12.1,15.4,36.6,medium,retail,peak,2530.03
2088.9,252,4.6,10.6,33.6,low,office,flat,2780.63
2651.0,125,18.1,14.8,60.7,low,school,off_peak,2925.73
1261.0,233,23.1,16.6,37.9,low,hospital,flat,2394.1
662.8,37,25.3,20.7,40.9,medium,hospital,flat,1668.24
1517.3,206,17.0,8.4,46.4,medium,office,peak,2287.23
4355.9,259,23.1,11.0,67.5,low,retail,peak,4165.19
1961.7,74,3.0,10.8,45.5,medium,school,flat,2301.73
2184.0,89,38.0,14.1,61.5,medium,hospital,off_peak,2647.32
2654.4,95,23.1,11.1,61.4,high,hospital,off_peak,2456.92
1410.3,172,38.0,19.3,67.6,medium,office,off_peak,2518.86
1987.9,159,3.9,13.2,54.1,medium,school,peak,2617.72
2454.8,313,1.1,10.2,55.2,low,office,off_peak,3358.25
4398.7,264,33.6,14.5,36.7,medium,hospital,peak,4631.92
2634.7,127,11.0,13.7,61.3,medium,school,off_peak,2800.96
3145.3,101,15.1,7.9,53.2,medium,office,off_peak,2732.25
2747.6,142,28.2,16.3,57.5,low,school,off_peak,3085.53
2629.2,76,24.6,20.7,82.0,medium,retail,flat,3048.53
1961.8,205,28.2,10.5,53.7,high,hospital,flat,2688.49
2369.3,197,20.3,16.1,50.4,low,office,flat,2774.95
2670.9,134,21.6,12.8,38.8,high,school,flat,2651.91
1983.6,310,30.7,24.0,20.6,low,school,peak,3426.55
3038.7,249,-1.3,16.8,49.6,medium,hospital,off_peak,3942.27
1866.8,177,18.1,6.1,40.9,medium,office,off_peak,2121.52
2744.8,222,17.4,15.9,48.7,medium,office,peak,3274.64
2924.6,186,29.3,14.2,54.3,medium,office,flat,3103.45
2562.3,270,9.5,22.0,55.9,medium,hospital,flat,3653.06
2576.3,308,20.2,11.5,47.6,high,retail,flat,3138.85
1304.2,301,19.5,14.8,56.5,low,hospital,off_peak,2683.78
1654.9,199,5.4,14.2,52.7,medium,school,flat,2694.94
3722.2,265,11.6,16.3,55.0,high,office,flat,3960.22
1096.4,299,7.6,14.4,41.4,high,office,peak,2580.23
1221.9,90,8.8,13.3,62.7,low,office,flat,1962.02
1679.0,190,3.6,18.0,56.7,medium,school,flat,2662.6
895.9,282,29.2,6.4,49.5,low,hospital,flat,2124.08
4297.4,264,-1.1,12.4,49.2,medium,office,peak,4388.54
2618.8,239,17.3,11.9,61.8,high,hospital,peak,3160.11
1637.1,201,23.7,17.2,51.5,low,office,flat,2637.16
1236.3,113,14.4,16.8,67.8,medium,hospital,flat,2083.41
1949.1,73,12.3,17.0,44.5,medium,school,flat,2435.06
2849.8,194,5.5,13.8,67.0,medium,office,off_peak,3210.64
3165.4,182,18.5,19.6,62.4,high,retail,peak,3503.96
3033.1,257,20.6,17.3,66.5,medium,office,off_peak,3490.93
2588.8,49,20.5,14.2,49.1,high,school,off_peak,2269.91
1632.3,109,3.2,11.0,54.5,high,school,peak,2181.83
1666.4,20,16.3,19.2,58.0,medium,school,off_peak,2228.43
3034.6,13,12.7,16.9,44.9,low,hospital,flat,2851.58
1263.8,108,20.6,18.2,62.6,high,school,peak,1988.7
3172.3,221,17.7,11.5,53.6,medium,retail,flat,3366.06
2105.1,213,14.2,10.6,42.9,high,hospital,flat,2740.4
4488.4,188,6.2,9.8,58.0,low,retail,flat,4160.86
2539.5,80,16.8,6.5,59.3,high,retail,flat,2129.07
4149.0,257,5.0,7.8,54.9,medium,retail,flat,3938.88
2143.5,194,27.7,13.9,69.9,high,retail,peak,2742.42
1752.1,237,2.9,15.6,51.5,medium,office,flat,2927.78
1115.4,102,17.0,19.2,39.6,high,hospital,flat,2040.49
400.0,82,15.8,18.0,52.6,high,school,peak,1608.23
1617.6,292,14.4,6.3,33.4,medium,hospital,off_peak,2446.03
2395.0,268,5.5,24.0,40.7,low,office,flat,3852.49
1353.1,246,13.1,12.4,56.7,medium,retail,peak,2479.54
3144.5,267,0.2,16.5,51.8,medium,retail,peak,3978.51
1724.5,187,27.9,12.7,57.9,medium,office,peak,2613.69
2846.7,75,12.1,16.3,35.6,medium,school,flat,2816.07
2625.0,186,12.3,9.7,55.8,medium,retail,peak,3075.27
2528.9,226,22.1,20.5,58.4,low,school,flat,3364.48
3361.8,208,19.2,9.6,56.3,high,office,peak,3286.48
1587.2,57,11.7,10.6,38.0,low,hospital,flat,2080.18
1443.6,307,27.2,17.7,59.9,medium,school,peak,2968.24
1894.6,67,19.3,12.0,59.6,low,office,peak,2239.97
1389.1,274,2.1,20.0,50.5,high,office,off_peak,2881.83
2640.6,187,18.3,15.0,63.3,medium,school,flat,2955.2
2259.6,159,-3.1,20.9,51.6,medium,retail,off_peak,3152.03
3864.7,239,25.6,16.1,68.1,medium,hospital,peak,4149.33
3336.0,128,18.2,17.5,52.0,high,hospital,peak,3483.81
3812.9,210,32.6,18.0,58.1,high,school,flat,3803.25
1724.2,63,28.9,6.2,66.3,low,school,flat,1751.16
3171.2,158,33.2,9.7,57.5,medium,school,flat,2937.41
3337.7,89,3.2,13.5,49.4,medium,retail,peak,3250.69
539.7,215,29.4,10.2,60.9,low,retail,off_peak,1832.11
1422.9,19,16.1,15.4,42.7,medium,office,peak,1935.65
2183.4,220,26.9,18.2,58.0,medium,school,peak,3188.01
3681.0,126,-4.0,10.3,41.6,low,school,flat,3550.59
1630.9,181,24.2,9.0,34.7,medium,school,flat,2204.23
2015.8,255,16.1,19.4,66.1,high,office,flat,2963.66
400.0,274,19.2,12.2,65.3,medium,office,off_peak,1934.25
4445.9,303,23.9,14.9,47.1,medium,retail,off_peak,4328.24
1546.1,53,7.4,12.6,54.5,high,school,off_peak,1940.75
2144.5,80,38.0,16.5,66.4,medium,retail,off_peak,2496.16
1378.9,17,3.0,4.0,67.1,high,office,flat,1534.76
2806.9,315,12.1,18.2,56.1,low,office,flat,3797.61
2026.3,123,35.6,15.2,54.7,low,school,flat,2620.75
3230.4,89,5.9,18.6,63.8,low,office,flat,3456.79
2326.3,24,22.3,14.4,35.7,medium,retail,off_peak,2244.3
2870.2,232,15.9,12.7,51.2,high,retail,flat,3268.92
1536.3,250,23.7,13.4,57.0,low,hospital,off_peak,2567.36
3925.1,203,17.9,14.7,50.9,high,hospital,peak,3840.92
