area_sqm,bedrooms,bathrooms,floor,building_age,distance_to_center_km,school_score,renovated,district,near_subway,price_k
44.5,2,1,24,24,17.53,6.7,yes,inner_ring,yes,246.11
144.8,4,2,19,22,0.5,6.0,yes,core,no,511.62
107.9,2,3,29,34,6.61,6.3,no,inner_ring,yes,364.59
150.8,2,3,1,15,2.76,5.8,no,suburb,yes,416.49
50.6,3,1,10,29,10.12,7.8,no,suburb,no,219.0
163.7,2,1,19,18,4.74,6.0,no,suburb,yes,421.67
85.6,4,3,3,13,10.23,5.7,yes,core,yes,421.84
183.0,1,3,14,20,14.09,7.5,no,suburb,no,429.64
195.4,2,1,18,10,9.69,7.3,no,inner_ring,no,489.89
120.8,4,2,3,7,9.88,7.5,yes,core,yes,501.97
181.1,3,3,20,31,8.41,9.3,no,inner_ring,yes,553.36
144.1,4,3,25,1,12.69,7.7,no,inner_ring,no,485.36
125.2,2,2,29,6,16.59,6.8,no,inner_ring,no,360.48
51.7,5,1,7,34,2.91,7.1,yes,inner_ring,yes,321.07
43.5,1,3,1,12,12.37,8.2,no,suburb,no,122.75
139.6,5,1,16,12,19.57,5.7,no,inner_ring,no,388.46
111.5,5,2,30,29,14.47,7.5,no,suburb,no,327.17
83.7,3,1,9,23,4.33,8.0,no,suburb,yes,323.85
191.5,1,1,19,9,6.44,7.3,no,inner_ring,no,445.39
119.3,1,1,8,3,11.32,7.6,no,inner_ring,no,316.06
121.2,3,2,27,9,1.4,7.5,yes,inner_ring,yes,481.08
124.3,3,3,11,1,6.29,5.7,no,suburb,yes,419.59
92.4,5,2,29,14,4.59,6.4,no,inner_ring,yes,425.01
118.6,4,2,28,20,13.07,7.1,yes,core,yes,485.79
85.1,4,3,10,4,20.05,8.1,yes,inner_ring,yes,380.11
82.7,3,2,1,13,3.33,7.6,no,inner_ring,no,331.7
114.9,3,3,3,12,10.26,7.4,yes,suburb,yes,386.8
151.1,1,3,32,31,17.83,7.7,yes,inner_ring,no,420.38
148.0,1,1,32,12,11.16,5.4,no,inner_ring,yes,389.33
104.8,5,3,28,32,6.59,6.1,yes,suburb,yes,431.23
77.1,3,2,28,31,10.17,7.7,no,suburb,yes,299.61
46.8,4,1,12,6,14.41,5.5,no,suburb,no,195.5
82.9,1,2,11,2,14.85,7.7,no,core,no,322.95
102.8,4,1,24,24,1.07,7.2,no,core,no,448.89
158.0,2,3,27,28,12.01,7.5,yes,suburb,yes,437.67
35.0,5,3,31,28,4.19,10.0,no,inner_ring,yes,380.13
58.8,2,2,20,6,6.24,6.7,no,inner_ring,no,292.88
111.0,4,1,22,0,19.31,6.2,no,core,yes,418.89
74.8,2,3,28,6,10.36,5.3,no,inner_ring,yes,347.56
108.4,3,3,2,4,7.44,6.4,yes,inner_ring,no,382.37
105.9,4,1,32,19,1.46,6.4,no,core,no,443.21
113.4,4,1,32,20,8.78,7.6,no,inner_ring,yes,432.96
105.7,1,2,11,33,7.33,6.4,no,suburb,no,266.84
122.8,4,1,16,31,10.84,8.2,yes,inner_ring,no,426.52
121.6,1,3,29,30,4.49,6.2,no,inner_ring,no,382.35
111.0,2,2,26,7,10.76,6.5,no,core,yes,402.17
127.8,5,1,20,23,21.03,7.2,no,inner_ring,yes,370.49
157.3,1,2,10,22,3.85,8.4,yes,inner_ring,no,444.23
106.5,3,2,27,23,6.94,7.5,yes,inner_ring,yes,414.21
63.4,1,3,5,29,9.59,7.4,no,suburb,yes,239.09
95.1,1,1,24,14,0.5,7.8,yes,inner_ring,yes,420.88
122.1,4,2,19,0,5.78,8.7,yes,core,no,522.59
98.3,5,2,12,25,15.86,6.6,no,core,yes,397.45
127.4,1,2,29,3,11.54,6.5,no,core,yes,424.92
117.1,1,2,28,30,13.1,7.3,no,inner_ring,no,296.85
177.8,5,1,2,9,13.68,7.7,yes,suburb,yes,497.5
48.4,5,2,1,24,9.02,7.7,no,suburb,no,237.95
141.7,3,3,18,0,13.37,6.9,no,core,no,445.93
71.8,1,2,19,32,6.2,8.5,yes,inner_ring,yes,329.94
137.0,3,2,30,20,4.05,6.2,no,inner_ring,yes,459.6
93.4,1,2,2,21,13.06,6.5,no,inner_ring,yes,304.36
52.3,5,2,15,14,9.06,7.4,no,suburb,no,278.75
95.8,3,2,15,23,7.88,6.3,no,core,yes,395.98
115.1,3,2,29,8,8.63,5.0,yes,inner_ring,no,355.45
62.2,2,1,9,18,14.0,6.9,no,inner_ring,yes,278.54
58.2,2,3,17,13,11.37,7.6,no,inner_ring,yes,279.23
86.5,2,3,3,21,2.87,6.7,yes,suburb,no,322.44
105.1,5,3,22,18,15.74,7.3,yes,core,yes,480.34
126.9,4,1,30,32,7.01,6.7,no,core,no,447.83
139.1,3,3,32,10,5.96,6.7,no,inner_ring,yes,467.47
123.7,5,2,26,27,7.18,7.6,yes,inner_ring,yes,483.66
38.3,2,3,1,1,15.69,7.4,no,core,no,256.64
120.7,3,3,22,17,3.37,8.3,no,suburb,yes,441.85
83.0,1,2,18,30,3.5,7.8,yes,inner_ring,yes,357.41
153.5,3,2,27,24,9.04,6.9,no,inner_ring,yes,446.75
142.1,1,3,12,0,5.05,8.0,yes,inner_ring,no,437.51
87.9,5,1,28,25,2.85,7.3,yes,inner_ring,no,413.67
120.0,3,3,26,17,0.68,7.5,no,inner_ring,yes,430.16
110.5,2,2,17,29,8.75,7.0,yes,inner_ring,yes,396.05
103.9,5,1,25,23,9.4,6.4,yes,inner_ring,yes,408.72
67.8,3,1,1,9,13.17,6.2,yes,inner_ring,yes,319.92
74.4,5,2,10,11,0.97,7.0,no,inner_ring,no,428.63
199.5,5,3,21,29,15.1,8.4,yes,suburb,no,552.12
126.3,4,3,31,28,4.51,7.1,yes,suburb,yes,447.16
160.7,1,3,32,17,12.52,7.3,no,inner_ring,no,389.92
105.2,2,3,4,1,11.22,7.1,yes,inner_ring,yes,350.27
151.6,4,3,19,24,15.52,6.7,no,core,no,475.97
81.3,4,3,23,28,3.38,5.9,no,inner_ring,no,384.1
51.6,2,1,11,19,0.5,7.5,yes,core,yes,387.28
119.1,5,1,10,13,10.73,6.7,no,core,no,429.8
94.1,4,1,6,28,15.08,6.8,no,inner_ring,yes,323.36
106.7,4,3,5,0,3.42,5.5,no,inner_ring,yes,423.54
61.9,1,1,13,24,9.06,8.4,no,core,yes,300.6
115.0,4,2,19,27,12.51,5.5,no,core,yes,424.18
174.0,4,1,13,22,17.24,8.9,no,inner_ring,yes,485.97
112.7,3,1,9,15,10.49,6.7,no,inner_ring,no,331.79
114.8,5,2,8,28,2.78,4.8,no,suburb,yes,388.73
80.2,4,2,10,6,16.53,9.3,no,suburb,yes,322.1
120.5,5,2,24,3,6.4,4.0,no,suburb,yes,386.25
102.0,4,3,26,3,1.77,6.5,no,suburb,yes,414.37
122.3,2,2,29,32,6.64,7.8,yes,suburb,no,399.29
93.2,2,3,22,11,15.42,5.7,yes,inner_ring,no,350.35
115.7,2,3,16,1,6.32,8.8,no,core,no,466.86
52.1,1,1,15,0,16.6,7.3,no,inner_ring,yes,264.65
117.1,2,3,29,27,15.18,6.7,no,inner_ring,yes,364.69
57.4,1,2,4,9,11.75,6.8,no,inner_ring,no,232.75
82.3,5,2,4,15,9.25,6.9,yes,core,no,430.77
111.9,3,3,24,15,8.48,6.9,no,core,no,453.21
133.9,2,2,20,1,4.52,7.4,no,core,yes,504.89
103.9,4,2,23,28,18.13,5.8,no,core,yes,403.6
102.1,4,1,17,25,2.22,9.5,no,inner_ring,yes,465.34
112.2,2,2,3,13,20.53,9.9,no,inner_ring,yes,351.47
84.0,4,2,14,9,8.15,5.7,no,suburb,no,316.77
81.1,2,3,16,3,6.36,5.1,no,core,yes,382.97
176.3,3,1,31,16,10.85,7.4,no,inner_ring,no,455.81
94.6,4,1,8,20,20.16,8.7,yes,suburb,yes,312.34
144.3,3,3,9,31,16.81,7.7,yes,inner_ring,no,391.41
94.5,2,3,16,11,15.43,7.2,yes,core,yes,392.08
46.9,2,3,4,20,14.75,7.4,no,inner_ring,no,196.93
115.5,2,1,16,17,14.4,7.9,no,suburb,no,259.32
62.7,2,3,8,13,17.02,4.0,no,suburb,no,165.75
178.9,4,2,3,29,11.25,9.0,yes,inner_ring,yes,538.5
66.5,3,1,4,23,0.5,6.6,no,suburb,yes,292.19
75.1,4,3,20,24,5.96,7.8,no,suburb,no,322.39
131.8,3,3,29,16,7.8,8.2,no,core,yes,509.56
91.3,3,3,1,19,13.48,7.1,no,inner_ring,yes,350.38
152.1,3,1,25,21,10.91,6.8,no,inner_ring,yes,428.65
125.1,2,1,31,19,12.89,6.5,yes,suburb,no,342.89
35.0,5,2,26,30,5.04,5.5,yes,inner_ring,no,260.59
82.9,3,2,10,16,13.46,7.9,yes,suburb,yes,327.43
35.0,2,3,9,7,4.85,8.1,yes,inner_ring,no,287.57
131.7,3,3,7,8,9.63,8.4,no,suburb,no,380.18
135.9,2,2,5,8,2.68,6.5,no,inner_ring,no,431.57
134.0,3,2,32,23,9.46,7.2,no,core,no,419.45
129.4,4,2,19,28,9.7,8.8,no,inner_ring,yes,470.61
121.6,2,2,23,32,4.58,5.9,no,inner_ring,no,337.28
102.3,2,1,19,15,16.52,7.3,yes,inner_ring,yes,349.16
161.1,4,2,29,32,7.99,7.0,no,inner_ring,no,452.77
147.9,1,2,27,5,7.57,6.4,no,suburb,yes,421.77
116.7,4,2,10,8,10.44,8.8,no,suburb,no,377.11
88.9,2,1,2,11,13.58,6.0,no,suburb,no,217.65
64.4,1,3,7,17,1.5,8.6,yes,core,yes,391.54
72.6,2,3,19,4,8.86,8.7,no,suburb,yes,324.73
127.0,5,3,15,32,8.88,7.4,no,inner_ring,no,467.5
57.3,1,2,13,8,10.15,8.3,no,inner_ring,yes,292.63
129.8,3,2,18,7,5.25,6.6,no,inner_ring,no,392.0
134.0,2,2,29,6,16.45,4.8,no,suburb,no,315.64
83.6,3,1,4,6,7.78,5.3,no,core,yes,402.38
46.4,4,3,9,26,8.05,6.4,no,inner_ring,yes,293.57
134.1,1,2,29,25,2.62,6.2,no,inner_ring,no,378.36
147.4,1,3,6,25,7.1,8.5,yes,suburb,yes,419.4
172.8,1,3,25,26,16.49,7.5,yes,suburb,yes,421.39
61.9,4,3,18,8,6.52,7.2,yes,core,yes,444.96
92.5,1,3,8,1,10.76,8.0,no,core,yes,384.93
111.9,5,3,6,22,6.13,7.5,no,suburb,yes,409.1
130.6,5,1,22,32,4.55,10.0,yes,inner_ring,yes,525.06
135.7,1,2,9,24,8.56,9.2,no,suburb,yes,346.28
159.7,3,2,20,26,7.92,6.7,yes,suburb,yes,435.83
62.2,2,2,3,13,5.22,5.8,no,inner_ring,no,238.3
129.0,3,1,13,19,14.16,6.4,no,inner_ring,no,367.36
56.0,2,3,19,2,6.64,8.0,yes,suburb,yes,336.72
106.4,4,2,13,19,7.35,8.4,yes,core,yes,481.1
134.0,4,2,6,15,10.36,9.5,no,core,yes,500.11
76.9,3,1,5,4,13.39,7.4,no,inner_ring,no,292.23
137.4,3,3,7,21,10.29,6.8,no,inner_ring,yes,449.3
124.3,2,1,7,8,0.5,8.4,no,core,yes,523.32
144.7,3,2,12,24,4.67,7.6,no,suburb,yes,432.76
83.0,4,2,5,33,12.57,7.3,no,inner_ring,yes,321.05
123.4,2,2,10,33,12.58,7.6,no,core,yes,408.74
35.0,5,1,25,19,1.95,7.1,yes,suburb,no,320.04
111.1,4,2,10,7,4.06,7.7,no,suburb,yes,385.49
109.0,5,1,8,33,11.41,8.5,yes,core,yes,463.7
168.2,5,2,7,2,7.77,7.8,no,suburb,yes,476.07
128.4,3,1,12,1,13.14,5.5,yes,core,no,431.36
104.0,4,2,8,27,12.55,7.6,no,inner_ring,no,298.12
161.7,2,3,15,17,8.51,8.5,yes,core,yes,529.56
77.9,4,1,10,20,15.66,6.3,no,inner_ring,yes,296.92
102.1,4,2,18,7,11.49,6.1,yes,core,yes,452.14
74.7,3,3,17,17,4.06,6.1,no,core,yes,392.41
159.9,4,2,7,8,19.12,8.1,no,inner_ring,no,429.78
80.2,2,3,26,22,8.22,7.5,no,inner_ring,yes,327.58
108.0,4,3,3,22,5.43,7.0,no,suburb,yes,402.55
114.9,3,2,16,30,13.9,6.8,yes,core,no,413.41
103.2,2,2,5,10,10.26,7.4,no,suburb,no,288.63
108.5,5,2,12,4,7.94,7.5,no,suburb,yes,430.79
103.0,1,3,29,10,3.08,5.7,yes,inner_ring,no,386.61
139.7,1,3,9,12,6.81,6.4,no,inner_ring,yes,422.19
99.6,1,2,4,21,16.7,6.7,no,inner_ring,yes,286.57
142.0,5,3,30,7,3.42,7.6,no,inner_ring,yes,501.82
82.8,5,2,7,12,6.09,5.9,yes,inner_ring,yes,426.98
155.3,2,2,16,1,4.59,6.0,no,core,yes,501.38
162.9,3,1,26,1,7.42,6.7,no,inner_ring,yes,522.16
97.1,3,3,30,19,0.5,6.2,no,inner_ring,yes,395.87
102.4,1,2,31,9,11.07,5.7,yes,inner_ring,yes,374.36
92.2,2,3,8,28,0.5,9.1,no,suburb,yes,385.04
59.5,4,2,4,34,8.18,7.7,yes,inner_ring,yes,332.63
165.2,1,1,30,0,1.14,8.2,yes,inner_ring,yes,556.57
88.9,2,3,22,16,5.59,8.2,no,inner_ring,no,362.17
117.8,3,1,27,11,15.84,6.5,no,suburb,yes,368.34
147.4,1,2,3,12,12.61,5.9,no,inner_ring,yes,334.32
38.8,5,3,8,34,6.61,5.0,no,core,yes,305.62
166.7,3,3,12,1,8.29,7.0,no,inner_ring,yes,498.22
123.3,3,2,14,2,8.85,8.9,yes,inner_ring,yes,509.84
81.7,3,2,23,17,14.6,6.8,no,suburb,no,256.44
143.6,2,2,7,0,3.62,7.1,no,suburb,no,394.49
117.0,2,1,5,14,12.08,8.0,yes,inner_ring,yes,380.37
92.2,2,3,17,26,6.09,7.3,no,core,no,346.7
67.9,2,3,31,23,16.24,8.4,no,inner_ring,yes,302.91
95.8,3,3,20,30,11.08,6.6,no,suburb,no,269.18
35.1,1,2,31,26,9.77,10.0,no,inner_ring,yes,256.8
127.2,2,1,3,22,7.62,7.6,no,inner_ring,yes,403.83
107.9,4,1,14,33,6.9,7.0,no,inner_ring,yes,386.23
83.2,4,1,26,32,10.99,7.0,no,suburb,no,265.09
113.8,5,2,13,8,8.67,5.9,no,inner_ring,yes,446.23
112.1,4,3,1,19,4.88,8.3,yes,suburb,no,440.5
113.7,1,3,13,13,8.53,7.6,yes,inner_ring,yes,414.25
110.1,2,2,3,28,6.88,5.9,no,inner_ring,yes,361.41
111.9,1,1,11,0,13.35,6.6,no,inner_ring,yes,322.55
143.2,2,3,25,34,3.35,6.0,no,inner_ring,yes,440.08
85.6,5,3,13,6,8.14,8.3,no,core,no,467.8
99.9,5,3,16,3,12.62,7.6,no,suburb,yes,369.89
117.7,2,2,8,12,11.35,5.9,no,inner_ring,yes,369.23
72.3,2,1,28,9,9.88,6.5,no,core,yes,348.51
170.7,5,1,9,26,16.27,8.1,no,inner_ring,yes,457.14
112.0,2,2,23,16,2.11,8.7,no,suburb,no,347.51
133.6,5,2,20,26,16.72,6.4,yes,inner_ring,yes,437.43
139.1,2,3,11,26,3.69,7.5,no,inner_ring,yes,456.51
144.9,4,2,29,0,9.72,8.1,no,inner_ring,no,454.55
111.2,1,2,27,28,15.54,5.8,no,suburb,no,243.8
154.4,2,3,1,12,2.11,8.5,yes,inner_ring,no,466.44
56.2,1,1,21,1,0.5,9.2,no,suburb,yes,302.23
103.3,1,3,3,4,9.3,7.4,no,suburb,no,328.14
87.7,5,3,31,17,7.71,7.1,no,suburb,yes,401.29
92.1,2,3,11,28,11.72,6.7,yes,suburb,yes,309.89
85.2,1,3,16,14,13.3,9.0,no,inner_ring,yes,347.51
62.8,1,1,5,19,5.31,6.6,no,inner_ring,yes,272.13
133.5,3,1,16,21,9.93,7.6,no,core,no,407.71
122.4,5,2,7,32,3.17,6.8,no,core,no,462.68
76.8,1,2,25,16,10.34,6.7,no,inner_ring,yes,330.05
125.7,2,3,27,16,5.79,7.3,yes,inner_ring,yes,467.3
100.5,1,3,27,27,7.81,6.3,no,core,no,349.14
102.0,3,2,25,24,22.19,7.9,no,core,yes,397.74
70.0,1,2,19,0,10.77,7.9,no,core,no,309.95
95.9,5,1,13,31,13.04,7.0,no,suburb,no,317.71
89.5,4,3,18,9,0.5,4.1,no,suburb,no,343.38
110.7,1,3,1,26,1.89,8.5,no,inner_ring,yes,396.27
137.7,3,1,11,2,10.61,6.2,no,suburb,no,344.89
123.7,4,3,2,0,11.61,7.9,yes,suburb,no,403.52
87.7,2,2,17,5,6.66,9.1,no,suburb,no,329.37
129.9,5,2,10,19,11.47,7.1,yes,inner_ring,yes,455.08
128.9,1,1,6,5,5.62,7.2,no,suburb,no,352.92
140.9,4,2,15,16,7.68,8.3,no,inner_ring,no,471.94
80.0,4,1,13,22,11.12,5.1,no,suburb,no,251.0
98.3,4,3,2,0,0.98,8.0,yes,inner_ring,yes,489.21
91.5,2,2,10,17,14.29,8.0,no,inner_ring,yes,311.92
101.1,4,2,11,20,10.73,6.1,no,inner_ring,no,318.19
157.8,1,3,9,33,6.74,6.6,no,inner_ring,no,387.76
120.4,3,1,8,30,4.27,9.1,yes,core,no,484.42
44.2,2,3,25,4,14.69,6.5,yes,inner_ring,yes,311.85
95.1,5,1,16,26,1.75,6.6,no,inner_ring,no,368.46
78.4,1,3,8,7,9.89,7.4,yes,inner_ring,yes,364.55
119.8,5,1,32,2,8.18,8.3,no,suburb,no,425.17
126.6,1,3,29,6,6.7,7.0,no,inner_ring,yes,443.25
60.0,5,3,4,31,12.2,9.6,yes,inner_ring,no,309.59
117.5,3,3,21,33,18.05,7.1,no,inner_ring,yes,333.58
198.7,3,3,6,5,8.45,6.6,no,inner_ring,yes,535.64
138.3,1,3,10,3,7.28,8.1,yes,inner_ring,no,437.06
129.7,4,1,14,22,11.74,8.3,no,core,yes,449.17
165.5,3,3,6,1,1.7,6.9,yes,core,yes,590.34
133.4,3,1,17,9,7.67,8.6,no,inner_ring,no,418.11
131.0,3,1,18,17,4.17,8.7,yes,inner_ring,yes,500.07
103.2,5,2,12,34,5.95,8.8,no,core,no,462.0
119.1,4,3,12,15,8.76,5.9,no,inner_ring,no,364.87
47.0,5,1,15,14,0.5,7.4,no,suburb,no,316.83
69.8,4,2,13,31,3.99,5.4,yes,suburb,yes,340.53
146.7,3,3,25,34,5.23,6.6,yes,suburb,yes,457.68
130.1,3,3,13,0,8.85,7.8,no,core,no,485.38
89.3,5,3,18,31,16.16,6.6,yes,core,yes,463.66
111.8,5,1,2,26,6.02,6.0,yes,inner_ring,no,381.4
134.7,4,3,19,17,7.0,6.9,no,inner_ring,yes,475.08
75.2,4,3,11,31,3.62,7.5,no,suburb,yes,326.6
68.0,1,2,5,26,9.1,5.9,no,inner_ring,yes,247.34
105.1,5,3,29,4,3.03,6.9,no,inner_ring,yes,492.11
100.3,5,3,26,21,4.65,6.8,no,inner_ring,yes,440.38
132.6,2,2,12,4,12.56,5.9,no,inner_ring,yes,408.07
38.8,2,2,17,17,12.36,4.9,no,suburb,no,153.48
140.0,5,3,24,18,6.8,5.2,no,inner_ring,yes,468.22
149.6,1,1,1,3,12.22,6.7,no,inner_ring,yes,376.76
146.4,4,2,25,7,9.62,5.9,no,suburb,no,401.33
35.8,3,3,6,11,9.35,7.6,no,suburb,yes,279.58
160.4,1,1,14,6,12.22,7.7,no,inner_ring,no,386.56
72.5,1,1,14,11,4.59,7.3,no,inner_ring,yes,310.49
155.9,4,3,20,6,9.36,7.2,no,suburb,yes,519.04
148.1,2,3,15,3,8.71,6.9,yes,core,yes,528.27
134.7,4,3,16,24,5.56,7.1,no,core,yes,539.02
35.0,1,1,29,22,8.62,8.6,yes,suburb,yes,224.76
94.3,3,3,31,32,4.56,8.7,yes,inner_ring,no,404.09
142.1,4,3,2,30,0.8,8.2,no,core,yes,530.98
139.0,5,2,21,2,3.29,7.5,yes,suburb,no,454.4
121.0,5,3,29,7,6.8,8.4,yes,inner_ring,no,484.0
114.2,5,3,16,11,1.7,6.1,no,core,no,492.14
78.0,1,1,15,15,12.94,7.7,no,inner_ring,yes,271.15
134.1,2,1,30,30,0.5,9.2,yes,suburb,yes,420.32
85.6,5,3,22,27,3.29,6.1,no,suburb,yes,377.47
67.2,3,2,28,30,9.66,7.6,no,core,yes,379.82
61.6,5,3,5,21,7.45,7.5,no,suburb,no,270.04
66.4,3,3,27,17,13.17,7.4,no,suburb,yes,308.74
122.0,3,2,23,15,1.27,6.8,yes,suburb,yes,440.96
132.8,3,1,12,11,6.95,8.3,no,suburb,no,375.42
66.3,4,1,22,12,15.31,8.5,no,suburb,yes,301.24
70.3,5,3,7,6,13.36,6.1,yes,core,yes,389.88
89.2,1,2,24,1,12.66,7.5,yes,inner_ring,yes,355.34
61.2,2,2,12,13,5.88,7.5,yes,inner_ring,yes,372.9
64.7,5,1,25,5,10.1,7.9,no,inner_ring,no,338.61
44.2,3,3,8,30,19.01,7.4,no,core,yes,284.4
107.1,4,1,26,10,1.95,8.9,no,core,no,490.47
127.4,2,3,23,21,9.07,8.0,no,suburb,no,347.32
133.4,5,1,10,31,2.93,6.7,no,inner_ring,no,434.36
112.8,5,3,16,10,8.8,5.5,no,suburb,yes,375.23
83.3,1,3,27,13,16.47,5.6,no,inner_ring,yes,324.14
175.8,5,2,23,17,2.08,8.2,no,inner_ring,yes,576.07
68.5,1,2,5,24,16.27,6.2,yes,core,yes,285.43
152.5,5,1,24,18,10.08,5.5,no,inner_ring,yes,484.99
136.0,1,2,4,19,10.7,6.1,no,core,no,386.31
144.4,1,1,2,8,5.12,6.0,yes,suburb,yes,379.03
139.2,2,1,16,0,3.79,7.3,no,inner_ring,yes,435.19
46.0,4,3,10,27,11.35,7.4,no,suburb,yes,265.87
154.2,3,2,5,16,7.13,8.0,no,inner_ring,no,468.44
156.5,2,1,12,12,18.86,8.4,no,inner_ring,no,346.74
105.6,1,1,26,1,7.42,7.7,no,inner_ring,yes,388.78
155.4,1,3,11,21,4.97,7.5,no,core,no,486.04
115.5,3,2,14,19,13.47,9.7,no,suburb,yes,360.86
122.3,1,3,6,29,9.67,7.7,yes,suburb,yes,365.85
77.7,5,3,3,19,8.83,8.0,no,inner_ring,no,352.73
101.2,1,2,26,6,8.81,8.3,no,core,yes,427.32
53.5,3,1,26,12,1.73,7.9,no,core,yes,423.61
115.6,1,1,14,15,11.84,7.3,no,suburb,no,278.59
133.0,4,1,17,29,13.77,5.9,no,suburb,yes,364.32
98.2,3,2,18,1,9.95,7.4,yes,inner_ring,yes,413.83
128.2,3,3,6,4,3.05,8.1,yes,suburb,yes,464.47
46.5,5,2,3,30,17.82,7.8,yes,core,yes,327.21
38.2,4,2,2,5,13.52,7.2,no,core,yes,339.33
121.0,2,1,26,33,10.39,6.9,no,inner_ring,no,344.23
127.0,3,1,27,4,8.96,7.5,no,suburb,yes,413.08
103.9,1,3,25,5,16.82,8.0,no,inner_ring,no,356.38
116.2,2,2,1,20,0.86,7.0,no,inner_ring,yes,406.22
156.3,4,1,7,1,12.43,7.1,no,core,yes,500.57
134.9,2,1,13,26,16.33,4.9,no,inner_ring,yes,336.59
106.7,1,1,17,14,5.36,8.3,no,inner_ring,yes,332.83
50.2,2,3,21,16,6.55,6.9,no,core,no,332.11
152.1,3,3,8,21,5.1,5.4,no,core,no,481.64
66.9,2,1,28,13,3.12,7.6,no,inner_ring,yes,326.52
35.0,4,1,2,24,6.52,6.9,no,inner_ring,yes,250.84
131.0,4,2,32,7,10.74,6.7,yes,core,yes,519.09
130.5,3,1,6,9,9.47,7.6,no,core,no,474.14
82.4,3,3,17,17,11.16,7.9,yes,inner_ring,no,373.77
123.0,1,1,11,3,12.89,7.5,no,core,no,372.78
171.3,2,3,23,8,13.47,7.9,yes,core,yes,566.54
141.7,5,2,1,8,5.34,7.1,no,inner_ring,no,479.48
134.3,3,1,2,19,15.11,9.4,yes,core,no,454.81
67.8,2,3,5,18,5.26,8.3,no,suburb,no,293.68
108.5,2,1,6,24,13.9,8.8,yes,suburb,no,303.4
86.7,3,1,4,26,7.65,6.7,yes,inner_ring,yes,387.41
91.1,1,3,4,0,9.98,6.0,no,suburb,yes,294.37
106.1,1,3,3,2,0.5,7.0,yes,suburb,yes,403.59
90.1,5,2,10,14,11.83,9.3,no,core,yes,446.23
138.8,3,3,18,15,0.5,6.6,no,suburb,yes,447.69
91.3,1,3,15,6,6.24,6.5,no,inner_ring,no,311.51
121.9,4,1,19,19,8.4,6.8,no,core,yes,465.13
138.8,4,3,10,11,15.93,7.8,no,core,yes,454.96
119.1,5,3,4,12,0.5,6.0,no,suburb,yes,404.1
125.2,1,1,19,29,11.14,8.8,no,inner_ring,yes,369.64
175.3,2,3,1,1,0.5,5.5,no,inner_ring,no,489.11
132.1,1,2,11,18,11.33,7.5,yes,inner_ring,no,412.82
151.3,3,3,31,6,11.34,7.2,yes,suburb,yes,454.78
120.6,5,2,9,13,0.5,5.9,yes,inner_ring,yes,468.89
104.5,5,3,25,21,10.73,8.3,no,inner_ring,no,397.9
119.7,3,2,16,16,7.78,6.3,yes,inner_ring,yes,448.45
101.3,5,2,14,20,6.46,6.7,no,suburb,no,328.12
90.2,3,1,27,1,6.57,7.1,no,core,yes,434.03
53.4,2,2,11,19,19.39,7.6,yes,inner_ring,no,247.08
133.4,5,3,2,13,3.03,6.8,yes,core,yes,583.69
107.2,2,2,23,0,9.27,8.7,no,inner_ring,no,359.21
79.9,5,3,14,27,3.6,8.9,no,inner_ring,yes,415.14
42.6,2,2,23,16,8.5,5.9,no,inner_ring,no,254.3
63.7,3,1,17,16,4.61,7.0,yes,inner_ring,no,310.76
105.5,5,1,18,11,3.1,7.4,no,suburb,yes,427.89
119.5,1,2,29,25,15.74,6.7,no,core,yes,390.79
75.6,3,2,12,17,8.87,7.2,no,suburb,yes,283.96
126.3,4,2,29,31,10.59,7.4,no,inner_ring,yes,451.27
65.7,1,2,25,0,9.46,7.9,yes,inner_ring,yes,374.15
35.0,2,3,4,0,17.69,7.8,no,inner_ring,no,213.03
119.1,5,1,27,11,14.71,5.9,no,suburb,yes,324.77
177.0,5,2,3,6,5.81,5.7,yes,suburb,yes,545.96
43.0,5,2,26,11,4.62,8.4,yes,suburb,yes,341.61
116.1,4,1,18,11,7.68,5.8,no,inner_ring,yes,410.61
64.4,1,2,26,12,9.42,7.3,no,inner_ring,yes,301.75
103.5,3,1,3,34,11.07,7.4,no,suburb,yes,314.56
101.7,4,2,14,11,0.5,8.1,yes,inner_ring,yes,498.99
64.6,3,2,22,3,4.69,8.6,yes,inner_ring,no,396.71
110.9,4,3,2,3,10.59,7.7,no,core,no,452.2
147.2,1,2,3,21,17.95,8.5,no,core,yes,398.89
94.2,4,2,1,19,8.36,5.7,no,inner_ring,no,332.42
100.3,3,3,30,31,9.21,7.4,no,core,yes,422.69
42.1,2,2,6,28,13.73,7.3,no,inner_ring,yes,233.88
85.6,1,1,29,3,4.99,5.7,no,inner_ring,yes,339.0
49.2,1,2,32,26,1.13,7.2,yes,suburb,no,246.35
122.4,1,2,1,29,11.96,7.3,no,suburb,no,262.34
125.9,2,2,15,33,10.53,5.4,no,suburb,no,308.21
83.8,5,1,12,17,6.62,7.1,no,inner_ring,yes,389.57
72.2,4,3,1,12,5.48,6.4,no,core,no,374.11
42.1,2,3,28,33,9.22,7.5,no,suburb,yes,240.96
86.9,3,1,2,4,9.15,6.5,no,inner_ring,yes,304.7
134.5,2,1,28,18,8.23,8.0,no,inner_ring,yes,414.02
93.9,1,3,26,24,7.1,7.0,no,inner_ring,yes,336.03
61.2,1,1,32,18,1.78,5.6,yes,suburb,yes,281.63
49.7,5,2,19,5,7.99,6.4,yes,suburb,no,341.13
102.3,5,1,20,7,6.65,6.9,no,suburb,no,362.28
107.9,2,3,28,23,8.07,5.7,no,core,yes,434.83
130.4,4,3,27,23,0.81,9.4,no,suburb,yes,455.25
112.9,5,3,8,12,11.91,5.6,no,suburb,yes,371.95
51.7,5,1,29,2,14.21,6.7,no,suburb,yes,274.01
129.3,4,1,26,5,13.35,5.4,no,suburb,yes,359.46
151.1,4,2,8,23,12.37,8.1,no,suburb,yes,394.43
160.7,3,2,21,25,0.5,6.2,no,inner_ring,no,481.07
103.8,2,2,8,21,5.65,7.9,no,inner_ring,yes,387.91
96.3,4,3,3,24,4.76,5.2,no,inner_ring,yes,366.54
107.8,2,1,1,10,13.01,7.9,no,suburb,yes,299.7
36.8,3,3,21,29,4.97,7.2,no,core,yes,319.14
118.0,5,1,4,13,6.11,8.1,no,suburb,no,419.97
115.4,3,1,31,20,2.53,8.7,yes,suburb,no,396.95
150.4,1,3,7,2,6.46,6.4,no,inner_ring,yes,450.28
106.0,1,2,6,13,6.86,5.9,no,inner_ring,yes,347.38
130.4,3,3,3,21,17.72,7.2,no,core,yes,394.48
130.4,1,1,12,30,8.38,7.0,no,inner_ring,yes,337.48
119.4,3,3,19,7,14.52,8.5,yes,inner_ring,yes,417.61
78.3,1,3,25,6,7.15,7.7,no,core,no,404.64
52.8,5,2,2,18,5.44,6.1,no,core,yes,357.12
109.9,4,1,2,18,9.17,8.6,no,suburb,yes,362.54
95.6,1,3,14,33,0.5,6.9,yes,inner_ring,yes,365.87
56.5,1,3,2,4,0.5,9.3,no,suburb,no,294.35
77.9,1,2,2,22,12.35,7.7,yes,inner_ring,no,261.9
140.2,4,2,28,30,15.54,6.5,no,core,no,456.26
123.8,3,2,30,18,13.46,7.2,no,inner_ring,no,356.65
116.0,1,2,27,20,4.68,6.9,no,inner_ring,yes,381.22
72.8,5,3,8,24,10.96,6.5,no,suburb,yes,293.52
135.3,4,3,24,28,12.32,6.8,no,inner_ring,yes,445.37
107.5,2,1,22,0,8.46,7.3,yes,suburb,no,348.71
140.2,5,1,14,26,9.09,7.2,no,inner_ring,yes,508.85
119.5,5,1,17,27,0.5,7.7,no,suburb,no,417.07
72.9,4,2,7,3,10.83,7.7,no,core,no,362.67
145.8,1,3,25,28,0.5,7.7,no,inner_ring,yes,471.38
167.0,3,3,9,34,13.65,8.8,no,suburb,yes,427.24
136.8,4,1,15,22,6.94,5.7,no,inner_ring,no,396.61
155.9,5,1,6,16,4.77,9.8,no,suburb,yes,484.19
113.6,1,2,32,18,6.87,7.0,yes,suburb,yes,366.58
97.9,5,2,5,24,8.37,7.3,no,inner_ring,yes,393.58
64.9,2,1,10,24,0.5,9.6,no,core,yes,426.44
65.1,1,3,32,34,14.41,6.6,yes,suburb,no,226.47
121.3,5,3,5,31,12.1,5.8,yes,core,yes,497.58
78.8,4,1,10,20,17.06,5.4,no,core,yes,302.89
114.2,2,1,6,29,4.95,6.9,yes,core,yes,425.44
106.4,1,3,28,15,17.2,6.0,no,core,no,354.56
64.9,5,3,6,9,2.27,7.1,no,suburb,yes,366.61
99.5,2,1,26,3,10.64,6.9,yes,suburb,no,321.37
68.1,2,1,8,10,17.81,7.0,no,suburb,no,199.55
97.0,3,3,10,34,11.5,7.2,no,suburb,yes,311.98
35.0,4,2,23,5,11.27,7.1,no,suburb,yes,262.88
121.0,1,2,4,8,13.57,7.7,no,core,yes,362.9
159.5,1,3,12,18,14.53,7.2,no,suburb,no,335.84
110.4,2,3,22,30,3.4,5.8,no,inner_ring,yes,394.6
89.5,2,3,26,8,4.56,6.9,no,core,yes,424.46
84.2,4,3,6,27,12.29,8.3,no,inner_ring,yes,345.73
148.5,2,2,28,7,17.02,6.2,no,core,no,439.87
124.7,4,2,30,22,15.05,8.0,no,inner_ring,yes,417.99
47.8,3,2,22,34,8.78,7.3,no,core,yes,323.72
141.3,5,2,3,7,4.63,5.8,yes,inner_ring,no,492.41
59.4,1,2,10,1,17.36,7.7,no,inner_ring,yes,248.95
112.1,3,1,22,4,17.09,7.0,no,suburb,no,315.98
121.8,4,1,18,24,12.1,8.4,no,inner_ring,yes,408.12
102.9,1,3,7,16,7.61,6.8,no,core,no,359.92
77.9,1,2,32,12,18.04,7.0,no,core,yes,331.37
77.3,2,3,6,5,19.35,9.2,no,inner_ring,yes,336.29
92.7,1,3,5,34,13.82,8.4,no,core,no,278.21
123.1,5,1,25,16,7.84,7.1,no,core,yes,505.48
35.0,3,1,27,8,6.18,6.5,yes,suburb,yes,271.14
60.4,3,1,29,15,15.65,7.7,yes,core,yes,368.74
120.0,5,3,20,8,1.54,6.7,yes,inner_ring,yes,515.88
35.0,1,3,12,3,5.05,4.8,yes,inner_ring,yes,247.48
78.4,1,1,7,30,6.69,7.7,no,suburb,yes,253.25
163.1,2,3,23,25,6.7,9.2,no,suburb,yes,466.03
110.0,2,1,26,33,11.02,8.5,yes,suburb,no,350.14
112.2,5,3,20,33,1.94,7.3,no,inner_ring,yes,466.93
62.0,1,1,22,11,11.34,7.8,no,core,yes,303.33
112.0,5,1,20,9,13.9,7.4,yes,inner_ring,no,442.28
171.0,2,1,19,25,10.89,6.0,yes,inner_ring,yes,426.6
107.1,2,1,12,4,17.01,8.0,no,inner_ring,yes,349.16
134.2,3,2,9,4,6.62,7.4,no,core,yes,511.94
61.5,1,2,4,32,2.96,8.4,yes,suburb,no,302.32
135.7,3,1,8,8,12.05,6.2,yes,core,yes,459.19
60.6,3,2,28,19,7.68,6.8,no,core,yes,354.36
63.3,4,3,5,5,6.71,6.3,no,core,no,369.44
46.0,2,1,12,11,6.5,7.2,no,core,no,310.19
117.7,3,3,30,21,18.26,6.8,yes,suburb,yes,331.54
149.1,1,2,4,16,6.17,7.9,no,inner_ring,no,367.58
36.2,1,2,1,19,0.5,8.0,yes,inner_ring,yes,286.36
77.5,4,3,19,24,6.09,7.6,yes,suburb,no,315.91
122.1,4,1,30,7,13.28,7.2,no,core,yes,472.81
66.5,3,3,12,9,9.78,6.0,no,core,yes,339.22
70.1,3,2,4,32,10.58,7.4,no,inner_ring,no,290.45
98.0,4,2,3,25,1.74,6.2,yes,core,yes,460.4
77.1,5,1,31,18,4.19,6.6,no,inner_ring,yes,397.83
148.5,3,3,26,5,2.81,7.7,yes,inner_ring,no,550.1
100.8,5,1,15,33,11.96,8.0,yes,suburb,no,332.28
102.8,4,1,1,31,0.5,7.3,yes,suburb,no,373.07
121.6,5,1,20,17,3.04,7.0,no,inner_ring,no,458.94
85.1,4,2,14,32,14.34,6.5,no,inner_ring,yes,329.88
67.9,5,3,22,29,8.68,8.7,yes,core,no,411.14
81.5,3,2,24,4,11.87,8.3,no,suburb,no,279.15
173.6,2,1,9,28,4.46,7.3,no,core,yes,518.41
164.7,3,1,2,1,7.66,6.5,no,suburb,no,400.0
35.8,1,3,24,33,11.7,7.9,no,inner_ring,no,227.67
150.3,1,3,14,4,0.5,7.2,no,inner_ring,yes,492.77
36.7,4,3,9,20,11.82,7.3,yes,inner_ring,yes,273.6
103.7,3,3,3,18,14.13,7.0,no,core,no,335.02
159.8,3,3,12,2,10.46,7.4,no,inner_ring,yes,508.27
157.5,5,2,30,10,13.91,6.7,no,suburb,yes,429.35
82.8,2,1,7,28,5.49,7.1,no,inner_ring,yes,320.86
83.7,1,3,20,5,9.13,7.2,no,inner_ring,yes,321.04
39.5,1,1,17,17,8.51,7.8,no,suburb,no,219.03
40.5,4,3,28,14,9.28,7.8,no,suburb,no,287.14
86.3,1,1,6,26,7.69,6.8,yes,core,yes,373.43
104.3,5,2,5,28,9.4,7.6,no,inner_ring,yes,372.74
166.8,4,1,13,12,16.09,7.6,yes,suburb,no,443.68
57.2,3,1,14,31,10.64,7.0,no,suburb,no,173.74
86.4,4,3,4,7,5.98,7.3,no,suburb,yes,371.08
60.8,5,1,23,8,0.5,8.4,yes,core,no,466.51
76.1,4,3,17,16,7.03,7.4,no,suburb,yes,368.74
109.3,3,3,11,23,4.32,6.7,no,inner_ring,no,362.52
104.8,5,3,17,4,5.03,8.1,yes,suburb,no,460.62
77.7,5,1,13,1,11.38,8.2,no,suburb,yes,345.54
159.5,2,3,29,28,3.66,8.6,yes,suburb,no,448.18
87.9,5,1,18,10,4.88,5.6,no,inner_ring,no,357.8
87.9,3,1,7,15,13.2,7.2,no,suburb,yes,273.26
56.1,2,1,6,6,14.66,8.7,no,core,yes,272.57
82.5,1,3,2,11,19.6,8.4,no,suburb,yes,237.41
112.5,3,1,16,19,11.08,7.5,no,inner_ring,yes,378.05
83.2,5,3,5,8,6.05,7.6,no,core,yes,444.95
90.3,4,3,10,26,7.21,5.6,no,suburb,no,327.61
122.8,5,2,8,0,14.25,6.8,no,inner_ring,no,404.78
78.4,4,2,4,30,10.99,8.0,no,core,yes,377.26
131.6,1,3,17,17,12.86,7.8,no,inner_ring,yes,368.42
135.2,5,3,17,6,8.18,7.0,yes,suburb,no,424.73
124.2,3,1,20,32,14.63,8.7,no,core,no,419.05
65.4,3,3,32,7,12.39,6.8,yes,core,no,372.1
49.1,5,1,16,30,7.46,6.2,no,inner_ring,no,276.75
87.0,1,2,6,27,5.68,6.8,no,suburb,yes,315.69
101.2,4,2,4,9,10.75,7.8,no,suburb,no,306.52
54.0,3,3,5,8,14.32,6.9,no,suburb,yes,247.56
174.0,1,1,19,25,0.94,6.0,no,inner_ring,yes,451.21
95.6,1,3,18,24,11.38,6.8,yes,suburb,yes,311.04
118.4,1,2,1,17,12.53,6.8,no,suburb,yes,289.67
97.8,4,2,9,29,12.41,6.7,no,inner_ring,yes,312.92
83.2,3,3,32,17,12.15,7.0,yes,inner_ring,yes,335.7
42.1,4,2,15,31,7.99,7.6,yes,core,yes,370.05
128.1,4,1,12,24,10.66,6.4,yes,core,yes,483.76
150.4,4,2,21,21,12.15,8.1,no,inner_ring,yes,464.77
91.0,5,1,7,14,6.32,5.7,yes,inner_ring,yes,404.94
60.8,2,1,18,4,13.25,7.9,yes,inner_ring,no,307.35
65.9,2,3,18,16,8.57,6.3,yes,suburb,yes,305.24
183.7,3,1,30,15,3.51,8.2,no,inner_ring,no,512.78
81.6,1,3,16,19,15.36,6.4,no,inner_ring,no,290.66
148.9,3,3,1,8,7.13,8.2,no,suburb,yes,431.79
142.8,1,2,21,14,12.53,6.5,yes,inner_ring,no,406.66
141.4,4,2,10,16,7.01,6.7,yes,inner_ring,yes,490.48
142.2,4,3,3,29,11.17,6.5,no,suburb,no,356.42
63.5,1,2,14,22,6.54,6.1,no,suburb,yes,267.95
97.9,3,1,26,26,8.86,7.2,no,core,no,374.88
149.8,1,3,7,4,0.5,8.7,no,core,no,517.15
91.4,1,2,17,20,0.5,7.4,yes,suburb,yes,373.91
148.1,1,1,28,22,9.05,7.5,no,suburb,yes,371.77
143.7,1,2,8,12,10.29,6.0,yes,suburb,no,354.67
92.0,4,3,9,24,12.19,7.4,no,inner_ring,no,328.51
58.1,5,1,23,10,12.0,7.0,no,suburb,no,279.36
51.8,1,2,28,27,3.58,7.2,yes,suburb,no,266.03
105.1,5,3,5,33,9.8,7.6,no,suburb,yes,374.06
84.9,1,2,20,8,9.43,6.7,no,inner_ring,yes,314.19
74.4,3,2,20,18,11.78,7.0,no,core,no,350.85
104.9,2,2,13,27,8.81,6.5,yes,suburb,yes,318.94
125.2,2,1,14,20,6.11,7.4,yes,suburb,yes,392.95
98.2,5,1,25,11,12.7,8.2,no,suburb,yes,389.92
68.4,4,2,1,1,8.42,5.1,no,core,yes,378.52
122.1,4,1,14,10,10.09,6.6,yes,suburb,yes,411.07
148.4,3,2,13,10,16.03,6.4,no,inner_ring,no,378.93
81.2,3,2,18,4,15.6,5.7,yes,suburb,no,287.05
129.3,3,1,27,9,10.16,7.4,yes,suburb,yes,438.64
173.9,5,1,12,23,11.61,6.3,no,inner_ring,no,483.72
84.3,5,3,3,26,10.02,5.8,no,suburb,yes,350.64
129.2,5,2,11,7,9.62,7.1,yes,suburb,no,388.59
58.4,2,2,14,25,10.18,9.4,yes,inner_ring,yes,359.3
81.7,4,3,31,11,14.55,7.6,no,inner_ring,yes,331.37
57.8,4,3,27,34,16.06,5.7,no,inner_ring,yes,266.1
49.7,5,1,10,4,3.48,6.1,no,suburb,yes,295.61
155.2,5,3,3,27,1.29,6.1,no,core,yes,582.1
109.5,3,1,17,5,12.96,6.5,no,inner_ring,no,341.41
116.6,1,2,2,15,14.44,8.2,no,core,yes,392.22
136.7,1,1,9,3,6.57,6.6,no,suburb,yes,351.25
114.3,2,3,25,2,5.35,8.2,yes,inner_ring,yes,455.51
115.2,5,2,11,1,0.5,5.8,no,suburb,yes,439.36
99.0,1,2,21,5,12.12,7.7,no,suburb,no,293.54
45.6,2,1,9,5,7.38,8.5,no,inner_ring,yes,314.97
158.9,1,3,25,8,16.24,6.5,no,suburb,yes,378.59
77.8,2,2,7,24,15.41,6.1,no,inner_ring,no,234.96
105.9,1,3,20,24,4.12,8.6,no,suburb,yes,383.26
137.3,1,3,13,21,12.54,6.7,no,inner_ring,yes,356.57
88.6,1,1,2,17,10.23,9.5,no,suburb,no,243.66
163.1,3,1,18,18,9.4,7.1,no,suburb,no,427.97
130.6,1,1,7,4,11.91,7.5,yes,core,yes,501.86
89.4,2,1,19,4,0.79,7.9,no,suburb,yes,389.3
185.4,5,2,21,10,7.26,7.1,no,inner_ring,no,564.55
141.6,5,1,2,29,10.65,8.8,yes,inner_ring,yes,461.56
123.9,5,3,19,8,5.81,7.9,no,inner_ring,yes,478.38
137.0,1,2,22,6,1.82,6.1,yes,inner_ring,yes,478.35
119.8,1,3,6,3,9.71,7.5,yes,inner_ring,no,378.2
58.9,2,3,23,13,3.2,8.0,no,suburb,no,297.54
66.7,4,2,24,5,0.5,7.9,no,core,no,405.47
72.8,2,3,17,33,6.39,6.3,no,suburb,yes,283.37
69.5,3,2,27,19,0.92,6.1,no,core,no,361.4
97.2,5,1,3,16,11.19,8.5,yes,core,yes,468.05
81.8,4,1,15,3,2.95,7.6,no,core,yes,435.56
138.6,4,2,30,34,11.69,8.4,no,suburb,yes,392.49
133.5,2,3,16,22,5.07,5.7,yes,suburb,yes,416.68
65.8,2,2,14,14,7.79,8.7,no,inner_ring,no,320.32
84.7,5,3,17,4,18.89,6.2,no,suburb,no,280.87
163.9,2,3,18,25,4.55,6.5,no,suburb,yes,426.93
88.8,5,2,13,20,16.91,6.3,no,inner_ring,yes,321.96
92.1,4,3,20,2,4.9,7.4,no,inner_ring,yes,417.92
83.5,2,1,3,10,2.85,6.7,no,inner_ring,yes,350.32
91.8,2,3,13,25,18.44,7.7,no,inner_ring,yes,297.23
172.0,5,3,12,3,15.44,8.5,no,inner_ring,yes,511.56
76.5,2,3,7,18,0.5,8.0,no,core,no,395.18
119.4,5,1,21,5,8.83,6.2,no,inner_ring,yes,446.31
91.2,1,1,19,18,9.6,5.6,yes,suburb,yes,280.31
150.9,1,2,20,13,13.18,5.9,yes,suburb,no,373.58
80.2,2,3,1,0,14.87,8.4,yes,suburb,yes,326.46
107.1,3,3,25,29,0.5,8.1,no,inner_ring,yes,449.89
91.0,1,2,28,7,0.5,6.9,no,suburb,yes,349.03
72.7,5,3,11,22,6.94,5.5,no,suburb,no,293.87
106.1,3,3,6,11,7.06,8.3,yes,core,yes,470.88
68.2,3,3,5,6,4.68,5.8,yes,inner_ring,yes,364.23
71.9,1,1,2,7,15.02,6.5,no,core,no,291.88
115.0,3,3,14,4,12.23,9.2,no,inner_ring,yes,463.3
115.0,2,2,14,13,3.76,8.0,yes,inner_ring,yes,464.03
94.2,2,3,13,11,4.97,8.0,no,core,yes,434.9
44.7,5,1,22,24,11.17,7.8,no,inner_ring,yes,274.29
91.9,1,3,21,31,15.46,8.2,no,core,yes,364.08
133.8,5,3,4,25,0.5,7.2,no,core,yes,580.27
150.5,3,2,20,9,13.94,8.0,no,suburb,yes,423.43
81.3,4,2,6,10,14.52,7.0,yes,suburb,yes,330.15
137.2,5,2,26,15,6.54,7.8,no,inner_ring,no,440.09
128.3,5,1,20,25,14.89,9.1,no,core,yes,467.47
154.3,4,2,32,29,8.33,7.2,yes,inner_ring,no,452.33
96.3,5,3,21,29,10.71,5.0,no,suburb,no,311.25
102.1,3,2,24,14,8.52,7.6,no,suburb,yes,340.95
151.2,5,2,11,24,5.76,7.1,no,inner_ring,yes,468.63
71.4,1,3,18,23,3.69,8.3,no,inner_ring,no,341.62
79.0,4,2,14,29,9.22,5.4,no,suburb,yes,318.54
139.5,4,2,6,34,12.77,7.1,no,inner_ring,no,375.05
68.7,3,3,10,5,15.81,6.0,no,core,yes,323.81
80.3,2,1,23,30,15.56,8.4,no,inner_ring,yes,316.0
94.4,4,1,31,21,7.2,7.9,no,suburb,no,330.83
54.5,3,2,7,25,7.47,4.4,no,core,no,271.4
138.6,2,2,17,13,12.63,7.5,no,inner_ring,yes,391.7
108.2,4,3,14,10,16.82,7.4,no,inner_ring,no,359.42
44.3,3,2,27,34,6.19,6.5,no,core,yes,334.05
97.1,5,3,28,24,14.96,8.1,no,suburb,no,347.5
106.0,3,3,5,26,7.84,7.3,no,suburb,yes,367.14
66.5,1,3,13,8,10.85,6.2,no,suburb,no,232.23
67.3,4,2,23,28,11.08,8.3,no,inner_ring,no,289.35
101.3,4,1,24,20,19.92,7.0,no,core,yes,396.14
64.7,1,2,32,34,0.76,8.3,no,inner_ring,yes,319.38
119.5,4,3,5,12,15.62,7.0,no,suburb,yes,374.15
90.3,5,2,13,23,11.34,6.9,no,inner_ring,yes,365.27
139.9,1,1,17,28,7.08,8.8,no,core,yes,439.09
113.2,5,1,27,29,12.52,7.6,no,inner_ring,yes,413.15
108.8,2,2,17,0,8.99,6.6,yes,inner_ring,yes,425.13
62.3,2,3,11,3,8.54,6.6,no,suburb,no,255.45
59.5,3,3,5,1,10.58,6.9,yes,suburb,yes,311.27
68.8,3,1,28,23,4.28,6.9,no,suburb,no,277.88
109.3,3,3,18,8,4.2,9.0,no,core,yes,487.78
58.2,2,3,32,24,4.95,6.1,no,inner_ring,yes,300.12
67.5,3,3,27,16,1.08,8.0,no,suburb,yes,369.21
68.9,3,3,4,30,7.45,7.2,no,inner_ring,no,298.54
139.5,4,2,24,6,7.52,6.8,no,core,yes,534.04
93.4,5,3,2,2,0.5,6.6,no,inner_ring,yes,445.3
127.4,1,2,27,20,13.2,7.5,no,core,yes,437.56
110.8,3,3,27,34,8.6,6.8,no,suburb,yes,343.16
95.2,1,1,28,29,10.46,6.7,no,inner_ring,yes,317.89
84.9,2,2,14,33,0.5,9.0,yes,core,yes,436.14
160.2,1,2,10,4,0.5,7.9,yes,inner_ring,no,463.58
142.1,1,1,20,15,0.76,8.3,no,suburb,no,401.32
95.0,1,2,30,23,7.0,6.7,no,suburb,yes,307.15
147.9,2,2,1,16,7.17,7.0,no,suburb,yes,389.98
110.8,5,2,23,24,12.73,8.8,yes,suburb,yes,404.93
142.1,5,1,17,23,14.13,8.5,no,inner_ring,yes,458.28
177.6,5,1,17,29,10.27,7.6,no,inner_ring,yes,538.0
63.8,2,3,11,2,7.47,6.5,no,inner_ring,no,278.73
150.5,3,2,22,13,7.43,5.2,no,suburb,yes,436.53
149.4,5,3,12,22,4.94,5.8,yes,suburb,yes,495.29
136.5,2,1,20,11,1.23,9.1,yes,inner_ring,yes,505.06
139.9,5,1,27,11,11.31,6.7,no,inner_ring,yes,467.99
35.0,4,2,13,25,12.23,10.0,yes,suburb,yes,317.19
69.1,2,3,20,3,7.9,6.0,no,inner_ring,no,325.64
134.6,3,2,23,28,16.68,8.7,no,inner_ring,yes,416.26
114.0,3,3,25,29,14.06,5.1,yes,core,yes,421.48
146.7,3,3,23,21,13.95,7.4,yes,inner_ring,yes,472.65
140.9,4,2,12,18,21.06,6.6,yes,suburb,no,364.74
92.0,4,3,32,8,14.74,7.4,no,inner_ring,yes,379.21
169.6,3,3,2,26,10.16,6.5,no,inner_ring,no,421.23
151.6,5,3,28,6,16.62,9.4,no,suburb,no,465.65
142.4,3,2,24,2,6.4,5.9,yes,inner_ring,no,467.99
128.5,3,1,19,31,5.5,7.3,no,inner_ring,yes,437.75
124.9,5,2,7,34,11.82,7.0,no,inner_ring,no,369.86
90.3,5,2,30,9,9.02,5.8,yes,suburb,yes,394.95
57.2,5,3,3,3,14.71,6.2,no,core,yes,370.54
133.1,3,3,9,28,9.53,7.9,no,inner_ring,yes,426.94
119.4,3,1,29,2,6.04,8.3,no,core,no,457.99
189.3,3,1,17,25,11.26,7.6,yes,inner_ring,no,487.04
76.2,2,3,13,19,12.05,6.9,no,inner_ring,no,272.18
144.2,2,2,9,17,6.25,8.9,no,inner_ring,yes,445.04
109.3,1,2,24,13,12.78,5.4,no,suburb,no,262.48
121.0,2,3,30,29,3.67,5.8,no,inner_ring,yes,409.41
168.1,5,2,20,24,5.31,7.8,no,inner_ring,yes,558.35
151.2,3,2,18,32,4.51,7.3,no,core,yes,501.39
94.6,4,2,14,9,17.12,7.1,no,inner_ring,no,294.26
92.7,3,3,19,26,13.67,7.5,no,inner_ring,no,308.96
138.9,3,2,19,3,7.89,7.4,yes,suburb,no,434.42
52.9,4,3,22,20,11.67,6.5,no,inner_ring,yes,322.66
145.7,1,2,16,30,4.75,8.8,no,suburb,yes,377.24
121.6,2,2,26,18,7.98,6.8,no,suburb,no,348.25
90.0,2,3,27,16,0.5,7.2,no,suburb,no,348.37
90.3,4,1,27,23,4.25,6.8,no,inner_ring,yes,350.06
120.0,5,2,27,28,2.0,8.1,no,inner_ring,no,454.27
143.4,5,1,28,18,6.04,7.2,no,suburb,yes,451.11
168.3,5,3,22,27,10.32,7.5,no,core,yes,549.23
81.6,4,2,3,19,19.12,7.1,yes,suburb,yes,271.45
112.0,2,3,20,9,19.77,8.8,yes,suburb,no,346.36
142.9,4,1,31,9,12.05,7.6,yes,suburb,no,453.35
120.7,5,3,25,3,7.39,7.3,no,inner_ring,no,434.14
96.3,5,2,27,17,14.83,6.8,no,inner_ring,yes,356.63
51.9,2,2,19,4,10.76,7.8,yes,suburb,yes,264.02
136.8,4,2,26,5,7.71,10.0,yes,inner_ring,yes,518.26
119.8,2,2,21,9,12.43,6.2,yes,inner_ring,yes,422.7
116.8,4,3,5,33,3.38,7.3,no,inner_ring,yes,456.56
183.7,1,2,24,17,0.9,5.7,no,suburb,yes,447.22
74.2,3,3,6,21,19.97,8.1,no,suburb,no,222.99
101.8,1,1,29,29,9.18,5.5,no,suburb,yes,285.25
116.4,1,3,11,27,4.73,7.9,no,suburb,yes,348.08
114.0,5,2,12,25,3.82,9.2,no,inner_ring,yes,466.34
87.1,3,1,17,34,4.31,7.7,yes,suburb,no,332.04
90.0,2,2,12,29,6.68,6.8,no,inner_ring,yes,302.79
92.9,1,3,11,16,13.51,7.3,no,inner_ring,yes,305.9
59.8,5,2,17,5,5.63,6.5,no,inner_ring,no,325.71
42.9,3,1,25,6,14.66,6.7,no,suburb,no,225.42
107.6,1,1,7,4,12.25,8.1,no,core,yes,401.11
154.6,2,2,22,28,3.09,6.9,no,inner_ring,yes,475.05
127.6,3,1,11,22,9.29,7.3,yes,inner_ring,no,398.46
166.0,1,1,24,33,13.02,6.1,yes,suburb,yes,390.38
147.2,5,1,20,2,2.31,5.7,no,inner_ring,no,507.28
42.9,2,3,10,20,9.22,8.1,no,core,no,291.48
86.9,3,2,5,12,6.04,7.5,yes,inner_ring,yes,404.61
72.3,2,1,26,15,12.0,6.9,yes,core,no,351.59
78.7,1,1,29,14,3.79,7.0,no,inner_ring,no,316.47
96.2,2,3,24,3,13.69,7.3,no,core,yes,417.9
85.3,2,1,7,31,7.45,7.2,no,suburb,yes,280.89
96.1,4,3,22,5,2.45,6.1,no,suburb,no,402.0
79.4,5,1,6,3,4.35,6.1,no,core,no,392.17
66.2,2,3,25,17,14.97,6.9,yes,suburb,yes,285.16
77.8,2,3,14,24,1.62,9.2,yes,inner_ring,no,387.93
122.0,3,2,13,15,8.14,7.0,no,inner_ring,yes,387.0
105.6,1,3,8,2,15.38,7.0,yes,inner_ring,yes,346.09
121.5,4,2,3,8,6.21,5.7,no,core,yes,453.14
147.1,2,2,4,12,2.49,6.4,no,inner_ring,no,403.4
177.2,5,2,9,28,19.28,4.0,yes,suburb,no,379.04
89.8,2,3,21,29,15.07,8.2,no,core,yes,373.79
58.0,5,3,26,30,7.18,5.6,no,core,yes,363.64
87.8,3,2,24,0,11.46,5.5,yes,core,yes,412.1
110.9,1,3,18,7,7.42,4.1,no,core,yes,392.84
35.0,5,2,13,3,10.24,5.6,yes,suburb,yes,301.81
93.1,2,1,29,20,9.7,10.0,no,suburb,yes,325.45
101.5,4,2,32,11,16.94,7.9,yes,inner_ring,yes,420.45
101.0,1,3,14,6,9.43,7.8,no,suburb,yes,333.72
136.9,4,3,9,7,14.4,9.5,yes,core,yes,535.22
118.5,1,3,3,23,3.14,7.1,no,inner_ring,yes,369.59
61.7,2,2,28,27,12.96,4.8,yes,suburb,yes,235.16
81.9,1,1,19,34,13.35,5.7,yes,inner_ring,yes,258.9
151.4,3,2,28,13,8.11,7.4,no,core,yes,544.16
111.0,2,3,32,19,4.8,5.4,no,inner_ring,yes,384.01
116.0,4,2,27,6,13.43,5.4,no,suburb,no,342.21
119.4,4,3,32,11,4.71,7.5,no,inner_ring,no,440.84
83.2,1,1,1,25,12.98,6.2,no,suburb,yes,244.86
90.9,3,2,20,10,2.6,9.2,no,suburb,yes,431.59
108.7,2,1,29,31,3.3,6.9,no,core,yes,441.01
114.1,1,2,18,9,3.51,6.2,no,inner_ring,no,362.33
77.0,5,3,28,8,4.74,5.6,no,suburb,yes,391.39
51.1,3,2,3,14,11.87,6.8,no,core,yes,321.62
46.3,1,2,15,23,10.31,6.5,no,inner_ring,no,217.32
89.4,2,1,29,11,14.66,6.6,no,suburb,yes,324.52
103.2,1,3,31,24,17.23,7.1,no,suburb,yes,277.82
64.2,1,2,10,29,1.73,6.9,no,suburb,yes,253.73
152.7,5,1,12,20,17.54,7.3,yes,inner_ring,yes,464.36
86.4,3,1,23,27,14.3,6.6,no,suburb,yes,270.44
83.2,1,1,9,0,7.83,7.7,no,inner_ring,yes,369.59
118.2,4,2,17,17,10.75,7.4,yes,suburb,yes,411.63
170.4,5,3,9,0,13.67,6.0,no,suburb,yes,478.35
119.5,4,1,8,28,10.59,7.2,no,suburb,no,358.87
64.0,4,1,20,11,6.55,6.7,no,core,no,374.56
169.7,4,2,22,17,12.35,6.8,no,core,yes,524.63
56.5,2,3,18,11,13.49,8.0,no,suburb,yes,280.25
55.0,1,1,21,1,11.2,6.7,no,core,no,295.82
60.0,1,2,20,7,8.12,6.0,no,inner_ring,no,246.44
90.8,4,1,3,13,6.26,7.4,no,suburb,no,325.37
49.1,5,1,13,18,1.59,5.1,no,suburb,yes,290.64
118.1,1,3,32,6,10.3,8.2,yes,suburb,yes,385.4
149.6,1,2,10,27,14.8,7.0,no,core,no,387.17
118.7,3,2,27,14,0.5,8.0,no,core,no,491.02
89.0,5,2,21,19,9.11,5.9,no,suburb,yes,351.04
90.6,4,1,10,26,0.5,7.0,no,suburb,yes,381.61
97.5,4,2,30,2,0.5,8.4,yes,suburb,no,431.09
148.5,3,3,31,3,12.15,5.6,yes,suburb,no,392.52
56.5,3,2,20,6,11.12,7.9,no,inner_ring,yes,340.18
144.3,3,2,1,25,5.22,8.1,no,core,yes,492.59
82.3,2,1,15,13,8.6,5.9,no,suburb,no,253.26
112.0,4,2,13,1,0.5,7.0,yes,suburb,yes,441.59
103.8,2,3,21,32,11.21,9.5,yes,core,no,467.79
111.3,4,2,27,30,3.81,8.4,no,core,no,475.29
138.9,1,2,19,11,7.45,7.7,no,inner_ring,no,399.77
142.2,2,2,32,7,2.35,7.6,yes,core,yes,584.02
124.4,3,3,32,32,6.07,8.5,yes,core,yes,519.22
145.8,3,3,32,12,6.9,8.2,yes,suburb,no,471.68
79.7,3,1,16,6,8.75,6.4,no,inner_ring,yes,327.53
146.3,1,2,29,15,5.58,6.3,no,inner_ring,yes,446.56
132.3,2,1,25,16,14.79,6.4,yes,inner_ring,yes,420.69
136.8,5,3,7,29,8.39,5.4,yes,suburb,yes,457.67
36.1,2,2,14,33,5.82,7.5,yes,core,no,298.27
129.6,5,1,26,12,15.06,6.2,no,inner_ring,no,382.92
119.9,3,2,6,4,13.07,6.3,yes,inner_ring,no,351.13
109.8,5,1,29,6,9.74,7.9,no,core,yes,499.7
125.4,5,1,27,28,3.34,6.5,no,core,no,476.94
76.7,4,1,13,24,19.83,6.9,no,core,yes,310.46
99.1,3,1,6,25,7.12,6.6,no,core,no,366.4
124.0,4,3,6,24,10.7,8.1,no,suburb,yes,394.45
50.7,2,3,22,2,15.0,6.9,no,suburb,no,221.86
121.1,5,3,1,7,6.62,6.9,yes,inner_ring,yes,504.45
84.1,4,2,3,29,5.1,6.5,no,suburb,yes,327.64
79.8,1,3,1,0,12.22,6.2,no,inner_ring,yes,298.66
102.3,2,2,31,13,13.62,6.5,yes,inner_ring,no,312.54
73.4,5,1,11,21,0.5,5.2,no,inner_ring,no,338.95
102.7,3,2,14,17,1.61,7.9,no,core,yes,484.3
35.0,3,2,7,11,9.01,7.9,yes,inner_ring,yes,300.69
68.0,5,3,1,5,3.93,6.5,no,inner_ring,no,345.82
35.0,4,3,29,11,9.17,8.0,yes,core,no,347.29
124.6,5,1,31,29,0.5,6.9,no,inner_ring,yes,466.33
115.4,4,2,13,17,15.62,6.2,yes,core,yes,477.96
145.7,4,3,7,21,6.74,7.5,no,inner_ring,yes,474.66
115.7,2,2,16,1,5.26,9.1,no,suburb,no,373.79
35.0,3,2,19,19,0.5,8.5,yes,core,no,362.41
86.8,4,1,2,11,2.85,6.2,yes,inner_ring,no,400.62
141.9,1,2,19,14,7.86,6.4,no,suburb,no,346.32
137.7,1,2,27,14,14.19,7.2,no,core,no,430.47
94.3,4,3,30,14,7.02,10.0,no,suburb,no,432.3
118.2,5,1,16,26,10.38,6.2,yes,inner_ring,yes,406.02
142.0,3,2,17,30,10.08,5.7,yes,suburb,yes,388.52
128.1,4,3,7,11,15.55,7.8,no,suburb,no,371.15
72.0,1,2,7,28,0.5,8.0,no,inner_ring,yes,331.85
99.6,3,3,8,16,2.99,6.5,no,core,yes,436.72
87.2,4,1,21,11,18.2,7.1,yes,suburb,yes,312.51
117.8,5,3,18,34,17.99,6.1,yes,inner_ring,yes,412.02
101.0,4,3,9,13,4.52,7.9,no,inner_ring,no,418.22
58.4,1,3,5,18,0.5,7.1,no,suburb,yes,262.83
112.4,2,3,23,6,7.09,7.3,no,core,yes,480.23
107.6,1,3,12,14,13.52,7.9,no,inner_ring,yes,335.23
134.8,2,1,6,13,13.55,5.5,yes,core,no,427.74
103.9,3,2,11,1,9.06,6.3,no,core,no,394.24
58.4,1,3,32,21,6.51,7.0,no,inner_ring,yes,290.71
89.3,2,1,14,33,18.73,6.6,no,inner_ring,no,248.35
204.0,2,3,12,3,4.32,7.0,no,suburb,yes,553.92
95.5,3,2,30,19,8.71,6.1,no,core,no,372.13
81.1,3,1,15,18,9.97,8.0,no,inner_ring,no,322.02
75.4,2,3,28,19,27.61,4.6,no,inner_ring,no,171.04
81.0,5,2,31,16,2.86,7.8,yes,core,yes,464.95
35.0,5,3,19,7,5.73,8.5,no,core,yes,426.98
157.8,2,2,22,4,10.42,5.5,no,inner_ring,yes,457.81
167.1,1,2,9,3,1.5,8.1,no,suburb,yes,478.69
148.3,2,3,29,16,0.5,7.1,no,inner_ring,no,486.08
50.8,5,3,8,7,10.98,6.8,yes,inner_ring,yes,393.35
177.9,3,2,3,7,3.52,5.8,no,inner_ring,no,454.13
129.2,4,1,1,8,10.6,6.5,no,core,yes,436.42
93.0,1,2,26,25,13.69,7.5,no,inner_ring,yes,301.56
99.4,5,3,18,15,5.49,7.5,no,suburb,yes,414.83
74.1,4,2,19,20,5.78,8.4,yes,suburb,yes,401.61
96.2,3,2,22,2,15.03,9.0,yes,suburb,no,350.02
128.1,3,2,29,5,7.81,8.1,yes,inner_ring,yes,464.89
35.0,1,1,3,30,10.37,8.0,no,core,yes,220.89
153.6,1,1,4,19,7.9,7.0,no,inner_ring,no,379.71
87.8,4,3,20,2,7.68,8.3,yes,inner_ring,no,447.15
85.8,5,2,18,33,9.31,5.7,yes,suburb,yes,352.49
84.1,4,2,24,14,0.5,5.5,no,inner_ring,yes,377.27
131.0,3,2,29,0,5.99,6.1,yes,inner_ring,yes,503.29
167.0,4,3,17,6,6.02,5.8,yes,suburb,yes,523.08
104.1,4,1,6,21,5.84,7.6,no,inner_ring,no,384.82
85.5,1,2,10,19,3.89,9.6,yes,suburb,no,302.2
120.6,5,2,32,20,7.31,7.5,yes,core,yes,554.91
88.6,1,2,8,20,8.34,6.5,no,inner_ring,no,257.46
155.5,3,2,16,26,12.24,5.5,no,suburb,no,334.67
45.4,1,1,27,3,10.22,6.3,no,inner_ring,no,230.4
118.7,5,1,21,3,12.43,6.8,no,core,yes,490.05
123.6,3,2,20,7,0.5,8.0,no,inner_ring,yes,475.79
142.5,2,1,27,0,13.03,7.4,no,inner_ring,yes,426.27
103.2,2,1,17,33,4.91,7.5,no,suburb,yes,323.76
98.7,1,3,7,2,7.06,7.7,no,inner_ring,yes,377.27
91.7,3,2,25,7,10.09,7.0,yes,inner_ring,no,371.99
144.2,1,2,21,30,12.39,7.5,no,core,yes,445.88
141.0,4,3,2,31,2.12,7.6,no,inner_ring,yes,504.26
115.2,4,2,12,0,4.31,8.4,no,core,yes,476.24
119.2,3,1,14,2,7.62,7.9,no,suburb,yes,405.99
72.7,1,3,13,8,6.25,7.3,yes,core,no,363.25
129.9,1,2,9,17,0.5,6.3,yes,suburb,yes,423.54
116.6,2,2,25,25,5.48,6.6,no,inner_ring,yes,388.2
123.4,2,3,31,29,8.66,8.3,no,inner_ring,yes,443.85
169.3,4,2,8,31,14.3,6.1,no,inner_ring,yes,457.02
35.0,5,3,12,9,10.52,7.0,no,inner_ring,yes,289.55
125.7,1,3,28,0,7.16,6.0,yes,inner_ring,no,441.65
82.2,4,2,8,7,6.83,7.9,no,core,yes,423.47
135.3,3,3,32,1,7.73,6.4,no,inner_ring,no,420.24
81.9,5,3,9,25,3.32,4.5,yes,inner_ring,yes,396.01
133.1,4,1,2,25,4.76,7.1,yes,suburb,yes,435.49
85.0,1,3,13,14,7.52,6.4,no,suburb,no,271.41
129.6,3,1,14,34,8.23,8.0,no,inner_ring,yes,401.91
112.9,5,1,21,11,12.92,7.4,yes,suburb,yes,439.44
35.0,1,1,2,12,10.35,7.2,no,inner_ring,yes,225.48
87.9,1,2,7,13,12.97,7.3,no,inner_ring,no,296.11
104.4,1,1,30,12,7.0,7.6,yes,suburb,yes,363.28
137.5,4,2,15,34,13.92,8.0,no,inner_ring,yes,393.88
93.9,2,1,2,15,6.52,7.9,no,suburb,yes,285.86
111.3,3,2,24,2,16.39,8.1,no,core,no,460.41
96.8,3,1,31,13,0.5,7.7,no,suburb,yes,375.99
87.5,5,2,28,15,3.66,5.7,yes,inner_ring,yes,438.22
149.3,2,3,32,18,20.53,7.9,yes,inner_ring,no,422.71
102.8,5,1,28,22,13.05,7.6,no,inner_ring,no,356.34
108.7,2,1,19,28,7.2,6.3,no,inner_ring,yes,350.52
36.1,1,2,8,2,1.96,9.1,no,core,yes,332.6
78.0,3,3,8,8,3.9,6.1,yes,core,no,433.37
145.1,2,3,16,25,5.63,5.7,yes,suburb,yes,397.06
109.2,5,1,2,31,14.8,7.7,yes,suburb,yes,358.42
118.8,2,2,3,23,6.55,7.8,no,core,yes,423.25
65.4,2,1,24,25,11.93,7.9,yes,inner_ring,no,276.57
111.9,3,3,26,5,4.17,8.0,no,core,yes,507.9
94.6,4,2,27,21,1.04,7.7,no,core,yes,501.31
140.2,2,2,9,26,8.79,7.7,yes,suburb,yes,387.5
70.0,5,2,7,19,12.94,7.0,no,core,no,359.72
76.6,3,1,14,7,11.63,7.9,yes,inner_ring,yes,349.71
63.8,4,2,25,4,0.81,7.0,no,suburb,no,338.72
104.3,1,2,12,2,7.5,6.3,yes,core,yes,395.71
138.0,3,2,27,26,2.82,7.2,no,core,yes,488.94
103.1,3,1,26,30,9.46,7.2,yes,inner_ring,no,374.24
97.8,3,2,10,6,5.91,7.6,yes,inner_ring,yes,409.25
120.2,5,2,22,15,5.48,5.8,yes,inner_ring,no,433.59
75.3,2,2,31,26,10.45,7.3,no,suburb,yes,309.49
129.7,3,3,1,25,13.65,6.7,no,core,yes,448.62
116.9,1,1,16,28,12.91,6.6,no,core,no,304.84
106.2,1,3,15,30,8.69,6.2,no,suburb,no,268.43
76.4,3,2,20,16,3.84,6.3,yes,core,yes,423.35
76.2,5,2,27,30,7.53,7.1,yes,suburb,no,327.29
122.3,3,3,32,26,9.3,4.0,yes,core,no,444.84
98.3,3,2,4,30,8.11,7.4,yes,inner_ring,no,347.0
60.8,3,3,4,32,8.61,6.0,yes,core,yes,354.52
109.9,4,3,8,30,17.46,6.9,no,inner_ring,no,366.4
53.2,4,2,21,8,4.0,6.5,no,core,yes,361.11
136.9,5,2,2,13,13.32,8.7,no,suburb,yes,436.65
127.1,3,2,8,16,6.9,7.4,yes,suburb,yes,400.77
133.7,3,2,28,32,10.54,7.2,no,suburb,yes,420.34
109.8,4,3,31,13,2.9,9.5,no,suburb,no,459.17
119.3,5,1,6,13,4.57,7.8,yes,inner_ring,no,471.3
95.0,2,1,23,27,11.65,7.4,no,suburb,no,261.28
75.9,1,2,20,34,5.34,6.5,yes,suburb,yes,358.75
180.7,2,3,30,9,11.43,5.6,yes,suburb,yes,477.13
89.0,4,1,25,10,13.31,8.6,no,core,yes,413.9
142.1,5,1,6,31,8.33,5.7,yes,core,yes,480.83
132.8,4,3,14,4,10.41,9.1,no,suburb,yes,440.11
116.3,3,3,6,32,14.88,7.9,no,inner_ring,yes,365.23
93.4,3,2,19,25,9.24,6.3,no,core,yes,361.09
110.7,1,1,4,33,10.99,6.6,no,inner_ring,yes,296.83
69.1,1,1,29,14,12.74,10.0,yes,suburb,yes,301.65
129.5,4,2,26,16,12.33,5.3,no,suburb,yes,392.17
94.2,5,2,13,7,13.98,7.6,no,core,no,418.75
100.9,2,2,18,6,7.6,5.9,no,inner_ring,yes,373.98
73.4,5,2,11,31,9.04,7.6,no,core,no,374.33
123.7,2,1,7,24,8.49,7.5,yes,inner_ring,no,396.72
59.6,3,1,6,15,6.3,6.4,no,inner_ring,yes,327.42
84.3,5,3,13,19,10.63,5.3,no,core,no,380.52
121.4,4,1,32,9,7.0,4.9,yes,inner_ring,yes,474.37
111.4,3,2,20,18,3.23,8.2,no,inner_ring,yes,393.81
40.3,4,2,22,26,4.33,6.8,yes,inner_ring,yes,283.0
101.2,1,3,13,1,10.52,8.1,no,inner_ring,yes,361.03
96.6,4,3,27,13,2.87,6.7,no,inner_ring,yes,446.25
150.8,3,1,12,11,12.85,6.6,no,inner_ring,no,408.65
103.9,3,2,26,18,6.8,8.0,no,core,yes,420.65
100.1,5,2,6,21,11.27,7.5,yes,suburb,yes,392.55
46.0,3,3,26,25,8.76,7.5,no,inner_ring,yes,296.9
89.5,2,1,27,29,5.44,6.7,yes,inner_ring,no,337.59
106.7,4,3,4,13,3.11,5.8,no,inner_ring,yes,400.52
105.3,3,1,28,17,14.59,6.3,no,inner_ring,no,355.67
140.0,4,2,22,8,15.61,5.2,no,core,yes,464.71
108.4,5,1,28,1,11.32,7.3,no,core,no,467.47
150.2,4,1,30,6,6.77,7.3,yes,suburb,no,467.46
101.2,2,3,17,14,11.39,5.0,no,suburb,yes,304.88
44.5,3,3,12,17,0.5,6.5,yes,core,yes,394.99
120.8,1,2,9,18,12.16,5.2,no,inner_ring,no,260.81
121.1,4,2,32,23,14.08,6.1,no,suburb,yes,389.29
52.7,2,3,17,10,9.44,8.8,no,suburb,yes,281.61
176.7,4,2,32,16,10.56,5.7,no,suburb,no,451.37
153.2,1,3,25,24,2.78,6.2,no,inner_ring,yes,456.39
133.0,2,1,23,32,6.99,7.9,no,core,yes,465.1
125.7,3,3,2,16,4.64,8.6,no,inner_ring,yes,471.14
100.8,1,1,27,3,11.79,5.5,no,inner_ring,no,281.13
100.5,3,1,28,13,5.12,6.9,no,core,yes,424.44
113.3,1,1,13,30,12.97,7.1,no,suburb,yes,278.22
72.0,5,3,20,5,8.57,5.8,no,inner_ring,yes,391.47
90.8,1,1,30,21,7.08,6.8,no,core,yes,369.73
120.0,2,1,30,5,12.48,7.7,no,inner_ring,yes,381.76
161.0,3,2,12,17,8.6,5.3,yes,inner_ring,yes,441.96
96.7,5,2,10,5,16.51,4.9,yes,core,yes,416.94
85.4,5,2,2,24,10.86,6.5,no,core,yes,390.31
137.5,4,2,21,17,5.73,7.6,yes,inner_ring,yes,549.71
136.8,2,2,15,16,1.2,8.8,no,inner_ring,yes,462.67
104.3,3,2,16,14,8.98,8.2,yes,inner_ring,yes,425.14
94.2,1,1,29,17,10.59,6.5,no,suburb,no,263.73
107.5,3,1,18,22,3.14,6.4,yes,inner_ring,yes,437.82
105.2,4,3,3,15,5.17,8.1,no,inner_ring,yes,418.95
70.5,5,1,27,11,8.08,8.2,yes,suburb,yes,384.79
105.6,1,2,1,26,6.8,7.7,no,inner_ring,yes,336.63
145.7,3,2,27,3,10.78,7.0,no,inner_ring,yes,473.23
50.6,4,1,10,15,6.25,8.0,no,inner_ring,yes,317.34
116.6,5,1,9,31,13.6,7.8,no,inner_ring,yes,399.13
150.8,4,2,13,27,13.36,5.9,no,core,yes,460.36
143.0,2,1,11,3,11.89,6.4,yes,inner_ring,yes,435.85
109.3,2,2,25,28,8.29,7.2,no,suburb,yes,334.84
84.3,3,1,7,31,0.5,7.4,yes,inner_ring,no,335.81
83.7,2,3,23,16,13.83,7.8,no,suburb,no,259.2
124.3,3,3,18,28,7.77,5.8,no,inner_ring,no,368.86
105.2,5,1,1,10,13.98,6.4,yes,suburb,yes,371.85
101.8,4,2,2,9,2.62,7.1,no,suburb,yes,411.49
123.2,2,1,18,19,8.12,6.5,no,suburb,yes,349.86
123.6,4,2,23,16,6.86,4.6,no,inner_ring,yes,423.9
148.3,4,2,31,33,18.11,7.4,no,suburb,yes,372.55
121.7,1,1,14,34,13.17,6.5,no,suburb,no,255.54
65.1,1,2,24,25,4.7,6.9,yes,suburb,no,256.07
87.0,4,1,18,23,11.11,7.0,yes,inner_ring,yes,381.18
160.9,1,1,10,18,4.65,9.8,no,suburb,yes,442.2
128.1,3,3,27,2,4.28,8.0,no,inner_ring,yes,454.65
89.4,5,3,14,20,12.3,6.6,no,inner_ring,no,342.02
181.6,3,2,8,19,7.1,9.3,no,inner_ring,no,506.01
190.6,4,2,29,20,21.81,6.3,yes,suburb,yes,458.9
35.0,2,2,20,27,11.22,6.9,no,suburb,yes,199.92
98.0,5,2,3,1,14.06,7.2,no,core,yes,405.61
70.1,5,2,27,15,18.23,8.1,no,suburb,no,318.3
142.1,4,2,8,10,12.35,8.6,no,suburb,yes,427.16
166.2,5,3,9,28,12.99,6.1,no,inner_ring,yes,474.34
123.9,3,2,6,20,14.45,7.4,no,inner_ring,yes,387.35
131.9,5,1,23,28,3.4,5.8,no,core,yes,510.1
66.4,4,1,27,11,8.4,6.6,no,inner_ring,yes,355.86
117.9,5,3,9,34,0.81,8.5,no,inner_ring,no,446.8
96.9,1,1,16,16,14.25,7.5,no,inner_ring,yes,304.63
106.1,4,3,22,9,17.55,6.6,no,core,no,385.33
35.0,4,2,31,14,1.74,8.7,yes,inner_ring,no,328.51
144.1,2,2,29,19,2.81,6.6,no,suburb,no,412.82
96.8,4,1,10,21,11.24,8.0,no,suburb,no,306.48
95.6,4,3,23,18,13.65,6.4,no,inner_ring,no,325.02
67.5,2,3,18,21,12.09,5.5,no,inner_ring,yes,251.31
151.6,3,3,10,18,8.56,8.0,no,suburb,no,402.98
68.6,1,1,2,14,14.44,5.8,no,inner_ring,no,216.05
114.8,2,1,5,0,8.01,7.2,yes,suburb,no,350.06
161.1,5,3,4,14,11.95,8.5,no,suburb,yes,485.04
75.2,4,2,10,25,8.21,6.4,no,suburb,no,296.8
160.3,5,1,2,10,9.63,6.2,yes,inner_ring,yes,522.7
111.8,5,3,20,21,2.39,8.3,no,core,no,497.47
143.7,3,1,15,33,0.9,6.9,yes,inner_ring,yes,494.84
101.0,1,2,19,0,15.0,7.6,yes,suburb,yes,348.83
97.7,3,1,1,1,10.36,8.1,no,inner_ring,no,338.95
109.6,5,2,17,32,13.49,5.9,no,core,no,376.57
83.0,1,1,21,26,8.02,8.4,yes,suburb,yes,311.89
139.6,4,3,14,34,7.75,7.1,no,inner_ring,yes,480.64
97.4,3,3,19,26,14.92,7.4,no,inner_ring,yes,321.06
122.9,2,3,8,13,8.24,6.6,no,core,yes,457.47
126.0,2,2,3,21,6.37,8.7,no,core,no,427.73
185.0,5,2,23,22,3.96,8.0,no,core,no,600.15
146.3,2,2,4,19,9.46,7.3,no,inner_ring,yes,425.52
127.0,5,3,29,23,11.96,5.5,no,suburb,no,389.92
112.3,2,1,19,18,7.83,4.8,no,inner_ring,yes,346.42
143.7,2,1,1,16,5.93,8.3,no,core,yes,484.0
135.2,5,1,8,22,5.47,7.6,no,core,yes,490.3
114.2,2,1,19,24,10.7,8.7,yes,inner_ring,yes,442.12
130.7,4,3,20,22,11.77,8.8,no,inner_ring,yes,406.65
90.8,2,3,8,15,8.59,8.0,no,suburb,yes,341.3
130.9,2,2,27,5,3.99,7.0,yes,core,no,499.01
51.5,4,3,15,31,5.27,6.0,no,inner_ring,yes,301.05
60.8,2,2,25,34,13.54,6.3,no,inner_ring,yes,250.29
63.9,3,3,14,32,5.78,7.5,yes,core,no,334.74
125.9,4,1,9,23,3.54,9.9,no,inner_ring,no,437.39
148.8,5,2,27,14,5.06,7.0,no,suburb,no,508.14
145.3,2,2,19,5,13.52,7.0,yes,inner_ring,yes,459.39
103.2,2,3,25,34,6.3,6.9,yes,inner_ring,no,350.56
93.5,4,1,31,22,11.17,7.2,no,core,yes,412.26
98.1,3,3,23,23,9.68,7.1,no,core,no,392.24
120.6,4,3,25,1,6.13,7.6,yes,inner_ring,yes,527.05
126.9,2,2,10,9,12.24,6.9,no,inner_ring,yes,407.48
61.0,2,1,12,3,3.16,7.2,no,inner_ring,no,308.94
103.5,5,2,14,24,0.5,7.5,yes,core,yes,531.76
112.6,4,2,31,32,6.15,7.5,yes,inner_ring,no,438.53
115.0,3,3,21,16,2.99,7.9,no,suburb,yes,417.68
87.6,4,3,32,13,9.17,7.1,no,suburb,yes,347.63
149.4,3,2,23,29,14.23,7.1,no,suburb,yes,368.45
82.8,1,2,2,14,4.61,6.9,no,suburb,no,246.07
116.3,3,1,7,29,4.07,6.6,no,inner_ring,yes,405.53
115.8,1,3,28,15,10.38,6.6,no,inner_ring,no,335.52
97.0,4,3,23,29,0.5,7.1,yes,inner_ring,no,451.11
109.3,1,3,19,11,7.24,7.8,no,suburb,yes,363.97
148.4,4,3,7,5,7.21,6.1,yes,suburb,no,447.6
79.8,2,1,13,5,15.83,6.2,no,suburb,yes,237.36
104.9,5,3,10,14,11.59,6.9,no,inner_ring,yes,410.08
152.0,1,1,10,29,6.51,6.0,no,suburb,no,345.51
94.6,4,2,30,11,15.07,5.7,no,suburb,no,287.38
83.7,2,2,5,9,5.33,7.7,no,suburb,yes,301.41
100.8,3,3,23,27,0.5,6.1,no,suburb,yes,354.28
74.3,2,2,11,17,16.71,6.9,no,suburb,yes,250.71
60.5,2,1,20,10,14.65,5.5,no,core,yes,280.06
118.4,4,2,22,2,8.95,7.0,yes,core,yes,516.03
100.4,2,3,28,30,12.58,6.1,no,suburb,no,268.61
89.2,3,2,14,23,7.75,6.4,no,core,no,371.96
136.9,1,2,32,13,10.71,9.6,no,core,yes,443.86
63.9,5,3,4,9,7.72,7.6,yes,suburb,yes,363.49
117.8,1,2,6,9,9.48,6.7,yes,inner_ring,no,355.52
100.2,2,1,22,1,1.92,5.5,no,suburb,no,328.81
35.0,5,1,18,8,7.95,6.7,no,inner_ring,yes,309.81
87.1,5,3,29,7,16.42,7.8,yes,inner_ring,no,381.91
127.6,4,2,5,20,6.66,8.6,no,suburb,yes,433.18
55.5,3,1,28,28,15.04,8.8,no,core,no,295.03
126.6,1,3,10,7,12.12,7.9,yes,inner_ring,no,383.38
129.9,1,3,14,32,5.22,7.2,no,suburb,no,334.55
141.4,3,1,4,18,0.5,8.2,no,suburb,no,415.58
117.1,1,2,28,27,13.63,7.1,yes,suburb,no,307.03
163.2,1,2,15,30,4.2,8.7,no,inner_ring,yes,446.9
169.6,2,1,26,8,12.61,9.1,no,inner_ring,yes,474.34
143.8,3,3,16,23,5.84,4.9,no,inner_ring,yes,423.18
98.2,3,1,7,26,7.36,8.3,no,inner_ring,yes,364.05
35.6,5,3,1,5,7.17,6.5,yes,core,yes,346.41
110.0,1,2,18,34,10.86,9.6,no,suburb,yes,346.25
144.7,5,1,24,3,0.5,5.1,no,core,yes,553.1
141.4,5,3,27,14,5.2,6.3,no,inner_ring,no,511.19
160.2,5,2,3,23,9.49,6.6,yes,suburb,no,425.48
61.2,4,1,10,14,16.45,7.8,no,inner_ring,yes,274.89
58.9,3,1,13,11,14.61,5.8,no,core,yes,323.17
118.0,4,1,5,12,11.41,5.7,no,core,yes,441.52
154.3,4,3,7,11,7.89,6.0,no,inner_ring,no,447.43
118.4,3,3,16,32,17.44,6.3,yes,inner_ring,yes,349.28
101.4,4,1,5,31,15.48,7.1,no,inner_ring,no,292.83
132.7,1,1,3,5,8.78,7.9,no,inner_ring,yes,379.87
180.2,5,1,28,17,14.66,7.9,no,inner_ring,yes,511.22
105.7,5,1,20,1,4.81,6.3,no,suburb,no,368.86
123.4,4,2,30,3,9.45,4.9,no,inner_ring,yes,422.62
83.0,1,1,25,18,15.97,8.9,yes,suburb,no,260.93
111.8,1,1,6,17,8.94,6.9,no,suburb,yes,301.95
132.2,1,1,27,29,9.33,5.6,no,core,yes,420.18
95.3,1,2,11,19,8.16,6.4,yes,inner_ring,no,328.65
100.7,5,3,14,25,0.5,7.3,no,inner_ring,no,422.56
56.1,2,2,9,33,15.24,9.6,yes,core,no,322.4
92.0,2,1,9,6,10.23,6.6,yes,suburb,yes,315.7
152.8,1,1,8,4,4.96,7.3,no,core,no,457.04
70.8,3,3,28,22,12.03,9.0,no,suburb,no,286.72
63.1,3,1,13,26,13.27,7.3,no,suburb,no,205.06
131.1,4,3,8,9,12.03,6.3,yes,core,yes,525.01
186.1,5,3,17,20,0.5,7.1,no,suburb,no,574.38
54.7,3,2,22,31,10.42,8.6,no,suburb,yes,266.79
76.3,1,2,29,23,10.82,7.7,yes,inner_ring,no,319.0
52.5,5,1,11,32,1.69,6.6,no,inner_ring,yes,342.16
107.6,2,1,5,17,9.07,6.4,yes,inner_ring,yes,362.07
176.3,2,1,1,21,6.05,8.8,no,suburb,yes,466.35
109.1,3,2,1,31,7.01,6.8,no,inner_ring,no,302.67
89.9,1,2,26,28,13.59,6.0,no,inner_ring,yes,280.34
151.1,1,2,12,10,3.25,5.0,no,suburb,yes,378.18
154.5,1,3,9,31,11.63,8.8,no,core,yes,483.26
88.4,2,1,16,10,4.99,8.2,no,inner_ring,no,325.95
96.2,2,1,21,34,7.89,10.0,no,core,yes,416.15
177.5,5,2,4,24,10.56,8.8,yes,suburb,yes,529.02
95.0,3,2,18,19,2.07,6.8,no,inner_ring,yes,396.09
122.3,3,3,5,30,8.99,8.0,yes,core,yes,461.35
134.1,1,1,11,19,17.32,7.8,yes,inner_ring,yes,364.18
99.7,4,1,32,3,12.06,8.4,no,inner_ring,yes,401.24
85.4,3,2,21,14,12.2,8.0,no,suburb,yes,320.79
124.3,5,1,29,7,12.62,9.0,no,inner_ring,yes,460.14
105.9,1,3,16,0,10.77,7.3,yes,inner_ring,no,357.29
83.8,5,2,29,6,12.8,6.7,no,suburb,yes,387.9
108.1,2,1,8,0,10.44,7.9,no,inner_ring,yes,422.23
70.8,4,2,14,20,5.3,5.8,no,inner_ring,no,323.84
69.0,5,1,30,19,5.91,6.0,yes,inner_ring,yes,385.6
124.8,3,3,7,15,9.79,6.9,no,core,no,409.71
126.6,3,1,4,14,12.04,7.8,no,inner_ring,no,370.98
146.6,3,2,10,9,7.19,7.0,no,suburb,no,426.63
105.2,5,1,8,3,0.5,7.4,yes,core,yes,546.21
154.5,1,1,10,8,4.1,7.3,no,core,no,448.97
99.4,3,1,2,33,4.94,7.2,no,inner_ring,no,328.56
179.2,4,3,3,20,0.5,6.9,no,inner_ring,yes,534.14
105.8,5,2,30,23,1.65,7.1,yes,suburb,yes,486.94
35.0,2,3,31,10,10.89,5.7,no,inner_ring,no,220.88
129.2,3,1,23,33,11.92,7.3,no,inner_ring,yes,367.75
79.6,2,3,27,32,5.41,7.0,no,suburb,no,291.5
50.3,3,3,24,26,8.89,4.9,no,suburb,yes,253.19
108.2,1,1,14,10,7.19,7.8,yes,suburb,yes,362.67
124.4,5,2,18,17,10.06,7.5,no,inner_ring,yes,444.21
59.6,2,3,25,0,15.33,4.6,no,core,yes,317.81
134.4,5,3,30,33,13.05,8.0,no,suburb,no,397.89
87.1,2,3,14,31,6.7,8.6,no,core,yes,383.82
120.6,5,3,3,3,10.46,7.0,no,core,yes,484.76
146.6,2,2,19,6,13.15,7.9,no,inner_ring,no,408.54
98.9,3,2,21,10,2.49,8.3,no,core,yes,485.81
35.0,1,2,13,20,0.5,8.3,yes,suburb,yes,254.26
35.0,5,1,13,18,8.56,8.4,no,suburb,yes,264.05
125.6,1,1,29,26,12.22,6.1,yes,core,no,418.2
45.1,4,2,17,19,5.41,9.0,no,inner_ring,yes,383.78
94.1,1,1,31,26,13.61,5.4,yes,inner_ring,yes,279.93
164.1,3,3,28,7,9.07,9.1,no,inner_ring,no,489.26
122.8,1,2,10,6,5.45,6.5,no,core,no,443.48
125.0,2,2,14,7,8.51,7.5,no,inner_ring,yes,404.07
54.7,5,1,24,3,21.15,6.6,yes,inner_ring,yes,344.06
63.4,5,3,28,29,5.85,8.0,no,inner_ring,yes,386.29
103.4,3,1,11,25,15.68,7.6,no,core,yes,382.19
107.5,3,2,1,10,7.18,7.1,no,core,no,445.55
99.5,1,1,15,29,3.73,6.5,yes,inner_ring,yes,346.43
81.7,4,1,32,34,16.27,7.4,yes,inner_ring,yes,335.79
112.8,2,1,16,0,3.73,8.3,no,inner_ring,no,357.2
72.9,1,1,13,21,12.76,6.9,yes,suburb,yes,251.59
118.2,4,1,17,15,0.5,6.3,yes,core,yes,484.21
151.4,2,2,16,8,10.36,9.7,no,inner_ring,no,443.17
124.9,2,3,22,17,4.97,9.6,no,inner_ring,no,462.34
74.0,5,2,19,24,10.75,7.6,yes,suburb,no,347.79
42.8,2,1,1,18,2.29,7.1,no,inner_ring,yes,266.9
87.8,2,2,21,1,9.52,7.4,no,suburb,yes,318.05
98.2,1,1,29,8,18.68,7.0,yes,inner_ring,no,317.16
55.6,5,2,31,15,9.7,7.7,yes,core,no,404.77
100.4,5,1,16,33,3.18,7.1,no,suburb,yes,368.35
63.8,1,1,16,20,6.53,8.1,no,inner_ring,yes,280.95
145.5,1,1,26,33,9.99,8.2,no,inner_ring,yes,376.81
35.0,3,3,4,28,16.58,6.3,no,core,yes,276.44
128.7,4,3,12,11,3.52,8.4,yes,core,yes,561.17
84.8,4,2,12,13,9.5,8.4,yes,core,yes,447.81
35.0,4,3,29,11,0.5,6.1,yes,core,yes,442.48
141.7,1,1,16,26,9.67,6.6,no,core,yes,405.86
110.5,2,1,26,12,4.95,7.5,yes,suburb,yes,425.34
122.3,4,2,30,27,16.27,7.2,no,core,yes,419.08
120.7,2,3,16,9,8.51,8.0,yes,inner_ring,yes,441.35
143.7,5,2,5,34,13.81,7.6,no,suburb,no,349.48
78.7,2,3,19,29,2.54,5.6,yes,inner_ring,yes,367.02
125.1,4,1,9,24,16.62,7.2,no,suburb,no,309.41
150.2,1,1,15,25,12.87,9.7,yes,suburb,yes,428.77
50.2,5,3,10,1,20.25,8.2,no,inner_ring,yes,335.86
73.5,3,3,13,14,5.34,7.0,no,core,no,353.08
175.1,1,1,15,26,13.37,8.5,no,suburb,yes,420.74
137.8,2,1,12,31,13.74,8.2,yes,suburb,yes,380.96
56.2,5,1,3,23,12.74,7.4,no,suburb,yes,238.81
182.7,4,1,29,33,0.95,6.7,no,inner_ring,yes,542.3
119.3,2,3,13,15,2.31,8.8,no,core,yes,473.0
125.1,4,2,20,31,10.06,8.4,no,inner_ring,yes,444.87
77.5,5,3,6,28,9.26,7.7,no,inner_ring,yes,382.7
90.9,4,2,14,30,12.24,7.7,no,inner_ring,no,333.86
121.5,5,1,32,30,13.07,7.8,yes,core,yes,484.41
101.2,5,2,26,33,8.56,8.7,no,inner_ring,yes,438.72
132.8,3,2,20,21,4.04,7.1,no,inner_ring,no,428.8
103.9,2,2,1,27,9.89,6.4,yes,inner_ring,yes,358.68
115.7,3,3,24,24,11.19,8.9,no,suburb,yes,386.42
141.4,2,1,25,30,15.14,7.9,no,suburb,yes,352.76
132.2,2,1,4,18,4.53,7.2,no,core,no,438.28
101.5,1,3,1,27,20.58,7.2,no,suburb,yes,223.3
87.7,5,2,6,30,4.12,8.9,yes,inner_ring,yes,432.35
111.4,4,3,7,0,6.72,8.3,no,core,no,499.13
104.0,1,2,22,12,2.74,5.8,yes,inner_ring,yes,395.13
92.8,5,3,24,34,11.05,7.1,no,suburb,yes,364.02
67.9,5,3,1,1,13.46,7.8,no,core,yes,392.17
110.0,2,2,24,12,10.86,7.0,no,inner_ring,yes,366.07
136.3,4,1,29,18,9.29,7.5,no,core,yes,527.79
104.0,3,3,32,9,0.5,8.3,no,suburb,yes,438.59
169.6,4,3,12,3,14.94,8.7,no,suburb,no,424.01
52.7,2,3,16,28,7.17,6.3,yes,suburb,no,226.53
144.5,4,3,23,33,5.59,7.2,no,inner_ring,no,452.21
118.3,4,2,7,18,12.0,9.3,yes,core,yes,471.35
58.6,4,2,25,1,8.81,7.2,no,core,no,374.32
128.2,3,2,13,20,15.17,6.4,no,suburb,yes,316.4
68.0,3,3,11,12,1.72,4.9,no,inner_ring,yes,348.86
223.6,4,2,28,33,12.45,7.8,yes,inner_ring,yes,603.65
100.1,1,3,15,6,11.69,5.0,yes,suburb,yes,330.81
115.8,1,2,31,20,6.75,8.5,yes,inner_ring,yes,432.59
98.7,2,3,3,2,14.65,6.6,no,inner_ring,yes,344.18
145.4,4,2,2,15,10.13,7.4,no,suburb,yes,384.91
85.5,1,1,16,30,6.42,6.2,no,inner_ring,yes,312.61
151.0,3,1,8,26,11.31,6.8,no,core,no,407.4
65.6,5,3,11,23,6.24,6.9,no,core,no,399.89
105.8,1,2,10,17,11.92,8.4,no,inner_ring,no,314.53
118.7,1,2,1,2,19.8,7.2,no,inner_ring,no,307.97
45.9,5,1,12,6,11.33,7.6,yes,suburb,no,259.78
80.6,2,3,7,4,13.16,6.4,no,inner_ring,yes,303.49
150.3,1,3,24,21,6.99,8.6,yes,suburb,yes,434.97
157.6,2,3,26,18,15.38,6.3,no,inner_ring,no,396.0
38.9,3,1,24,1,12.55,6.7,no,suburb,no,199.75
136.8,5,2,23,10,9.22,7.5,no,suburb,yes,467.62
145.9,5,3,19,19,15.73,5.5,no,core,yes,468.67
117.3,1,3,31,33,4.33,7.3,yes,inner_ring,yes,435.92
126.5,3,2,13,11,3.66,7.7,no,inner_ring,no,418.58
146.8,3,2,19,21,5.49,6.9,no,suburb,no,379.31
106.5,5,1,31,5,4.81,8.3,no,inner_ring,no,449.64
116.8,2,1,5,11,9.12,5.6,no,core,yes,388.82
124.7,4,3,9,5,24.35,8.4,no,inner_ring,yes,388.53
115.9,4,1,32,5,12.21,5.2,yes,inner_ring,yes,431.81
96.4,2,2,27,1,8.38,8.8,no,inner_ring,yes,385.17
87.3,4,1,28,22,5.07,8.5,no,suburb,yes,338.39
89.0,2,3,14,1,8.46,5.7,yes,inner_ring,yes,407.08
146.2,4,3,4,19,11.82,7.9,no,inner_ring,no,413.35
159.0,3,3,15,31,9.71,8.9,no,core,no,499.46
124.6,2,1,5,29,3.69,7.2,yes,suburb,yes,352.1
121.0,4,3,3,25,15.18,7.7,no,inner_ring,no,366.01
71.7,1,1,30,15,13.62,6.0,no,suburb,no,208.69
128.6,1,3,22,19,11.05,6.9,yes,inner_ring,no,378.05
112.6,1,1,11,0,12.56,8.2,no,inner_ring,yes,363.07
121.8,3,1,31,23,9.11,6.2,yes,suburb,yes,390.01
49.2,5,3,24,8,11.4,5.9,no,inner_ring,yes,331.43
104.3,3,3,18,1,7.23,6.4,no,suburb,yes,359.72
47.5,1,3,30,27,7.44,7.5,no,suburb,yes,242.67
122.7,3,3,7,28,6.81,7.0,yes,suburb,yes,408.19
110.2,4,2,21,16,12.21,6.9,yes,suburb,yes,378.78
110.3,3,3,26,12,10.35,9.3,yes,core,yes,520.07
46.9,1,2,17,31,6.75,7.7,no,suburb,yes,199.12
108.4,5,2,20,3,7.15,6.8,no,inner_ring,yes,458.14
82.3,4,2,2,3,13.39,9.8,no,suburb,yes,353.53
145.2,5,3,20,1,13.46,6.6,no,inner_ring,yes,503.53
109.2,5,2,19,14,18.47,6.4,no,suburb,yes,331.58
48.6,3,2,7,20,3.9,6.5,yes,core,yes,372.99
128.9,1,2,30,23,9.42,7.7,no,core,no,415.0
107.7,5,2,8,17,2.16,6.0,no,suburb,yes,409.66
110.5,1,3,8,17,3.47,6.3,no,suburb,yes,361.74
131.8,3,2,15,27,6.23,7.3,yes,core,yes,501.34
182.9,4,3,20,25,7.37,6.0,yes,suburb,no,482.94
39.3,3,3,25,9,4.53,4.9,yes,core,no,359.61
69.2,1,1,31,11,8.32,5.7,no,inner_ring,yes,279.21
152.8,1,3,21,22,6.53,8.5,no,inner_ring,no,435.69
93.3,3,3,30,18,4.86,8.3,no,inner_ring,yes,408.01
129.6,5,3,25,21,6.31,7.0,yes,core,yes,558.9
74.7,5,1,10,5,7.81,6.9,no,inner_ring,yes,395.38
144.9,3,1,1,9,9.53,7.2,no,suburb,yes,362.22
96.1,5,1,21,33,15.95,6.1,yes,suburb,yes,316.23
137.0,3,2,7,4,9.41,6.3,no,suburb,no,385.47
126.2,1,2,25,16,20.37,6.0,no,inner_ring,no,310.36
57.9,2,3,8,15,6.85,8.4,yes,inner_ring,no,360.65
112.0,3,3,30,20,15.47,7.7,no,suburb,yes,358.79
146.5,4,1,12,13,7.22,6.8,no,suburb,yes,422.74
113.4,3,2,10,0,0.58,8.4,yes,inner_ring,no,478.65
89.0,3,1,13,32,4.42,6.9,no,suburb,yes,299.12
111.7,2,2,6,21,12.82,7.3,no,core,yes,418.12
101.9,2,1,2,10,9.71,6.1,yes,inner_ring,no,351.03
108.0,5,3,28,22,9.21,7.4,yes,suburb,no,391.4
83.2,2,1,30,16,15.17,7.8,no,inner_ring,no,266.96
106.3,2,1,7,15,6.97,6.5,no,suburb,yes,337.18
96.6,5,2,7,8,3.92,8.5,yes,core,yes,511.7
84.5,2,1,9,34,11.22,6.7,no,inner_ring,yes,247.7
87.7,2,3,19,27,3.92,8.9,no,inner_ring,yes,369.02
86.4,4,2,29,27,16.46,7.8,no,core,yes,372.75
157.4,4,2,1,9,7.92,4.5,no,inner_ring,no,425.93
234.8,1,1,21,11,1.04,6.8,no,core,yes,635.07
96.0,1,1,27,10,7.51,7.5,yes,suburb,yes,350.77
157.0,4,3,26,32,0.5,7.7,no,inner_ring,no,500.67
75.1,1,1,30,12,7.51,6.7,yes,inner_ring,yes,344.8
103.2,5,3,17,12,12.59,6.7,no,suburb,no,335.66
92.6,2,1,13,21,3.12,8.0,yes,suburb,no,365.68
102.5,4,2,10,30,8.87,8.2,yes,suburb,yes,375.68
219.9,2,3,24,18,12.35,7.6,no,suburb,yes,508.08
112.6,5,1,19,32,1.77,6.9,no,suburb,yes,391.41
86.5,1,3,22,1,11.01,6.0,no,core,no,304.01
155.8,3,3,19,1,11.4,6.4,no,inner_ring,no,453.86
147.5,1,2,18,9,12.67,8.1,no,suburb,yes,367.13
149.5,3,2,26,17,11.59,5.6,no,suburb,yes,418.21
101.4,2,1,21,23,12.48,6.1,yes,inner_ring,yes,337.88
121.9,4,2,16,15,9.91,6.5,yes,inner_ring,no,430.14
141.0,1,1,31,12,13.47,8.2,no,inner_ring,yes,394.81
64.3,4,2,16,16,4.31,5.4,no,core,no,341.06
91.9,3,3,9,34,12.96,5.8,yes,inner_ring,no,283.37
78.9,5,2,11,14,9.36,6.4,no,inner_ring,no,331.77
129.2,2,1,14,33,3.03,6.9,yes,core,yes,454.89
93.7,5,1,22,18,14.01,6.1,yes,inner_ring,yes,373.03
148.8,1,1,8,10,8.3,7.6,no,core,no,435.96
114.5,1,1,4,33,15.61,7.1,no,suburb,yes,204.38
132.5,4,3,21,26,9.67,7.8,yes,suburb,yes,455.5
130.7,3,1,32,20,1.69,8.1,yes,inner_ring,yes,491.15
125.7,1,3,18,24,5.82,6.5,no,inner_ring,no,356.94
89.2,2,1,13,22,5.47,6.5,no,suburb,no,256.52
81.9,5,2,13,32,15.46,6.8,no,suburb,yes,325.01
153.3,3,2,24,0,8.37,7.9,no,core,yes,553.02
108.7,1,2,1,24,5.97,7.3,no,suburb,no,301.79
35.0,5,2,7,19,12.16,5.6,no,inner_ring,no,234.4
60.5,5,2,21,26,10.0,6.9,no,core,yes,365.14
154.2,2,2,23,10,1.89,6.8,no,suburb,no,397.65
83.7,2,3,15,31,10.2,7.6,yes,core,yes,396.09
108.4,4,1,23,11,8.52,8.2,no,suburb,yes,396.32
124.7,4,3,6,19,1.97,5.9,no,inner_ring,yes,374.89
120.5,3,2,3,29,10.66,6.0,no,suburb,yes,318.59
140.2,3,2,29,12,16.04,8.6,no,core,yes,485.98
116.7,1,1,4,23,0.5,6.7,no,core,yes,436.63
91.8,5,3,31,0,2.81,7.1,no,inner_ring,yes,494.14
107.3,4,1,14,12,8.99,7.1,no,inner_ring,yes,383.58
64.5,5,1,15,17,4.25,7.8,no,suburb,yes,379.04
106.1,5,2,7,27,6.64,7.3,no,suburb,yes,356.24
125.9,3,1,10,9,2.47,7.0,no,core,yes,526.35
92.6,4,2,7,8,5.08,9.1,no,inner_ring,no,401.17
82.6,3,1,22,1,1.12,7.3,no,inner_ring,yes,418.41
124.7,1,3,1,30,14.0,7.4,no,inner_ring,no,319.24
114.8,3,2,26,22,9.61,6.9,yes,inner_ring,no,370.67
152.1,5,3,25,31,5.36,7.1,no,core,no,520.41
111.7,4,3,28,14,14.49,8.4,yes,suburb,yes,416.96
128.9,5,1,12,4,4.42,7.9,no,inner_ring,no,459.46
112.4,2,1,17,30,10.54,5.1,no,core,no,356.55
102.9,5,2,5,12,2.31,5.4,no,inner_ring,yes,420.83
108.2,4,3,27,1,8.9,7.3,no,core,yes,486.18
76.0,4,3,11,33,6.14,6.5,no,suburb,yes,329.75
107.3,2,3,31,8,7.27,7.7,yes,core,yes,477.7
68.2,2,1,10,29,11.22,9.2,no,core,yes,304.39
185.2,5,2,14,26,1.53,10.0,no,suburb,yes,569.25
100.9,4,3,8,5,8.08,8.5,no,core,yes,483.08
85.4,2,1,7,26,4.17,8.1,no,inner_ring,yes,341.36
90.3,5,1,9,32,8.46,8.3,no,inner_ring,yes,363.91
39.6,2,2,16,14,5.56,6.8,no,suburb,yes,260.67
84.7,2,1,31,11,15.39,6.0,no,core,yes,354.45
110.7,3,3,31,12,10.48,7.4,no,suburb,no,356.29
71.2,2,3,5,22,6.57,6.9,no,inner_ring,yes,311.89
106.9,3,2,4,12,9.77,6.7,no,suburb,no,279.32
70.8,1,3,3,29,9.62,7.8,no,inner_ring,yes,289.77
119.2,4,1,13,12,13.29,7.8,no,core,yes,419.25
111.7,1,1,12,23,9.7,5.6,no,suburb,no,247.44
88.2,4,2,10,8,17.74,7.6,no,inner_ring,yes,310.67
123.2,3,3,15,26,5.61,8.9,no,inner_ring,yes,451.03
94.4,3,2,22,9,0.5,7.6,no,inner_ring,yes,429.22
93.0,5,2,7,19,9.64,8.4,no,inner_ring,yes,398.24
122.8,4,2,8,17,5.31,9.1,no,inner_ring,yes,499.36
95.9,5,3,31,21,14.03,8.5,no,inner_ring,yes,406.82
108.2,4,3,31,30,14.95,8.0,yes,inner_ring,yes,425.6
113.9,4,1,22,6,5.88,6.2,yes,core,no,432.01
128.4,1,1,23,10,4.03,6.2,no,suburb,no,324.5
171.7,3,2,11,15,2.41,8.2,yes,inner_ring,yes,557.17
35.0,1,1,1,24,9.83,7.9,no,inner_ring,yes,198.24
100.2,1,1,17,27,11.72,5.3,yes,inner_ring,yes,329.86
170.8,5,3,17,17,12.79,6.7,no,suburb,no,435.58
190.2,3,3,8,21,4.67,8.5,no,suburb,no,499.33
123.8,3,3,30,12,12.15,8.5,yes,suburb,yes,381.41
69.2,4,3,9,33,2.47,6.6,yes,inner_ring,no,360.95
104.7,2,3,14,9,5.99,6.3,no,inner_ring,no,351.3
114.2,3,1,12,8,3.23,6.1,no,inner_ring,no,368.44
47.3,1,3,6,9,11.98,7.8,no,inner_ring,yes,258.08
75.9,3,3,12,5,8.84,7.7,no,suburb,yes,319.0
116.4,3,2,32,26,6.45,8.9,yes,inner_ring,no,438.71
68.8,3,1,8,21,14.09,8.9,yes,inner_ring,no,321.08
80.4,2,3,12,2,12.77,6.2,no,suburb,no,279.39
105.6,4,2,31,30,5.79,8.9,no,suburb,no,424.34
142.0,3,1,31,4,12.15,8.7,no,core,yes,518.16
44.9,5,1,15,19,16.76,6.3,no,inner_ring,no,248.43
83.8,5,1,21,2,6.99,7.7,no,inner_ring,yes,414.55
162.3,4,1,24,19,6.99,5.7,no,core,no,516.04
94.9,3,2,10,15,8.09,7.2,no,core,no,420.1
136.2,2,1,16,11,9.88,7.6,yes,suburb,no,386.64
118.6,4,3,32,25,11.12,8.0,no,core,no,448.24
117.5,5,2,17,11,9.1,5.1,no,inner_ring,yes,425.17
122.3,2,2,16,1,17.6,9.0,no,suburb,yes,369.44
79.5,2,3,25,31,18.61,5.6,no,inner_ring,yes,261.26
106.1,3,1,13,6,4.92,8.5,yes,inner_ring,no,442.4
132.0,1,1,30,10,12.66,5.8,no,suburb,yes,328.58
63.0,1,2,13,24,7.7,5.3,yes,inner_ring,no,232.6
97.1,5,2,5,21,9.1,8.4,no,core,yes,452.34
137.0,2,1,23,6,10.16,8.0,yes,suburb,yes,373.54
94.8,5,1,2,6,5.11,6.6,no,suburb,yes,384.72
142.6,2,3,19,22,12.69,5.9,no,inner_ring,no,398.95
64.6,1,2,26,29,11.49,6.5,no,inner_ring,no,235.64
117.5,3,2,29,27,17.6,7.3,no,core,yes,392.61
66.6,3,2,11,28,8.6,8.9,yes,suburb,yes,342.83
118.3,2,1,12,0,3.94,6.1,no,inner_ring,yes,401.8
70.5,3,1,27,30,10.56,7.6,no,suburb,yes,284.17
164.4,1,1,4,30,10.08,4.5,no,suburb,yes,300.61
154.7,4,3,31,21,5.73,6.0,no,suburb,yes,469.85
98.5,5,3,16,20,16.24,8.3,yes,core,yes,487.14
117.2,5,1,28,0,11.97,4.3,no,core,yes,459.7
93.9,5,1,23,7,5.73,6.1,no,inner_ring,no,374.75
118.2,2,2,12,32,5.29,6.8,no,suburb,yes,369.17
119.7,1,2,13,20,7.02,8.1,yes,suburb,yes,380.64
92.1,4,3,19,12,9.86,7.7,yes,inner_ring,yes,439.76
107.9,2,2,21,21,16.86,7.0,no,inner_ring,no,348.47
72.5,5,1,4,20,3.28,6.1,no,inner_ring,yes,369.77
120.4,1,3,27,7,12.27,6.5,no,suburb,no,335.02
78.9,4,2,12,12,11.74,8.2,no,suburb,no,285.84
86.9,3,1,4,13,12.37,7.5,no,inner_ring,yes,377.73
100.3,5,2,11,21,3.2,7.7,no,suburb,yes,401.61
73.3,3,1,15,9,2.3,8.6,no,suburb,yes,339.58
90.4,3,3,22,34,10.71,6.7,yes,inner_ring,no,351.03
102.7,4,1,23,5,8.46,9.2,no,core,yes,479.88
82.8,4,3,9,27,9.82,7.9,no,core,no,386.27
89.9,2,1,7,3,15.21,8.5,no,inner_ring,yes,318.82
78.4,2,2,11,9,7.49,7.8,yes,core,no,399.71
109.2,2,2,27,4,2.94,8.0,no,suburb,yes,403.25
58.2,5,3,4,28,15.62,6.0,no,core,yes,327.8
106.2,5,1,5,6,20.17,6.4,no,suburb,no,291.37
121.4,5,2,3,12,13.71,7.8,no,inner_ring,yes,415.31
63.5,5,3,26,6,12.42,5.5,no,inner_ring,yes,343.15
121.2,5,2,3,1,15.5,7.4,no,core,yes,506.25
57.8,4,2,25,13,7.82,7.1,yes,inner_ring,yes,368.36
85.9,1,1,29,8,19.47,9.5,no,inner_ring,no,286.67
58.5,4,3,8,16,6.81,5.9,no,inner_ring,no,310.29
144.8,2,2,21,23,7.31,7.2,no,core,yes,492.86
105.1,2,2,31,14,5.07,5.4,yes,suburb,yes,372.15
123.3,3,1,26,31,18.64,8.6,no,suburb,yes,343.66
86.4,2,1,23,17,7.98,7.5,yes,suburb,yes,333.54
99.8,5,2,22,2,6.84,7.7,no,core,no,446.67
87.5,3,2,29,34,6.6,7.0,no,inner_ring,no,310.44
81.2,5,1,14,34,12.37,7.0,no,suburb,no,290.06
89.5,5,1,17,9,2.57,6.5,no,suburb,no,355.09
118.2,1,1,4,19,4.58,8.0,no,suburb,no,320.43
97.1,1,1,19,34,5.54,8.1,no,core,yes,390.87
94.8,3,3,2,6,8.93,6.4,no,core,no,342.84
142.9,3,2,31,18,0.98,7.0,yes,suburb,yes,478.29
113.7,5,2,29,26,8.83,7.0,no,core,yes,486.54
113.0,4,3,21,31,12.64,7.3,no,suburb,yes,361.6
109.5,5,3,19,19,12.19,7.6,no,suburb,yes,405.02
77.2,4,1,23,1,8.42,7.4,no,suburb,yes,330.79
117.8,1,2,4,18,5.37,6.6,yes,suburb,yes,350.89
84.5,5,3,32,6,0.5,7.1,yes,inner_ring,yes,509.19
80.2,4,1,23,6,3.0,7.0,yes,core,yes,513.69
46.5,2,2,11,26,10.24,7.8,yes,inner_ring,yes,266.07
35.0,2,1,11,13,11.34,6.3,no,inner_ring,yes,219.58
103.9,3,3,3,5,1.38,8.0,no,inner_ring,yes,439.31
139.7,5,2,18,28,12.18,8.4,no,inner_ring,yes,450.73
72.6,5,1,19,1,11.68,7.6,no,inner_ring,yes,351.49
57.0,5,1,24,27,8.51,7.7,no,inner_ring,yes,329.35
60.5,1,2,32,20,9.92,7.6,yes,inner_ring,yes,349.44
77.3,3,2,7,31,3.49,8.1,no,inner_ring,no,339.17
35.0,5,2,12,33,11.98,6.6,no,inner_ring,no,246.58
138.9,2,1,17,24,7.44,6.5,yes,inner_ring,no,433.79
88.4,4,3,15,4,3.46,6.9,yes,inner_ring,yes,431.23
130.3,1,3,11,19,7.56,7.2,yes,inner_ring,no,396.76
50.4,4,1,4,23,10.36,7.4,yes,inner_ring,no,286.47
145.2,3,1,5,4,4.83,7.1,yes,inner_ring,yes,496.74
85.5,2,2,3,19,12.55,9.2,no,core,yes,364.64
124.3,2,1,17,28,6.15,6.4,no,inner_ring,yes,403.67
116.8,1,2,22,27,17.09,6.3,yes,suburb,no,274.37
122.6,3,1,1,30,16.5,7.1,yes,inner_ring,no,328.59
75.4,4,1,3,22,12.85,7.8,yes,suburb,no,279.65
47.7,4,2,19,27,13.46,4.9,no,core,no,269.29
61.6,5,2,30,7,6.67,7.1,no,inner_ring,no,359.34
167.2,3,1,4,5,4.6,8.0,no,suburb,yes,449.73
116.0,2,3,21,11,5.39,5.6,yes,suburb,no,387.23
143.4,2,3,24,1,9.38,8.0,no,inner_ring,yes,496.47
138.3,4,1,16,29,15.36,7.7,yes,suburb,yes,407.67
196.6,5,1,10,19,4.37,6.2,yes,inner_ring,yes,545.15
113.9,3,2,7,21,11.75,8.7,no,inner_ring,yes,386.17
40.1,1,3,2,8,3.01,5.6,no,inner_ring,yes,264.41
46.3,4,3,6,9,12.54,7.9,yes,core,yes,395.23
49.1,1,3,25,25,7.65,6.4,yes,suburb,yes,234.64
37.4,5,1,3,28,9.05,7.5,yes,suburb,yes,275.61
35.7,2,1,22,34,6.93,7.0,no,suburb,yes,249.03
94.2,1,2,3,16,10.92,8.1,no,core,yes,379.74
140.7,1,3,16,12,9.71,7.5,yes,core,yes,481.0
127.1,3,1,12,13,12.9,6.9,no,inner_ring,yes,391.59
127.6,2,1,9,28,0.81,5.9,no,inner_ring,no,360.74
52.6,4,3,21,15,2.63,5.7,no,suburb,yes,322.51
117.2,4,2,31,12,12.78,8.4,no,suburb,yes,396.44
146.1,5,3,28,1,1.6,7.4,yes,core,yes,621.79
120.4,4,1,24,10,5.9,6.7,no,inner_ring,yes,441.46
126.1,5,3,17,24,5.09,6.1,yes,suburb,yes,431.38
93.8,5,2,19,11,9.11,5.0,yes,inner_ring,yes,402.13
51.5,2,2,20,12,7.43,8.4,no,suburb,no,246.49
108.8,4,1,22,15,12.29,6.1,no,suburb,no,317.59
103.8,2,3,24,25,5.71,6.8,no,inner_ring,yes,356.23
98.2,5,1,14,1,16.85,7.0,no,inner_ring,yes,357.99
160.2,5,2,28,18,8.19,5.0,no,core,yes,560.85
126.1,3,1,18,28,11.45,7.5,no,core,no,399.3
139.9,1,3,12,31,8.22,5.0,no,inner_ring,yes,337.41
102.3,5,2,18,16,10.54,7.7,yes,core,no,464.58
67.6,2,2,32,10,5.54,8.4,no,inner_ring,yes,349.97
81.5,1,2,2,26,11.28,4.5,no,inner_ring,yes,255.51
75.2,1,2,9,34,14.41,8.5,yes,inner_ring,yes,284.2
109.8,5,3,12,19,8.31,9.4,no,core,no,483.73
117.7,5,1,2,0,9.92,8.8,yes,core,no,515.49
66.9,5,2,22,6,3.66,6.3,no,inner_ring,no,372.7
103.5,1,1,17,22,7.55,8.7,no,suburb,yes,353.6
178.2,4,1,9,12,7.86,7.6,no,suburb,yes,500.3
63.0,4,1,1,1,1.49,6.5,yes,inner_ring,yes,400.15
131.9,4,1,5,23,7.01,10.0,yes,inner_ring,no,463.88
136.9,4,2,10,11,8.09,6.5,no,inner_ring,yes,442.48
123.0,4,1,8,1,0.5,6.4,no,inner_ring,no,451.85
93.5,2,1,17,28,3.0,8.0,no,core,yes,410.08
35.0,2,3,7,25,14.05,5.3,yes,suburb,yes,174.09
40.9,3,2,22,33,13.08,9.0,no,core,no,320.49
127.1,5,1,19,10,3.61,9.6,yes,suburb,no,494.32
90.3,1,2,28,18,7.77,8.4,no,inner_ring,yes,374.19
98.6,4,2,4,6,24.28,7.5,no,suburb,yes,258.14
93.7,3,2,32,34,17.93,7.6,no,inner_ring,no,301.7
113.0,3,2,17,7,15.14,5.7,yes,inner_ring,no,335.27
67.3,1,1,7,24,0.65,6.8,no,suburb,no,232.77
89.5,2,3,13,1,10.44,6.9,yes,inner_ring,yes,381.2
65.1,4,1,5,29,6.14,7.7,yes,inner_ring,yes,333.54
109.9,3,3,14,32,13.24,7.7,no,inner_ring,yes,361.46
119.0,4,1,23,21,7.75,6.4,no,suburb,no,371.04
74.9,2,3,26,13,11.84,4.6,no,inner_ring,yes,317.19
95.6,3,1,14,2,13.49,5.3,no,suburb,no,264.88
117.5,1,3,13,26,5.42,6.9,no,suburb,no,308.48
109.6,4,2,24,2,9.25,9.1,no,inner_ring,yes,446.12
76.3,1,3,14,7,11.62,6.6,no,inner_ring,no,336.07
192.5,4,1,22,13,2.37,5.8,no,inner_ring,yes,585.08
121.7,1,2,1,34,7.98,8.1,yes,suburb,yes,350.45
157.1,1,2,5,6,10.75,8.3,no,inner_ring,yes,449.99
86.4,4,1,24,16,17.93,6.5,no,suburb,yes,263.44
173.3,3,1,11,22,14.57,6.3,no,suburb,yes,405.08
144.6,2,2,1,13,10.82,8.7,no,inner_ring,yes,447.29
96.3,3,1,7,26,13.1,7.3,no,suburb,yes,271.78
118.9,3,2,29,10,9.36,7.6,no,inner_ring,yes,457.62
94.7,5,3,31,21,10.37,6.0,no,inner_ring,no,368.75
145.2,1,3,14,12,14.05,7.6,no,suburb,yes,348.22
113.7,2,3,8,9,17.66,6.9,no,suburb,yes,290.23
163.6,4,1,32,17,8.59,6.2,no,core,yes,508.87
72.4,4,3,10,28,0.5,7.1,no,suburb,yes,312.31
130.2,5,1,5,3,12.79,7.6,yes,suburb,yes,439.48
106.7,3,2,11,31,7.65,5.7,no,core,yes,386.58
86.2,2,2,2,7,4.88,7.4,no,core,yes,417.1
104.6,4,3,11,6,12.32,7.0,yes,suburb,yes,424.95
156.9,1,1,9,9,3.12,5.3,no,suburb,no,370.0
132.4,5,1,20,12,8.43,8.3,yes,core,yes,553.99
53.4,3,1,21,10,3.02,6.8,no,inner_ring,no,272.26
144.2,1,3,13,15,5.47,7.9,no,suburb,yes,369.3
75.7,1,1,6,0,5.84,8.2,no,core,yes,397.46
151.6,3,2,19,10,11.9,8.3,yes,core,yes,528.09
80.8,3,3,20,16,0.5,6.2,no,inner_ring,yes,399.58
142.6,3,2,17,33,14.88,8.8,no,suburb,yes,380.5
138.5,1,3,31,32,11.56,6.4,no,inner_ring,no,325.29
106.4,2,1,1,17,8.92,6.7,no,core,no,353.77
103.7,1,1,3,4,12.27,7.6,no,inner_ring,no,310.0
162.6,4,2,15,10,15.14,5.9,yes,inner_ring,yes,478.74
199.1,1,2,15,21,12.67,6.7,yes,suburb,yes,452.22
104.6,5,3,4,4,12.19,7.6,no,inner_ring,yes,421.34
101.5,3,1,3,15,8.66,5.9,no,inner_ring,no,331.15
58.6,2,3,4,33,11.98,6.5,no,inner_ring,no,246.43
83.2,4,2,19,31,16.72,5.3,no,inner_ring,no,273.56
158.6,4,2,12,7,7.7,7.4,no,core,yes,566.89
128.3,2,3,18,34,5.03,8.0,no,suburb,yes,396.48
70.2,2,3,31,4,5.57,7.1,no,inner_ring,yes,377.57
146.9,2,2,8,11,4.4,7.8,no,core,yes,525.12
117.2,3,2,13,15,6.32,5.5,no,core,no,382.69
124.2,4,2,27,9,3.83,7.1,yes,inner_ring,yes,518.13
107.5,1,1,6,32,5.14,7.6,no,suburb,yes,303.83
166.3,5,1,14,19,7.72,5.9,no,inner_ring,no,447.92
111.7,5,2,7,18,6.0,7.5,no,inner_ring,no,389.44
90.6,3,2,18,24,3.68,7.0,no,suburb,yes,376.17
62.1,5,2,7,2,15.01,8.7,no,suburb,yes,242.29
137.8,3,3,5,10,16.39,7.1,no,inner_ring,yes,441.69
84.4,2,3,11,2,12.18,5.2,no,inner_ring,yes,305.21
110.8,5,2,29,24,7.95,4.2,no,inner_ring,no,341.47
127.5,2,2,23,3,13.31,8.2,no,inner_ring,no,393.44
139.5,5,1,4,25,7.64,5.9,yes,inner_ring,no,457.34
132.7,5,3,32,28,5.4,8.3,yes,suburb,no,518.38
131.4,1,1,11,23,10.64,7.1,no,inner_ring,no,375.33
120.5,2,2,19,17,17.04,8.2,no,core,yes,417.0
145.6,1,3,10,7,11.37,8.3,no,inner_ring,yes,448.68
109.5,3,2,32,0,0.5,7.5,no,suburb,no,418.22
88.5,5,3,15,34,0.5,9.3,no,suburb,yes,429.89
61.9,3,1,26,22,5.03,7.1,no,inner_ring,no,292.56
78.2,2,1,25,2,7.95,6.7,no,inner_ring,yes,341.28
106.8,2,1,19,17,7.67,7.8,no,inner_ring,yes,370.23
105.0,1,2,32,29,10.9,8.6,yes,inner_ring,yes,369.06
146.1,5,3,5,0,10.71,6.6,no,core,no,527.61
93.2,4,3,24,23,11.36,7.4,no,inner_ring,yes,384.48
102.1,5,1,15,29,10.59,7.5,yes,inner_ring,no,385.91
76.8,3,3,24,31,10.43,7.3,no,suburb,yes,303.49
95.9,1,1,7,16,9.66,5.2,no,suburb,yes,243.52
206.3,1,3,1,28,12.14,7.9,yes,suburb,yes,478.12
114.8,1,1,31,10,20.05,7.1,no,core,no,334.21
37.6,3,2,28,30,4.58,6.6,yes,core,no,374.84
98.7,3,3,15,6,10.65,8.5,yes,suburb,no,363.57
81.1,2,1,23,20,13.76,6.3,no,inner_ring,yes,291.43
111.6,3,1,29,28,12.41,8.8,no,core,yes,447.68
35.0,3,2,30,29,4.21,8.1,no,suburb,yes,293.36
128.9,2,3,22,22,17.72,8.7,no,core,yes,414.84
102.6,4,2,24,7,7.99,7.8,no,suburb,no,386.95
76.2,4,1,17,33,0.5,7.3,no,suburb,no,314.71
110.7,2,2,1,32,0.5,7.4,no,suburb,yes,358.92
123.1,2,1,8,24,11.13,8.2,no,suburb,no,309.02
182.8,3,1,10,6,3.56,8.3,no,core,no,551.74
111.1,1,3,4,6,5.99,7.9,no,suburb,yes,333.41
143.2,4,3,16,10,9.49,7.2,no,inner_ring,yes,450.62
94.8,2,3,16,12,6.14,6.6,no,inner_ring,yes,343.01
71.1,2,3,23,8,17.84,9.2,yes,inner_ring,yes,347.85
95.7,3,2,23,11,18.37,6.9,no,core,yes,418.79
54.7,5,3,4,14,11.03,5.4,yes,core,no,360.83
128.0,1,3,22,27,2.14,8.9,no,suburb,no,404.57
150.2,3,3,16,5,10.02,8.0,no,suburb,no,430.19
100.3,4,3,9,14,6.55,7.5,no,core,yes,438.48
131.4,3,3,9,19,13.1,8.3,yes,core,no,444.3
103.0,3,3,5,25,8.72,8.3,no,inner_ring,yes,408.42
121.0,3,2,23,31,2.5,7.7,no,inner_ring,yes,418.82
112.8,2,1,18,7,4.38,7.1,no,core,yes,447.0
113.8,4,1,7,28,10.2,7.1,no,inner_ring,no,334.97
113.1,1,2,16,1,11.06,6.5,no,suburb,no,293.24
73.5,5,1,15,1,15.43,8.0,yes,suburb,no,315.18
113.0,2,2,4,31,0.5,7.3,no,suburb,no,359.55
152.2,2,3,4,33,16.94,6.3,yes,suburb,yes,360.81
137.4,5,3,18,12,16.32,7.0,no,inner_ring,no,429.64
82.8,5,3,1,9,7.63,6.2,no,inner_ring,yes,358.21
72.3,4,2,11,16,6.79,7.8,no,suburb,no,330.66
99.9,3,3,7,31,13.45,6.6,no,core,no,362.83
80.6,5,2,16,3,7.45,6.7,no,suburb,yes,369.38
133.4,2,3,26,18,13.27,6.0,yes,inner_ring,no,349.35
53.6,3,3,16,22,13.98,6.4,no,inner_ring,no,212.45
65.1,2,1,21,28,11.03,7.6,no,suburb,yes,234.71
114.2,4,3,22,16,10.91,4.0,no,suburb,yes,332.64
118.9,1,1,14,25,8.85,7.4,no,suburb,yes,338.64
156.0,3,1,4,28,3.33,5.9,no,inner_ring,yes,433.92
111.2,1,2,20,33,2.36,5.9,no,suburb,no,310.26
117.1,1,3,24,1,21.97,4.2,no,core,yes,338.16
82.2,2,3,6,0,3.31,6.1,no,inner_ring,no,326.65
65.9,3,3,15,31,9.9,7.5,no,core,no,322.06
64.2,2,1,7,22,11.87,6.2,yes,inner_ring,no,255.92
66.8,1,3,30,25,0.5,7.5,no,inner_ring,no,325.31
114.7,3,3,3,17,4.28,6.3,no,inner_ring,yes,389.37
132.6,1,3,7,7,12.11,8.9,yes,core,no,449.39
115.8,3,3,10,6,5.68,6.5,no,inner_ring,yes,420.24
119.0,4,2,20,3,11.92,7.2,no,suburb,no,357.42
134.1,3,1,18,22,13.13,7.7,no,suburb,no,329.44
146.2,5,3,12,23,14.53,5.8,no,inner_ring,yes,460.17
104.6,2,1,28,13,6.17,6.7,no,inner_ring,yes,388.23
106.1,2,2,8,0,0.5,7.9,no,suburb,no,384.8
108.7,3,2,32,14,11.56,6.9,no,suburb,yes,339.54
99.8,4,3,10,0,10.38,8.3,no,inner_ring,yes,431.09
105.2,5,3,5,34,10.65,8.9,no,inner_ring,yes,399.71
115.8,5,3,12,19,10.16,6.6,yes,core,yes,494.47
48.9,3,3,5,19,4.07,7.8,no,inner_ring,no,292.24
165.2,3,2,10,20,9.18,7.4,no,core,no,468.11
70.8,4,1,5,33,11.71,7.2,yes,inner_ring,yes,323.21
119.0,2,3,31,24,9.87,7.4,yes,suburb,yes,399.09
127.4,2,3,9,19,0.5,7.4,no,suburb,yes,418.38
98.1,3,1,15,31,0.5,5.5,yes,core,yes,445.27
162.1,5,3,12,4,6.03,5.9,yes,core,no,539.49
150.8,1,1,15,26,15.52,6.8,no,core,yes,421.6
155.9,4,3,31,12,14.81,8.2,no,inner_ring,no,493.81
57.7,4,3,8,2,12.13,5.5,no,core,no,333.87
101.0,3,1,32,3,13.63,7.5,yes,suburb,yes,328.37
99.1,5,2,31,32,7.64,7.7,no,inner_ring,yes,416.1
123.2,1,3,23,17,12.66,6.7,no,suburb,yes,345.66
94.1,5,1,25,8,15.22,7.8,no,inner_ring,yes,366.65
153.6,5,3,27,28,5.02,10.0,no,inner_ring,no,518.96
116.8,5,2,18,30,17.41,8.0,no,inner_ring,yes,383.81
196.5,1,2,27,13,11.3,7.5,no,core,yes,578.64
114.3,4,2,26,1,11.15,6.1,no,inner_ring,yes,387.71
113.0,5,1,22,7,4.66,7.3,no,suburb,yes,431.92
203.3,5,1,13,33,6.96,5.1,no,suburb,yes,503.8
86.5,1,3,19,24,9.77,6.3,no,core,yes,317.65
78.3,4,2,24,31,4.99,7.3,no,inner_ring,yes,410.34
147.1,3,1,11,26,2.65,7.3,yes,inner_ring,no,478.84
84.9,5,3,22,17,8.46,9.2,no,suburb,yes,429.91
94.5,2,2,23,4,6.7,6.6,yes,core,yes,415.41
79.4,3,1,10,28,3.55,6.5,no,inner_ring,no,304.81
115.5,1,2,7,27,9.24,7.1,no,suburb,yes,302.29
110.3,3,1,13,16,5.37,6.4,yes,suburb,no,359.81
50.1,2,1,16,13,5.91,7.3,yes,core,no,325.66
53.9,5,3,1,22,8.01,7.4,no,suburb,no,285.51
146.0,2,2,1,14,5.2,7.5,no,inner_ring,yes,458.61
134.4,4,1,4,21,5.93,5.8,no,core,no,448.78
42.5,3,2,9,18,12.37,5.5,no,suburb,no,181.85
46.1,4,2,19,8,12.55,6.8,yes,suburb,yes,320.55
94.9,3,3,14,5,9.78,9.1,no,suburb,yes,336.2
123.9,2,2,6,18,1.1,7.1,no,suburb,yes,393.77
87.8,5,2,22,25,4.27,7.0,no,suburb,yes,377.01
128.2,3,1,29,5,3.14,8.0,no,suburb,no,405.33
107.1,3,3,17,34,5.12,6.3,yes,suburb,no,362.01
111.9,5,1,15,30,7.21,8.6,no,inner_ring,no,405.25
124.5,2,1,23,14,16.8,8.3,no,core,no,395.34
115.5,2,1,4,25,5.11,7.7,no,suburb,yes,360.06
125.2,4,1,22,28,14.32,8.3,no,inner_ring,yes,413.85
126.8,2,2,18,20,8.34,5.7,no,suburb,no,319.91
98.5,5,2,19,9,7.5,7.8,no,core,yes,444.72
116.6,3,1,12,6,11.22,7.9,yes,core,yes,467.57
103.0,4,3,9,17,5.8,5.9,yes,core,yes,471.94
107.2,1,1,23,11,2.51,7.5,no,suburb,yes,339.77
175.4,2,3,10,1,8.07,7.3,no,suburb,yes,497.54
85.9,2,2,2,34,0.5,5.4,no,core,no,377.77
50.6,2,3,15,16,11.74,7.9,no,inner_ring,yes,263.21
134.3,5,2,31,27,18.87,5.4,no,inner_ring,no,342.67
170.7,4,1,3,24,6.5,7.6,yes,core,no,529.39
82.1,4,3,1,31,4.79,7.2,yes,inner_ring,no,353.97
118.2,3,3,6,6,12.1,8.8,yes,core,yes,494.02
140.6,2,1,21,13,6.56,7.1,no,suburb,yes,388.75
153.9,1,1,17,19,3.51,7.1,no,inner_ring,yes,427.6
