distance_km,package_weight_kg,weather_index,route_complexity,warehouse_load_pct,driver_experience_years,vehicle_type,city_type,delivery_hours
27.57,3.93,21.1,4.5,51.3,2.5,bike,urban,5.24
37.41,12.51,63.2,2.8,77.7,3.7,bike,county,6.98
24.46,9.12,44.0,6.9,57.7,4.2,bike,urban,6.17
24.1,5.86,77.3,5.3,15.9,4.4,van,county,5.75
25.03,6.88,25.0,4.2,59.9,8.6,van,suburban,5.01
23.48,6.77,54.1,3.4,78.1,4.3,bike,urban,7.04
37.74,0.2,70.8,3.1,85.1,7.7,truck,urban,7.96
2.0,11.73,67.7,6.9,44.2,7.8,van,urban,3.23
10.02,14.78,38.3,5.7,62.1,6.2,bike,urban,5.61
39.45,11.13,51.3,8.5,61.9,13.9,bike,suburban,8.38
9.65,5.64,57.5,2.7,53.2,1.9,truck,suburban,4.49
2.0,8.32,32.6,1.0,58.7,10.7,truck,suburban,2.82
7.36,0.2,48.1,4.0,90.4,4.6,van,urban,4.67
21.48,3.2,33.5,6.5,68.6,6.7,truck,urban,6.29
2.0,9.64,14.7,4.4,70.1,0.6,van,urban,4.07
35.45,18.2,52.3,3.0,84.9,8.0,bike,urban,9.33
28.54,6.44,26.7,4.8,61.8,7.9,van,suburban,5.1
40.82,19.37,52.8,6.1,53.8,10.7,van,suburban,8.48
37.88,3.21,47.3,4.7,67.1,5.6,bike,urban,8.41
23.89,13.45,33.0,4.3,32.0,4.9,truck,urban,6.52
14.33,7.1,56.0,2.9,83.2,5.1,truck,urban,5.4
22.82,11.59,47.1,5.8,49.7,4.7,van,urban,6.55
31.66,19.32,40.9,5.7,34.0,7.5,bike,county,8.06
30.56,5.53,94.3,6.3,66.3,4.1,truck,urban,7.48
41.18,9.73,48.9,8.6,58.5,0.2,bike,urban,9.21
11.82,7.54,41.2,3.7,67.5,10.1,bike,urban,4.64
38.46,6.46,47.2,5.4,87.5,8.7,van,urban,8.2
28.5,8.14,54.5,7.7,73.3,6.0,van,urban,6.28
26.0,3.28,28.1,3.9,45.1,10.7,van,county,4.13
15.27,9.48,25.7,5.1,72.9,5.4,bike,urban,5.63
49.7,6.95,64.4,6.1,56.4,4.3,bike,suburban,9.08
38.19,10.82,35.7,5.8,39.4,2.9,truck,urban,9.8
22.66,20.75,71.6,6.1,81.8,4.5,van,county,7.65
21.89,9.67,53.0,5.2,68.8,8.9,van,suburban,6.4
20.68,9.08,46.3,4.5,66.5,4.9,van,county,6.17
27.68,7.15,14.9,2.4,55.0,7.4,truck,urban,5.78
34.79,1.45,41.5,6.7,61.5,7.1,van,urban,7.58
24.56,9.47,33.5,1.0,83.1,5.5,van,suburban,4.99
44.26,9.93,34.1,3.0,84.3,8.2,van,urban,8.57
8.18,8.9,24.4,5.6,51.1,6.1,truck,urban,3.75
9.82,4.31,85.5,7.3,71.3,8.9,truck,urban,4.34
40.34,7.77,53.2,7.2,50.0,7.9,van,county,8.08
32.27,9.59,21.2,2.9,100.0,5.7,truck,suburban,7.45
4.91,8.83,40.1,1.7,86.8,9.1,van,urban,3.61
25.77,6.34,50.7,5.5,49.9,3.9,bike,urban,6.58
6.22,5.55,0.0,2.6,60.0,3.3,bike,county,2.78
30.3,2.28,30.7,7.7,69.2,11.0,van,urban,6.84
2.0,11.95,14.1,3.8,59.4,5.7,van,urban,3.26
15.44,9.46,48.5,7.1,57.3,5.0,van,suburban,5.82
25.69,14.96,64.2,8.6,80.4,0.2,van,county,8.86
47.97,5.49,39.0,9.5,43.3,10.5,van,urban,9.33
20.11,3.68,40.3,4.1,87.3,6.7,van,urban,5.0
5.13,10.17,23.4,6.5,55.0,7.5,van,urban,3.51
45.26,14.97,78.0,7.8,78.8,8.0,truck,urban,10.26
6.65,0.2,48.8,3.6,44.2,11.0,truck,urban,4.07
42.03,4.77,31.9,3.8,66.6,2.0,truck,suburban,7.69
25.6,11.14,45.2,7.6,45.5,3.8,van,urban,8.32
16.08,10.8,33.3,5.1,68.8,3.4,truck,suburban,4.72
11.72,8.25,58.4,6.9,64.0,10.8,bike,urban,5.29
28.83,8.8,64.6,6.4,98.7,5.5,van,urban,7.72
27.49,10.4,52.7,6.2,85.0,3.7,bike,suburban,8.06
36.75,10.12,75.9,8.7,28.0,6.8,van,suburban,8.43
7.45,3.04,70.8,5.4,68.0,2.5,van,suburban,4.27
11.93,11.28,44.5,8.1,24.9,4.3,bike,urban,4.97
15.2,4.37,65.3,4.2,84.7,6.5,bike,county,5.26
20.66,8.57,42.1,9.0,60.6,2.3,van,urban,7.35
22.35,8.57,59.8,3.8,59.5,9.5,van,county,6.01
57.04,10.09,32.3,7.2,55.9,0.2,bike,suburban,10.38
38.94,13.76,68.0,2.6,54.2,1.4,van,urban,8.39
41.85,1.48,54.1,7.0,54.8,5.3,van,suburban,8.35
25.36,8.28,38.0,8.4,66.5,3.3,van,suburban,8.35
2.0,11.53,58.3,6.1,46.8,5.1,van,urban,4.62
26.91,6.94,54.8,4.5,60.3,4.4,van,county,6.43
24.24,3.49,43.3,3.4,86.9,5.0,van,urban,5.91
16.65,16.16,25.0,2.4,60.4,5.7,van,county,4.8
31.27,12.03,63.7,3.0,69.5,6.7,truck,urban,7.4
27.78,4.05,85.1,6.0,79.2,8.5,bike,suburban,6.88
33.5,8.01,61.7,7.2,81.3,10.0,van,urban,8.66
16.42,6.94,75.1,2.4,40.2,6.7,bike,urban,4.94
10.87,13.02,58.7,7.3,45.1,1.1,van,suburban,5.75
18.11,12.82,61.7,6.0,67.0,1.1,van,suburban,6.0
21.7,6.91,51.9,7.4,70.7,1.7,van,urban,6.79
15.28,8.83,59.6,5.6,87.0,6.0,van,urban,6.17
15.65,11.57,63.8,1.9,59.8,4.9,truck,urban,4.54
44.82,4.34,81.2,4.5,66.5,2.8,bike,suburban,9.0
7.99,7.5,48.4,8.3,55.2,9.5,van,urban,4.82
28.26,3.54,25.5,6.8,40.9,10.1,truck,urban,6.04
34.47,15.56,35.8,5.4,85.0,6.7,bike,urban,8.71
34.47,6.48,46.0,8.2,68.5,3.2,van,urban,7.38
27.46,14.21,50.9,7.8,55.9,10.7,truck,suburban,7.42
25.41,12.55,53.4,8.5,56.6,3.6,truck,suburban,7.12
47.6,12.39,60.7,4.6,73.1,3.4,bike,urban,9.95
39.69,0.32,56.8,5.8,68.7,5.4,truck,suburban,7.72
16.82,9.88,81.8,3.5,27.2,8.8,van,suburban,5.06
16.57,15.17,58.0,3.8,56.0,3.4,bike,county,5.42
36.38,5.51,52.8,4.6,53.6,2.9,van,county,7.39
6.25,13.78,33.1,2.3,49.7,6.5,bike,suburban,3.09
6.88,6.91,46.7,5.6,46.5,5.8,truck,county,5.0
2.0,6.07,48.9,9.2,71.9,4.8,bike,urban,5.4
21.02,6.62,53.2,4.3,76.0,3.9,van,suburban,6.22
16.86,3.36,9.9,8.9,65.0,4.6,van,suburban,4.2
25.55,9.72,24.7,1.5,68.4,4.4,van,urban,5.59
26.49,8.76,68.7,5.9,76.2,5.8,van,urban,7.84
21.86,0.2,46.5,8.0,49.8,2.3,bike,suburban,6.39
20.16,0.2,52.2,6.8,64.2,10.3,van,urban,4.58
60.05,17.36,29.1,5.3,34.1,9.0,truck,county,9.77
9.61,3.26,54.3,3.5,63.6,7.1,truck,suburban,4.34
13.38,10.68,61.9,7.3,65.3,9.7,van,urban,5.65
19.49,9.26,39.4,8.4,53.6,6.8,van,suburban,5.92
31.05,8.55,54.0,8.3,67.7,6.7,van,suburban,7.22
16.93,10.17,55.0,1.2,51.8,5.8,van,urban,4.86
29.68,0.2,10.2,5.9,47.4,1.9,van,urban,5.78
13.96,7.54,41.0,7.2,31.8,0.5,bike,urban,6.24
12.85,9.43,50.0,3.4,69.0,8.5,bike,urban,4.72
22.16,12.29,50.8,3.5,65.6,7.5,van,urban,5.34
26.69,14.26,47.1,9.9,91.8,10.8,van,urban,8.13
33.84,8.84,40.6,1.0,62.9,4.7,truck,suburban,5.62
37.07,15.14,61.1,5.6,56.5,7.3,van,county,7.54
39.71,14.88,46.6,6.7,67.6,10.7,bike,suburban,8.74
15.35,7.78,50.1,6.5,46.6,3.3,truck,urban,5.2
25.29,6.51,67.4,5.6,59.6,4.6,van,county,7.03
9.33,6.37,43.2,5.0,64.6,6.1,van,urban,4.78
31.43,7.18,33.0,4.1,68.2,6.0,truck,urban,7.01
29.17,2.98,59.4,7.2,44.5,9.0,van,county,6.0
25.66,1.68,36.2,4.9,44.1,8.3,bike,urban,6.16
16.14,5.88,28.9,6.8,73.2,9.1,truck,suburban,5.88
11.86,19.88,9.7,6.6,95.1,2.1,truck,county,5.65
24.91,10.16,39.4,8.2,89.4,1.2,truck,urban,7.48
2.63,1.27,45.4,7.6,54.4,4.4,bike,urban,3.82
12.79,0.73,70.1,6.3,87.3,5.1,van,suburban,5.45
19.02,1.71,42.7,2.3,71.6,3.8,van,suburban,4.79
4.35,6.6,16.0,6.4,67.2,5.2,truck,suburban,3.26
17.98,2.58,22.8,5.2,35.9,0.3,truck,suburban,5.27
35.26,0.2,36.5,7.8,62.6,5.6,van,suburban,5.74
23.61,13.72,40.0,3.8,50.6,8.6,van,suburban,5.9
3.8,3.33,58.7,6.8,74.7,7.3,truck,urban,4.46
2.0,7.48,61.0,5.6,66.3,10.6,van,suburban,3.43
9.98,15.24,55.3,10.0,33.9,5.0,van,suburban,4.83
26.43,2.6,63.9,4.8,59.9,0.5,bike,urban,6.37
2.0,2.93,31.0,6.8,86.1,0.2,van,urban,3.36
35.4,0.6,49.9,8.9,72.9,8.7,van,suburban,7.37
35.25,12.91,52.1,4.6,59.8,5.2,van,urban,7.32
43.87,5.4,48.2,3.9,62.7,7.0,van,urban,7.67
12.13,12.31,56.8,9.1,70.3,12.1,truck,urban,6.25
29.41,12.3,50.0,1.0,74.9,1.0,van,suburban,6.12
18.62,15.05,97.6,8.2,48.1,6.6,bike,suburban,6.71
3.01,7.16,79.1,8.0,61.4,10.8,bike,suburban,4.43
13.88,12.27,72.6,5.0,28.5,6.9,bike,county,4.85
29.09,9.69,34.5,2.8,52.5,9.9,bike,suburban,6.79
3.94,7.21,35.9,4.6,55.6,6.2,van,urban,3.61
27.06,5.17,14.6,5.0,66.6,9.9,van,suburban,5.27
19.08,1.41,68.9,4.0,82.4,4.9,bike,suburban,5.69
48.87,12.06,59.1,5.2,76.0,7.8,van,county,9.99
32.61,3.85,47.3,7.7,75.9,9.7,van,county,7.15
35.18,19.38,40.4,1.5,41.9,11.8,truck,urban,6.52
51.9,4.09,47.9,4.9,63.0,3.5,bike,county,8.83
30.44,4.47,51.2,1.3,80.1,2.7,van,suburban,6.13
19.45,8.05,42.4,7.2,53.5,7.7,van,county,6.28
10.18,4.47,77.5,5.9,58.7,6.1,bike,urban,5.53
6.69,10.83,52.7,8.2,57.9,5.6,bike,urban,5.13
35.5,3.98,58.8,2.6,90.4,0.2,bike,urban,7.93
30.74,9.42,30.8,4.6,61.3,7.2,truck,urban,6.58
17.33,2.18,34.1,4.7,44.0,8.0,van,suburban,4.02
35.28,0.2,46.1,8.4,68.7,9.5,van,suburban,7.25
31.22,4.13,32.5,4.2,61.7,4.8,van,urban,6.64
7.79,12.21,24.9,9.1,51.8,6.1,truck,urban,5.28
19.79,8.2,40.3,3.9,70.6,7.0,bike,county,6.53
31.04,9.31,42.2,5.4,71.5,7.2,truck,county,6.49
37.41,3.51,39.5,6.9,76.1,9.1,van,urban,8.1
49.66,6.43,27.5,7.9,58.8,7.1,van,suburban,8.02
36.44,13.21,42.2,1.6,63.2,8.6,van,urban,6.62
39.91,2.81,64.3,6.9,34.1,4.4,van,urban,8.22
31.0,9.02,20.8,5.8,100.0,6.8,van,suburban,6.47
21.99,8.43,82.6,3.5,49.2,0.7,van,urban,5.7
11.5,13.84,80.1,4.0,37.7,3.2,van,urban,5.16
14.37,7.93,84.8,6.3,65.4,9.3,van,urban,4.79
32.03,13.64,30.1,6.7,70.7,6.8,bike,suburban,7.42
10.95,5.58,63.4,4.3,74.6,2.6,bike,urban,4.76
18.64,8.72,42.8,6.0,57.4,8.4,truck,urban,4.37
17.35,4.66,87.0,5.1,65.4,1.6,truck,urban,6.06
2.0,5.28,29.6,8.0,94.9,7.2,bike,county,4.63
34.03,1.66,47.6,7.9,81.7,2.7,van,urban,8.4
26.34,0.2,40.1,7.0,44.8,4.7,van,urban,5.09
17.54,4.4,39.8,7.2,78.1,3.9,bike,urban,6.23
43.77,4.54,56.6,4.6,40.3,3.3,bike,suburban,7.79
23.79,2.3,79.6,3.3,50.6,5.2,van,suburban,6.24
31.75,3.4,33.5,5.6,68.0,6.7,bike,suburban,7.03
11.94,2.63,62.0,5.5,82.2,3.8,van,urban,5.08
10.91,8.21,35.3,2.2,72.2,9.0,bike,urban,4.9
9.71,12.68,1.6,4.8,67.8,5.5,truck,urban,4.36
12.04,8.68,74.5,5.9,55.7,4.9,truck,urban,5.28
41.53,7.32,50.4,6.1,74.4,8.7,van,suburban,8.36
26.19,9.36,30.2,3.3,62.8,7.2,truck,urban,6.08
14.26,10.43,55.5,5.1,57.4,12.3,van,urban,5.28
7.74,13.87,36.8,1.1,63.3,11.9,van,urban,3.79
18.09,0.2,47.8,6.4,95.6,3.9,bike,suburban,6.82
16.72,0.2,21.3,4.7,82.3,11.3,truck,urban,3.97
51.5,0.2,42.1,6.9,82.1,1.3,van,urban,9.89
27.36,4.33,18.0,4.9,72.1,8.4,bike,urban,6.92
21.74,6.04,51.3,3.4,86.2,10.7,van,suburban,5.95
22.33,7.01,24.8,7.5,65.3,10.6,van,county,5.1
24.24,2.78,36.7,3.3,83.2,12.8,truck,county,5.14
8.88,0.2,43.6,6.8,53.0,2.9,van,urban,5.28
29.59,13.15,47.4,5.7,28.2,1.2,van,suburban,6.96
27.39,2.24,58.2,5.2,68.1,6.6,van,urban,6.38
25.38,3.65,63.2,8.9,52.3,4.5,bike,suburban,7.02
34.02,7.71,49.9,4.8,89.3,7.4,truck,urban,7.09
15.73,3.71,32.7,8.2,38.7,4.5,bike,urban,5.23
25.39,9.69,64.2,5.4,47.9,1.2,van,suburban,7.44
24.07,16.22,60.6,1.5,99.0,7.8,bike,urban,7.95
18.16,15.85,8.8,7.1,61.6,6.3,van,suburban,5.63
9.53,2.7,52.4,7.3,42.0,9.3,van,county,4.32
47.29,0.2,39.0,4.7,56.6,5.7,van,suburban,8.0
22.85,1.5,45.4,9.3,31.7,5.0,van,urban,5.31
13.83,0.4,17.9,6.5,79.9,9.7,van,urban,4.83
27.23,7.74,45.4,4.9,72.9,7.8,van,county,7.11
26.42,5.03,73.6,6.7,86.8,4.8,van,urban,7.5
41.1,8.66,29.0,4.4,89.2,7.4,bike,urban,8.17
20.99,5.38,0.0,7.0,40.3,7.2,van,urban,5.56
30.45,8.44,31.7,6.5,27.5,6.3,van,urban,6.07
2.0,0.2,47.5,4.5,85.7,0.2,van,suburban,4.49
18.18,15.22,53.2,6.8,62.4,1.1,truck,urban,6.08
17.21,9.09,44.8,8.9,65.1,4.9,bike,suburban,6.76
2.0,8.85,63.0,2.4,50.0,3.4,van,county,2.69
17.59,12.51,27.3,2.8,56.6,7.4,van,urban,4.89
11.3,10.58,22.3,6.9,54.3,4.8,truck,urban,4.67
6.89,8.05,63.1,7.3,53.9,9.8,van,urban,5.14
29.24,0.2,44.7,4.6,74.0,4.6,van,urban,6.59
37.07,9.23,51.1,7.9,76.5,10.3,van,suburban,7.49
2.0,9.07,70.8,4.4,49.9,11.5,van,suburban,3.0
22.0,12.3,50.9,6.5,59.3,4.6,van,suburban,5.9
17.64,0.2,35.4,6.9,61.0,6.4,van,suburban,4.46
44.02,10.85,35.2,5.5,66.6,5.7,bike,urban,8.74
35.57,15.01,52.1,4.1,57.3,6.6,van,urban,7.94
24.27,3.78,81.9,4.6,100.0,0.4,van,suburban,7.5
17.47,5.05,51.8,5.5,47.5,9.6,bike,suburban,5.5
25.68,8.01,40.9,5.9,58.2,0.9,truck,urban,6.64
8.13,4.17,50.9,6.4,83.6,3.6,van,suburban,4.41
21.89,6.05,86.2,2.9,86.8,7.4,truck,urban,6.18
37.9,9.67,56.7,3.9,69.5,3.3,bike,urban,7.98
30.15,10.08,50.8,6.7,87.9,5.5,van,county,7.2
17.9,14.14,31.7,10.0,66.6,8.4,van,county,5.75
17.25,5.24,33.3,6.3,72.2,5.1,van,urban,4.89
30.08,8.1,29.0,3.4,68.6,10.1,bike,urban,6.85
27.24,2.89,100.0,10.0,54.9,5.2,van,urban,6.57
24.58,12.72,43.1,6.1,51.6,11.9,van,suburban,6.71
55.2,9.25,67.1,5.8,54.8,1.5,van,urban,10.1
12.9,7.94,100.0,5.1,79.3,3.8,bike,suburban,6.39
9.61,0.2,66.4,6.9,37.8,8.5,truck,urban,3.98
37.79,7.61,65.4,5.0,87.8,9.8,truck,suburban,6.97
16.14,14.7,51.4,6.6,41.8,3.1,van,suburban,6.81
28.91,0.81,26.7,4.0,57.5,4.6,van,county,5.99
9.09,9.57,51.8,5.0,60.1,4.1,van,suburban,5.06
30.17,11.54,38.2,7.4,65.5,6.1,van,county,6.52
23.25,5.67,39.3,5.6,53.7,4.2,van,suburban,5.97
17.37,8.77,45.6,7.7,72.0,5.2,bike,suburban,5.7
2.0,11.53,40.0,5.6,40.3,1.2,van,suburban,3.11
18.26,5.55,49.9,3.5,57.7,6.4,bike,suburban,4.59
15.73,13.76,41.0,3.1,53.5,5.1,van,urban,4.61
45.32,14.75,44.9,4.0,18.5,6.9,van,suburban,7.6
2.0,11.12,50.5,10.0,92.5,2.7,bike,urban,7.0
36.07,10.95,44.0,3.9,45.0,5.7,van,urban,8.12
16.94,12.58,34.4,4.9,36.1,7.8,van,county,4.56
37.3,1.87,38.2,2.5,53.1,2.1,van,suburban,5.76
23.14,0.2,27.6,2.1,100.0,1.0,van,urban,5.64
3.8,4.02,30.1,3.3,76.4,4.2,van,urban,3.34
13.23,5.92,30.5,3.8,56.9,8.7,van,county,4.46
34.06,7.37,50.1,4.3,46.3,4.5,van,urban,7.56
38.14,4.51,69.0,7.4,82.6,9.0,bike,urban,8.2
12.61,1.79,43.8,7.5,40.0,10.1,van,suburban,3.18
10.38,6.64,77.6,5.0,53.4,9.1,van,county,4.05
31.49,12.07,25.2,2.9,79.6,4.8,truck,urban,6.27
19.39,9.71,28.1,4.1,48.3,5.8,bike,county,5.57
20.92,9.16,52.3,2.8,56.2,6.3,bike,urban,6.01
29.61,14.79,41.8,8.0,100.0,3.6,truck,urban,7.06
28.94,6.68,75.2,3.4,42.8,3.6,truck,suburban,6.2
4.57,7.69,33.9,4.5,88.0,9.2,van,urban,3.5
24.38,6.44,55.4,6.0,54.4,5.7,van,suburban,5.02
18.08,3.37,37.0,2.7,30.0,7.7,truck,county,4.6
14.32,9.37,76.2,6.4,39.2,1.2,truck,suburban,5.5
9.63,0.2,73.5,2.1,64.4,5.5,bike,suburban,3.53
11.44,1.0,21.2,6.8,79.5,4.7,bike,urban,4.91
34.53,5.24,49.7,2.2,33.5,8.7,van,suburban,6.2
8.51,8.02,56.4,2.8,38.7,3.1,bike,urban,4.71
30.79,2.92,38.7,10.0,96.3,4.1,van,suburban,6.23
28.83,10.55,24.9,7.4,40.6,9.0,van,county,5.34
13.4,2.19,0.0,6.1,69.5,6.6,van,suburban,3.84
27.41,0.9,66.2,4.5,61.5,7.2,truck,suburban,5.93
38.38,10.56,51.1,5.4,83.0,0.6,bike,urban,9.67
19.31,0.2,79.1,1.0,86.7,5.6,van,suburban,5.46
21.57,0.2,17.4,3.6,57.6,8.7,van,suburban,3.58
37.3,3.98,73.2,7.8,47.2,4.9,van,county,7.75
29.15,7.5,43.8,8.5,67.4,4.6,van,suburban,6.9
30.88,0.2,51.9,5.0,68.2,8.0,van,county,6.97
22.07,1.73,74.3,6.3,34.2,1.8,bike,suburban,4.94
28.35,15.1,63.0,4.9,55.2,1.8,bike,urban,7.83
29.84,1.19,45.1,1.0,100.0,3.6,van,urban,6.31
29.27,11.92,21.9,7.0,53.3,6.1,van,suburban,6.77
33.74,3.95,80.9,10.0,38.9,5.3,bike,suburban,9.11
26.4,11.55,86.5,5.7,76.6,2.8,van,county,7.62
2.65,2.25,34.7,5.6,38.1,6.3,van,county,3.03
24.91,10.74,29.0,3.0,41.2,9.3,van,county,4.9
12.71,0.2,65.3,3.7,58.0,4.6,truck,urban,4.38
49.62,11.09,46.5,3.3,68.9,6.6,bike,suburban,8.66
21.86,4.62,45.3,9.3,53.9,11.4,bike,urban,5.29
19.94,7.07,37.3,3.5,56.8,4.6,van,suburban,4.98
37.36,5.66,53.5,4.3,72.7,1.3,van,county,7.92
23.51,9.16,49.5,3.5,90.2,4.1,van,urban,5.8
12.41,7.93,43.0,5.6,56.7,9.3,truck,urban,4.17
32.78,11.97,69.6,9.0,38.8,2.7,van,urban,8.92
30.54,10.01,9.6,7.2,82.6,11.2,bike,urban,6.54
4.77,4.9,35.4,4.3,62.7,7.1,van,suburban,2.74
2.0,6.96,31.1,9.3,57.3,6.4,bike,county,4.45
32.12,12.12,65.8,2.6,57.7,3.1,van,suburban,7.71
2.0,14.69,24.5,2.6,62.9,3.7,bike,urban,4.35
8.8,4.96,72.2,8.7,63.1,4.1,van,urban,5.13
16.92,0.2,56.1,5.9,81.7,4.7,truck,suburban,5.74
2.0,14.07,39.4,6.4,56.2,8.5,van,urban,4.1
6.49,14.67,49.6,5.6,68.0,8.9,bike,county,5.42
34.96,11.07,50.9,4.8,50.0,8.7,van,urban,7.35
17.23,5.04,40.8,2.9,60.2,6.6,truck,urban,5.4
25.56,5.9,36.2,4.7,56.7,6.5,van,urban,5.9
28.1,8.68,7.7,8.8,20.6,7.6,truck,suburban,5.86
21.28,6.56,69.9,6.5,53.7,0.9,van,suburban,5.28
18.32,7.77,0.0,2.4,47.3,3.4,bike,county,3.98
39.8,7.47,30.2,3.1,76.4,1.7,bike,suburban,8.0
17.98,3.16,86.5,3.9,47.3,4.5,van,suburban,5.7
16.77,13.81,18.3,5.9,62.0,4.6,van,urban,5.75
26.15,0.2,73.3,3.5,95.6,0.2,van,urban,6.39
34.09,10.21,13.6,2.4,70.1,6.3,bike,urban,6.25
11.81,1.14,12.9,5.6,66.1,7.4,truck,urban,3.65
20.7,6.53,48.4,6.4,59.1,14.6,truck,county,4.92
14.62,8.93,58.9,4.3,53.9,10.5,van,suburban,3.96
17.65,10.12,48.9,2.1,87.9,7.5,van,urban,5.39
33.54,6.93,64.8,5.3,81.6,6.4,truck,suburban,8.62
6.89,3.51,7.0,5.1,71.6,9.4,van,urban,2.83
17.33,0.2,37.9,6.8,77.7,9.4,van,urban,4.23
15.26,0.2,61.6,5.2,52.8,5.7,truck,urban,5.54
30.04,6.25,34.7,4.8,78.5,11.7,truck,urban,7.89
32.81,6.69,28.4,7.5,59.6,5.7,truck,urban,6.51
5.64,11.86,76.9,3.0,68.2,3.7,bike,suburban,4.1
26.58,15.31,23.3,5.5,56.0,7.6,truck,county,6.44
16.97,8.24,35.8,6.1,57.6,5.5,truck,urban,6.1
42.19,18.65,42.3,3.7,73.7,6.4,van,urban,8.02
32.7,4.77,28.0,1.6,72.2,4.9,bike,urban,6.34
28.19,8.63,50.8,4.1,75.1,7.6,truck,suburban,6.3
11.54,0.2,58.3,7.8,93.3,0.2,bike,urban,5.96
7.64,6.63,20.8,3.4,39.7,7.1,truck,urban,4.58
27.54,8.25,52.5,7.5,69.8,4.3,van,county,7.58
21.9,4.16,65.3,4.4,56.2,3.1,bike,county,6.15
24.64,12.69,65.4,4.8,58.4,6.6,van,suburban,7.13
11.86,6.65,36.9,2.5,65.1,2.5,bike,suburban,4.57
2.97,2.66,24.0,4.3,59.6,1.9,van,suburban,2.52
35.66,5.58,56.6,1.0,55.3,7.8,van,suburban,6.58
26.13,8.42,88.4,6.7,66.8,4.3,van,urban,7.3
30.36,3.41,60.1,4.2,76.6,4.5,van,suburban,6.34
45.83,10.27,46.9,7.7,49.7,2.2,van,county,9.1
24.7,15.28,55.0,7.8,87.7,0.2,bike,suburban,8.2
17.54,4.37,76.7,5.3,51.6,9.5,truck,county,4.65
31.08,14.66,40.8,2.1,43.4,7.2,bike,suburban,7.72
27.4,1.85,74.5,4.3,48.3,0.2,bike,county,6.43
14.42,0.2,41.0,6.1,100.0,9.0,van,urban,5.17
20.68,7.88,70.0,4.9,65.4,7.3,van,urban,5.18
21.88,13.4,46.8,4.6,61.3,4.3,bike,urban,7.87
21.43,15.45,78.2,5.5,60.6,13.6,van,suburban,6.13
26.57,8.97,36.0,3.7,43.6,9.7,van,suburban,5.27
20.04,12.91,21.0,7.6,61.7,1.9,van,suburban,5.83
39.53,14.44,49.6,5.8,70.2,6.0,van,suburban,8.17
5.14,8.59,33.2,6.9,100.0,0.2,van,urban,5.31
20.12,1.98,27.5,4.2,43.4,1.4,van,urban,5.23
18.46,15.2,73.8,5.7,54.7,8.7,bike,suburban,5.25
38.27,10.15,39.2,6.0,54.4,3.1,van,urban,8.15
18.75,3.23,54.2,5.5,79.0,2.6,truck,county,5.95
17.68,12.1,41.0,3.1,33.1,8.7,van,urban,5.35
54.67,15.58,35.7,8.9,53.7,10.6,van,urban,10.44
13.27,7.16,30.8,7.0,67.5,9.0,bike,urban,5.33
25.09,5.41,67.6,7.0,53.0,2.2,van,urban,7.39
24.62,2.79,63.0,7.3,54.4,0.3,truck,urban,6.98
26.01,15.59,9.4,8.5,69.4,6.7,van,suburban,6.4
5.25,10.46,36.9,4.6,74.0,8.9,bike,county,3.95
26.36,6.0,21.2,6.3,54.1,6.4,van,urban,6.61
30.3,8.05,54.1,6.2,65.6,1.3,van,urban,8.11
38.74,7.45,65.4,3.3,35.7,1.5,bike,suburban,6.96
17.82,0.2,69.3,5.3,35.0,6.0,van,urban,4.94
5.12,13.29,42.2,9.1,87.1,7.4,van,county,5.09
32.78,5.08,54.6,8.3,29.1,1.7,van,county,6.7
23.59,11.79,49.2,4.7,45.1,1.6,van,suburban,5.67
4.72,4.46,63.3,2.3,51.0,2.3,van,county,3.65
36.22,8.06,38.5,5.4,34.3,11.7,van,urban,7.32
2.0,6.83,72.9,8.2,61.0,2.3,bike,urban,4.02
3.16,8.29,64.8,4.5,43.0,0.4,van,urban,4.53
19.54,8.78,63.3,6.3,44.7,2.5,van,urban,6.51
38.11,6.36,83.5,8.5,57.9,8.8,truck,urban,9.07
2.0,2.52,69.9,7.2,37.5,8.9,van,suburban,3.38
9.83,0.2,36.2,4.7,71.7,8.9,truck,county,3.82
29.32,5.68,46.1,5.1,51.0,9.3,bike,suburban,6.73
12.56,9.4,65.1,5.4,81.4,7.9,van,urban,6.16
21.18,8.35,4.7,2.6,80.7,5.0,van,urban,5.26
12.88,4.69,14.6,3.4,65.6,0.6,van,suburban,3.83
16.1,9.96,16.7,6.7,61.4,14.0,truck,suburban,4.75
23.82,5.31,57.4,6.1,60.8,7.5,van,urban,5.41
35.64,4.4,21.3,6.7,58.9,0.2,bike,urban,7.07
36.34,8.28,59.0,6.1,46.5,3.2,van,suburban,8.79
48.21,4.52,75.4,6.8,78.9,6.9,van,urban,9.74
11.02,15.17,79.9,5.0,97.0,3.4,bike,suburban,6.98
21.57,17.41,27.7,6.4,50.9,4.1,van,suburban,6.26
15.98,8.01,81.4,8.0,62.1,3.3,truck,suburban,6.68
31.33,0.2,44.9,5.0,70.4,8.7,van,county,6.55
23.05,0.43,48.7,7.5,60.4,8.9,van,urban,5.35
20.14,16.55,53.6,6.3,43.2,8.8,van,suburban,5.25
48.66,13.4,63.4,6.0,56.5,0.2,van,suburban,10.08
17.67,8.38,19.4,5.3,20.3,4.7,van,urban,4.22
23.09,0.2,48.3,6.5,66.8,2.8,van,suburban,5.66
8.53,10.89,55.1,7.0,82.3,6.3,truck,urban,5.07
7.16,7.9,35.0,7.8,73.0,3.2,van,urban,5.15
26.42,0.2,78.3,6.6,75.9,5.7,bike,suburban,6.28
38.09,3.01,28.1,4.9,90.5,5.1,bike,urban,8.31
6.48,1.13,51.7,8.3,61.8,7.5,bike,suburban,3.98
51.71,4.03,70.4,9.5,42.3,4.3,bike,urban,10.59
7.26,0.61,14.8,9.1,51.7,6.9,van,county,4.76
30.54,11.52,35.7,4.0,75.5,7.0,van,suburban,7.05
37.51,4.7,42.8,5.9,89.8,11.8,bike,urban,7.47
31.3,9.99,30.5,3.9,54.3,0.2,van,suburban,7.61
22.73,8.62,58.0,6.3,46.7,4.6,van,suburban,6.11
29.29,10.75,13.8,6.6,80.6,5.7,bike,county,8.06
2.96,2.08,24.8,4.8,89.3,3.3,truck,suburban,3.92
2.61,19.93,61.1,5.8,81.9,8.2,van,urban,4.86
15.05,5.06,61.9,1.0,41.5,7.5,truck,urban,3.88
47.62,11.32,58.8,5.7,84.8,7.0,truck,urban,9.12
32.77,10.23,61.8,8.9,44.4,1.5,bike,urban,7.79
39.68,8.05,77.5,7.1,52.8,3.4,van,urban,8.23
22.53,12.16,25.4,7.1,57.7,7.3,truck,suburban,5.83
23.23,12.3,37.1,4.1,65.2,4.7,bike,county,6.36
27.16,4.19,41.7,1.0,68.4,3.8,bike,urban,5.67
10.42,13.68,63.5,1.0,96.2,0.2,van,county,5.06
37.26,0.54,43.7,6.7,87.5,5.3,bike,urban,8.26
29.43,5.56,61.5,5.0,58.7,10.0,van,urban,7.45
34.02,14.22,40.6,3.8,76.7,7.7,bike,county,6.98
18.63,10.38,61.3,3.8,21.6,4.2,bike,urban,4.91
21.53,7.75,33.8,7.5,41.8,7.0,bike,urban,5.56
16.59,8.2,59.9,9.0,59.7,6.8,bike,suburban,5.82
2.26,3.21,43.7,4.0,61.6,1.9,van,urban,3.47
20.5,12.18,65.7,1.8,69.6,7.1,bike,suburban,5.85
25.67,1.63,35.8,5.9,34.5,1.3,van,suburban,6.15
9.71,11.23,69.1,5.3,68.1,7.0,bike,county,6.4
19.96,9.71,62.0,4.4,55.1,5.8,van,county,6.71
21.65,2.86,34.7,4.4,75.9,3.7,van,urban,6.12
23.46,10.4,28.0,5.8,88.3,4.0,van,suburban,6.59
4.19,8.2,0.0,3.2,26.7,4.2,bike,county,2.01
15.36,16.71,42.5,7.5,62.5,10.5,truck,urban,6.5
21.31,0.2,68.7,3.8,82.9,2.1,truck,county,5.52
10.26,0.2,71.0,3.0,28.3,9.7,van,urban,3.66
2.0,3.65,17.4,3.8,59.8,4.7,van,suburban,1.73
2.0,5.95,21.0,6.3,64.4,0.2,van,urban,3.31
15.74,0.2,58.3,3.6,55.2,7.4,van,suburban,3.43
25.18,2.24,35.0,6.9,100.0,1.6,van,urban,7.02
19.38,7.31,74.8,5.0,60.6,0.2,van,urban,6.35
22.2,11.08,62.5,5.5,59.6,7.1,truck,urban,6.39
44.6,13.89,69.7,8.5,42.1,3.6,van,urban,8.84
2.0,3.0,49.8,9.8,15.6,0.2,bike,urban,3.7
43.81,6.91,67.9,4.9,78.7,10.6,van,suburban,7.5
11.76,9.26,55.4,5.6,100.0,5.0,bike,urban,6.7
38.56,9.88,58.0,3.7,91.0,6.0,van,suburban,7.5
10.54,6.98,14.0,5.6,75.2,8.1,van,county,4.57
47.0,0.2,23.4,7.0,63.9,2.1,truck,suburban,8.12
17.29,21.59,68.4,3.3,47.3,3.0,van,county,5.9
2.24,18.28,45.3,4.1,50.7,5.2,van,suburban,4.15
28.09,13.65,71.1,1.0,81.7,0.2,bike,suburban,7.19
5.6,0.2,25.1,7.7,28.0,3.1,van,urban,3.18
18.12,8.97,35.9,4.9,74.2,4.4,van,suburban,5.79
21.39,9.1,55.3,5.2,65.8,7.6,bike,county,6.23
17.79,7.84,24.9,3.3,58.3,10.3,van,county,3.92
8.33,9.48,69.5,7.1,57.6,7.5,van,county,5.38
22.95,5.64,70.1,3.9,43.4,6.7,truck,suburban,5.97
11.35,14.29,2.3,3.6,81.4,4.4,truck,suburban,4.87
27.93,3.1,45.3,8.9,59.9,3.0,bike,suburban,7.0
22.05,7.6,59.2,5.1,79.2,6.0,van,suburban,5.75
16.08,2.47,62.3,10.0,83.8,4.7,van,urban,6.0
2.16,17.42,52.3,4.8,60.9,1.8,bike,suburban,4.94
37.32,7.47,55.0,6.5,90.3,4.2,bike,urban,10.02
19.85,7.29,43.2,6.9,100.0,7.3,truck,urban,7.09
28.95,1.05,40.8,6.4,81.6,1.9,bike,suburban,6.17
18.0,4.29,64.4,7.8,77.1,6.0,bike,suburban,6.37
19.37,14.43,36.4,6.3,64.4,5.2,bike,county,6.22
12.95,4.31,64.4,5.1,45.3,1.0,van,suburban,3.92
19.97,0.43,80.9,6.6,69.9,7.0,van,urban,6.01
17.21,6.0,53.9,3.3,68.4,6.3,van,county,4.0
27.3,8.19,43.8,7.5,68.2,2.1,bike,urban,8.21
17.44,18.1,31.7,4.6,90.6,7.5,van,urban,6.05
22.66,7.37,100.0,5.0,96.3,7.5,truck,urban,7.9
39.6,10.6,52.9,5.1,48.4,3.2,truck,suburban,7.63
10.13,8.55,46.4,7.8,85.3,9.0,van,suburban,4.54
50.85,0.2,73.5,2.3,73.4,9.6,van,county,9.1
6.09,3.96,31.1,6.6,44.6,5.8,van,suburban,3.53
5.86,10.79,34.2,6.2,97.8,10.8,bike,county,5.12
48.66,4.34,59.1,5.3,31.3,3.0,van,urban,8.16
27.55,8.63,51.8,8.0,55.6,6.7,bike,suburban,7.38
53.22,5.66,54.9,6.4,72.3,2.2,bike,urban,9.78
6.6,4.99,41.2,2.5,61.3,9.1,van,urban,3.35
19.38,3.18,38.5,6.5,52.8,3.4,bike,suburban,6.3
21.89,14.49,4.0,8.7,66.1,0.2,van,urban,6.66
6.51,11.18,58.5,3.7,97.4,3.1,bike,urban,6.56
2.0,9.86,61.7,8.0,86.4,9.6,bike,suburban,5.25
11.14,4.75,32.1,5.6,55.7,6.9,van,suburban,4.5
12.64,8.0,24.1,7.6,39.3,4.7,van,suburban,5.3
33.9,12.54,64.1,6.2,50.3,9.9,van,urban,7.88
34.31,13.95,75.1,5.7,75.6,3.4,van,suburban,8.83
12.96,4.53,75.4,6.0,43.6,1.8,bike,urban,5.35
2.0,14.23,90.6,4.8,50.4,1.5,van,urban,5.06
25.64,9.36,54.4,5.4,34.6,4.1,truck,county,4.91
22.91,5.71,55.3,5.8,46.1,9.1,truck,suburban,6.63
35.81,9.17,39.3,6.1,60.2,8.1,van,urban,7.03
37.72,8.95,40.9,4.9,66.0,6.6,van,urban,8.2
17.03,5.41,0.0,8.6,84.4,6.2,truck,urban,5.4
46.16,10.65,50.0,6.3,75.4,8.1,van,urban,9.15
18.43,6.68,50.7,3.1,55.9,5.1,van,suburban,4.75
15.34,7.1,58.1,5.5,62.6,9.1,van,urban,5.68
18.6,13.2,56.5,5.6,61.0,6.4,bike,suburban,6.15
32.73,9.52,67.3,4.8,43.8,8.2,van,urban,6.38
5.77,11.38,48.6,1.0,47.5,3.5,truck,county,3.32
31.52,7.48,62.6,6.0,69.6,9.7,van,county,7.43
30.54,9.4,25.2,6.5,60.8,7.6,truck,urban,6.81
15.97,4.56,15.4,6.5,65.6,5.4,van,urban,5.27
26.18,7.61,8.8,10.0,85.9,5.1,van,urban,7.0
14.15,0.2,25.1,4.2,74.7,4.4,bike,county,4.41
38.44,15.06,82.9,2.7,63.1,7.7,bike,suburban,8.39
33.78,5.57,35.9,8.9,69.6,2.2,truck,urban,8.63
16.31,4.99,27.9,6.8,76.3,5.7,bike,urban,5.71
35.27,10.84,55.6,2.5,50.2,4.0,bike,urban,8.22
14.16,7.68,24.5,8.0,76.3,2.6,van,county,5.2
27.14,5.89,85.3,6.8,26.6,6.1,van,county,6.3
25.83,3.12,51.7,7.5,32.1,5.3,bike,urban,5.2
14.51,0.2,47.7,4.2,86.5,2.2,van,county,4.71
28.67,12.72,39.8,5.2,64.5,6.2,bike,urban,6.66
36.4,0.2,49.3,6.2,73.2,6.2,bike,urban,8.49
23.79,11.57,46.3,2.7,35.6,11.0,van,urban,5.14
21.7,6.18,20.1,7.3,81.6,7.0,truck,urban,5.96
10.21,9.44,25.4,6.8,38.7,7.6,van,county,4.02
8.44,9.99,40.8,1.8,53.9,8.8,van,urban,3.41
8.01,5.46,37.8,8.5,68.3,3.8,van,urban,5.48
9.89,7.34,36.6,5.7,62.0,3.5,bike,suburban,3.99
3.26,6.86,71.4,4.0,70.6,6.4,bike,urban,4.1
13.32,12.64,30.5,2.4,63.8,4.9,van,urban,4.84
39.95,11.23,74.1,8.0,66.7,5.0,van,county,9.69
30.44,8.61,40.9,1.0,76.1,11.0,van,urban,5.97
31.72,7.24,78.5,3.0,75.0,9.9,truck,suburban,6.51
23.67,5.95,88.4,8.6,65.5,1.3,truck,urban,7.36
26.16,6.72,34.8,3.8,65.1,11.4,van,suburban,6.0
30.01,4.28,49.2,6.2,83.7,9.3,van,urban,7.32
35.33,6.62,61.0,1.3,57.1,3.3,truck,suburban,6.82
22.32,16.75,27.4,4.8,92.3,6.1,van,urban,6.87
13.03,1.53,22.4,5.8,55.7,3.6,truck,urban,4.42
19.2,8.35,57.4,5.8,34.0,9.9,van,county,5.56
38.46,15.39,63.4,6.5,57.2,5.2,van,urban,8.01
11.64,10.03,93.7,7.3,66.7,5.0,truck,urban,6.52
24.82,6.72,54.1,7.1,63.7,2.4,van,county,6.11
2.0,4.46,23.9,9.3,91.1,0.2,van,county,4.5
32.66,3.59,58.0,4.3,57.6,4.3,van,suburban,6.99
11.04,11.54,36.4,6.8,80.1,10.8,van,urban,5.07
47.59,10.25,45.2,7.4,38.7,7.2,van,county,8.98
35.66,10.85,42.5,5.7,64.8,8.0,bike,urban,8.39
26.56,12.4,94.5,3.7,52.4,3.9,van,suburban,7.6
2.0,5.75,45.4,4.2,66.4,9.1,bike,urban,3.85
31.3,0.31,35.2,1.0,59.7,8.3,van,suburban,5.12
29.5,9.5,11.2,8.8,62.3,6.2,van,suburban,6.35
4.78,12.55,48.7,2.0,71.5,6.6,van,county,3.89
22.43,10.68,59.7,1.0,46.5,7.5,van,urban,5.93
37.26,6.25,53.3,2.0,82.3,4.6,bike,urban,7.56
25.09,7.67,26.8,8.5,48.3,8.6,bike,urban,6.33
26.56,2.06,23.0,8.9,82.2,7.2,truck,urban,7.42
2.0,14.97,58.1,3.7,92.2,5.7,truck,suburban,4.48
18.12,10.57,100.0,7.5,63.1,9.1,bike,urban,6.65
2.0,2.99,79.2,3.8,80.0,4.6,bike,suburban,4.51
33.95,0.2,21.3,8.1,44.2,8.4,van,county,7.17
34.12,21.03,62.5,6.9,54.3,6.4,van,urban,7.99
18.96,17.6,48.4,3.3,52.8,9.1,van,urban,5.53
33.28,3.28,67.9,4.3,89.5,6.1,bike,urban,6.93
19.91,8.19,33.1,6.5,18.6,2.6,bike,urban,6.2
16.54,8.33,68.0,1.8,50.6,0.2,van,urban,5.56
45.04,15.93,26.2,3.5,31.1,10.5,van,county,7.3
2.0,12.07,48.6,9.2,57.9,2.5,van,suburban,4.96
13.51,10.07,41.2,4.0,42.9,4.8,truck,urban,4.77
22.04,5.47,45.6,2.2,42.1,15.1,bike,urban,4.37
11.69,2.07,49.0,5.7,50.3,8.7,truck,urban,3.31
37.37,9.8,66.9,7.8,89.0,6.1,van,suburban,8.77
19.18,6.87,81.4,4.8,59.6,7.1,van,urban,4.2
39.62,17.47,36.7,6.5,45.5,8.4,truck,suburban,7.9
12.13,4.77,65.8,4.4,75.1,8.4,van,suburban,5.0
20.05,0.2,53.7,6.9,26.1,11.8,bike,urban,4.05
24.15,0.4,10.9,5.4,64.5,6.9,van,county,4.94
2.0,4.96,25.4,8.2,78.5,4.8,van,urban,3.61
23.84,4.92,63.3,6.3,64.8,8.3,bike,urban,5.33
14.09,5.57,37.5,9.4,46.3,9.7,van,urban,4.66
7.56,9.43,3.7,4.7,100.0,2.9,truck,urban,4.42
6.37,19.5,55.7,5.2,60.1,1.4,van,suburban,4.93
24.45,6.54,81.5,4.9,57.8,7.3,bike,urban,6.71
36.5,13.06,37.7,3.5,65.4,0.2,van,suburban,8.64
2.0,11.11,42.4,4.8,67.6,9.7,van,urban,4.28
31.37,7.91,79.5,8.7,58.3,3.7,bike,suburban,8.31
27.36,8.88,65.5,7.2,51.0,10.9,van,urban,6.4
32.22,4.18,48.5,7.2,82.1,7.8,van,urban,8.11
24.53,6.67,66.0,7.4,70.2,4.0,truck,urban,6.82
15.29,2.12,38.1,1.3,23.8,0.2,van,urban,3.09
30.44,9.38,83.9,4.8,58.3,7.8,van,suburban,6.48
11.74,8.9,46.0,5.2,64.2,9.5,truck,suburban,4.79
36.88,3.6,64.0,6.9,52.6,7.7,van,suburban,8.18
41.55,5.95,17.7,3.1,61.8,8.0,van,urban,8.05
10.84,0.2,40.7,10.0,87.7,1.6,van,urban,6.02
11.62,7.29,72.6,4.9,54.3,3.3,van,urban,5.16
33.36,5.19,25.2,9.5,70.0,10.1,bike,suburban,7.48
19.19,1.51,54.5,8.3,83.4,0.2,van,urban,7.19
28.02,1.49,53.8,5.8,62.4,7.5,truck,county,5.74
8.07,5.95,63.3,6.9,59.0,9.2,bike,urban,4.33
15.94,11.61,30.5,8.7,57.9,5.5,van,urban,5.71
26.56,2.75,47.1,4.1,66.7,4.6,van,suburban,6.02
17.47,8.34,41.5,4.3,67.3,9.7,van,county,4.18
43.11,4.27,68.4,5.1,75.9,5.2,bike,county,8.23
23.07,0.2,30.2,7.9,57.6,5.8,van,urban,6.27
30.03,6.38,57.5,4.0,66.9,1.6,van,suburban,7.48
5.92,10.48,68.3,7.2,53.0,3.8,van,urban,4.94
5.23,0.79,55.0,7.2,84.8,3.4,van,suburban,4.13
24.37,13.33,62.9,3.7,45.1,4.1,van,urban,6.96
7.88,15.16,50.3,7.9,73.1,6.7,truck,urban,6.88
16.27,7.53,54.8,7.0,55.0,6.3,van,suburban,4.83
28.76,6.97,100.0,8.1,69.4,7.5,van,urban,8.36
11.41,9.29,59.5,9.5,55.7,9.1,van,suburban,6.23
31.5,9.23,36.7,3.9,70.9,7.0,bike,suburban,7.29
30.16,11.97,88.8,9.5,44.4,4.4,bike,suburban,9.58
52.29,21.42,66.3,5.2,74.6,5.2,van,suburban,10.06
11.48,5.65,24.7,9.3,34.4,5.5,truck,county,5.27
22.97,10.7,42.5,5.8,53.2,6.8,van,county,6.33
23.77,9.46,42.3,3.7,42.4,7.0,van,suburban,5.33
6.17,6.67,37.9,4.7,100.0,3.8,van,urban,4.92
2.51,5.25,57.3,2.6,73.2,5.4,bike,urban,2.95
9.53,1.77,69.2,3.2,53.3,8.0,van,county,3.39
18.56,3.52,6.7,7.6,54.5,5.4,van,urban,4.68
40.68,7.31,17.2,2.9,54.4,11.3,van,county,6.12
40.33,0.2,45.2,1.9,31.4,0.8,truck,suburban,6.25
10.66,2.73,47.8,3.1,44.0,6.7,van,suburban,3.38
10.54,8.58,43.4,6.2,63.5,7.7,van,county,4.8
13.49,11.69,68.2,8.5,34.9,7.9,van,urban,5.33
22.31,6.63,28.6,4.9,58.4,4.9,van,suburban,5.66
55.04,13.8,64.4,6.2,45.7,1.6,truck,urban,10.68
22.66,7.09,77.6,1.6,61.0,2.7,bike,urban,6.72
2.08,2.11,53.8,3.1,78.5,6.7,van,suburban,3.19
10.53,10.16,72.3,4.3,63.7,7.0,van,suburban,4.77
10.39,0.64,50.7,9.7,44.9,1.5,truck,urban,4.96
9.9,2.43,24.7,5.5,57.0,11.7,bike,urban,4.53
20.7,8.93,63.8,5.6,85.0,3.9,van,suburban,6.4
24.4,6.9,90.6,8.7,53.5,5.5,truck,urban,7.34
24.52,9.97,51.9,4.9,84.5,5.4,van,urban,6.45
35.94,2.94,67.7,6.8,66.5,3.0,van,urban,8.27
32.28,7.34,78.0,4.9,62.1,7.0,van,urban,8.3
26.21,7.14,45.0,9.5,51.7,5.9,van,county,7.13
2.62,1.91,27.7,7.7,65.4,9.8,van,urban,4.27
6.84,5.76,62.6,4.2,58.0,6.9,truck,urban,3.54
20.63,3.53,20.8,9.9,64.3,0.2,van,county,6.91
27.76,2.87,73.6,2.7,82.2,8.5,truck,county,5.9
17.75,11.97,93.6,4.8,93.7,5.4,bike,suburban,7.24
7.16,11.23,56.9,3.2,50.1,3.3,truck,urban,3.95
43.02,4.33,75.8,7.9,73.5,8.6,van,urban,9.1
11.02,10.3,58.5,5.6,78.1,4.8,truck,urban,6.07
27.23,2.42,58.6,7.6,54.6,1.8,van,urban,6.9
19.92,12.29,61.0,5.1,42.8,6.4,bike,urban,6.08
14.68,10.1,66.4,6.8,77.8,4.3,van,suburban,6.45
11.44,8.02,45.2,8.6,74.2,1.7,van,urban,5.68
19.31,5.23,64.6,4.2,61.7,8.8,van,suburban,5.0
14.07,6.76,52.6,8.0,82.3,8.2,truck,suburban,4.57
7.04,8.46,52.2,6.1,56.0,6.7,van,urban,5.09
17.06,2.28,48.7,5.9,81.0,4.6,bike,urban,5.61
2.0,12.91,43.5,2.3,74.0,1.3,van,suburban,4.65
26.57,8.34,56.2,6.6,69.1,0.8,van,urban,7.53
10.19,1.64,54.6,4.5,53.0,1.8,van,suburban,4.45
28.95,9.46,52.3,3.5,64.0,8.1,bike,urban,8.14
25.21,6.7,60.0,6.1,41.2,4.9,van,suburban,6.03
23.37,3.39,37.3,6.2,58.5,7.0,van,county,6.7
2.0,8.89,46.1,1.7,73.1,1.4,bike,urban,4.52
20.17,9.54,44.4,5.6,77.0,5.6,van,county,6.06
23.96,4.04,61.8,2.2,72.7,3.5,bike,urban,6.47
36.74,12.54,49.8,2.4,72.7,2.9,bike,urban,8.25
27.91,7.48,63.0,4.7,80.6,0.2,truck,county,7.16
21.25,15.41,21.0,3.4,62.3,3.1,van,suburban,5.85
12.16,7.51,21.5,5.5,68.7,7.5,van,urban,4.31
8.03,14.44,51.5,4.0,46.8,7.5,van,county,3.14
27.46,0.2,24.1,3.7,49.8,0.4,truck,suburban,5.57
24.36,6.2,74.5,6.8,58.4,1.9,van,urban,6.78
30.87,14.57,47.1,5.3,82.6,6.8,van,urban,7.77
21.36,0.29,74.2,7.6,34.4,6.1,van,urban,6.71
18.87,10.42,79.6,5.9,35.8,4.2,bike,urban,6.43
21.44,9.53,22.2,10.0,43.4,3.4,van,suburban,6.77
18.91,15.92,59.4,5.8,64.5,10.6,van,suburban,6.58
20.61,4.32,59.3,6.4,40.8,2.5,van,suburban,6.61
34.18,11.24,49.6,6.4,68.2,4.1,bike,urban,8.3
12.95,7.76,54.1,7.8,100.0,5.8,van,suburban,6.33
28.18,6.3,40.3,2.7,45.7,3.2,bike,urban,6.36
23.7,7.42,41.1,5.4,61.3,6.9,bike,suburban,7.38
2.0,5.03,100.0,6.9,42.9,1.8,van,suburban,3.59
47.01,5.28,59.9,4.1,63.1,6.9,van,urban,8.49
20.49,18.06,33.6,5.5,64.2,4.5,truck,urban,6.38
13.59,3.66,95.7,4.0,90.3,6.0,truck,county,5.91
26.96,8.11,45.9,8.5,41.9,6.9,truck,urban,7.14
27.25,11.18,41.4,7.7,66.0,4.5,van,urban,7.05
6.37,8.1,56.9,4.1,35.6,5.9,bike,urban,5.31
13.95,9.25,76.5,5.7,71.4,7.2,van,urban,5.46
6.18,6.6,47.9,6.9,45.9,6.9,van,suburban,3.76
2.0,5.94,51.2,4.1,50.4,6.4,van,urban,3.47
7.72,0.62,32.8,5.5,55.1,3.2,van,suburban,3.71
33.7,0.2,41.5,4.0,70.4,0.2,van,urban,7.56
28.31,9.92,38.3,4.1,24.6,5.6,van,suburban,7.39
25.28,5.84,47.9,4.8,67.1,3.6,bike,county,7.04
11.47,2.47,40.1,1.9,62.6,3.5,truck,urban,4.07
21.62,1.9,73.9,5.4,61.4,5.8,bike,urban,6.5
23.77,11.21,27.6,8.7,54.8,5.1,van,suburban,7.3
18.85,4.76,46.0,2.6,71.1,6.8,van,suburban,4.41
32.7,7.36,51.2,8.9,50.2,6.2,truck,urban,8.37
2.0,8.16,71.8,4.3,64.6,6.5,van,urban,3.97
25.88,1.14,30.6,7.4,56.2,9.2,van,suburban,5.51
17.72,13.91,24.6,5.3,91.5,6.5,van,urban,7.17
26.73,4.53,63.1,6.2,48.8,7.4,truck,suburban,5.7
31.01,13.2,53.8,6.8,79.3,5.2,truck,suburban,7.21
15.73,13.14,64.5,4.7,51.2,0.2,bike,urban,6.3
21.35,0.2,59.3,6.4,57.0,8.6,bike,county,6.17
33.82,3.9,50.7,3.0,39.8,8.5,bike,county,6.47
21.48,8.84,27.6,3.9,67.1,3.0,van,county,5.39
12.86,12.7,9.7,4.6,67.1,8.3,bike,urban,5.43
2.0,17.72,61.6,7.7,62.2,8.0,truck,urban,5.32
10.18,7.09,50.9,6.8,68.5,8.1,van,urban,4.58
4.26,9.01,62.8,2.4,81.8,8.9,van,urban,4.53
7.44,15.08,24.4,7.5,69.0,5.6,truck,urban,5.11
2.0,9.29,28.9,4.3,63.3,7.6,bike,urban,3.64
8.58,9.39,87.0,3.1,70.8,2.2,van,urban,4.58
31.37,5.92,70.0,4.6,62.0,6.6,van,suburban,7.8
27.53,10.02,34.9,2.5,69.8,2.9,truck,county,6.9
23.27,0.2,9.1,5.0,55.2,9.3,van,county,4.08
42.88,6.5,28.2,3.5,75.0,0.7,van,urban,8.5
36.89,9.26,75.6,4.1,45.5,3.5,truck,urban,8.65
11.6,8.96,31.3,3.6,48.7,4.8,van,urban,4.45
5.02,11.49,59.9,3.7,92.7,10.5,van,urban,3.26
21.81,0.2,79.9,2.7,82.0,6.8,truck,urban,5.59
31.02,0.2,56.3,7.6,49.6,2.2,van,urban,7.37
33.37,4.66,28.2,5.9,52.5,0.2,truck,urban,6.36
26.91,5.45,83.5,6.9,65.9,6.2,van,urban,8.55
22.66,11.85,27.9,7.5,27.8,5.8,truck,urban,5.78
43.03,14.63,57.1,7.9,83.6,5.6,truck,suburban,10.17
28.2,9.72,64.7,5.4,35.5,2.6,truck,urban,6.89
39.43,3.61,38.5,7.2,86.9,2.4,truck,suburban,8.13
29.64,15.72,28.7,9.6,100.0,1.4,bike,suburban,9.11
14.67,8.07,63.8,7.3,61.9,7.2,van,urban,7.05
30.29,2.79,32.7,9.0,91.0,9.0,bike,urban,8.16
25.51,8.02,15.7,3.1,79.6,2.9,bike,suburban,7.08
24.94,9.34,32.2,8.3,56.8,7.0,truck,county,6.25
20.82,6.44,51.8,5.9,80.6,5.5,van,urban,7.04
8.06,7.25,29.0,8.7,68.8,5.3,truck,county,4.29
32.45,12.08,62.9,8.1,67.1,11.7,truck,urban,6.99
2.86,5.56,53.3,7.7,69.5,10.6,van,urban,3.62
34.1,11.0,92.5,3.0,91.1,5.9,truck,suburban,7.27
14.42,5.8,64.8,3.8,55.2,5.0,van,urban,4.86
35.75,0.2,74.5,6.1,86.6,3.8,bike,urban,8.89
15.56,0.91,51.8,5.1,49.5,2.1,van,urban,5.65
16.51,5.8,43.1,1.0,31.6,2.7,van,urban,4.32
25.03,2.17,30.7,6.2,15.0,6.3,truck,urban,5.38
25.07,9.84,65.2,8.7,57.0,0.7,van,urban,6.81
8.77,5.4,51.9,5.8,59.6,0.2,van,urban,4.21
28.88,0.2,59.8,4.5,57.8,6.2,truck,urban,6.32
19.95,12.19,40.6,6.3,66.2,6.3,truck,urban,5.5
13.5,1.84,29.6,7.0,30.1,8.2,van,urban,3.94
9.3,9.02,36.2,8.5,54.4,5.3,bike,urban,4.8
32.23,7.13,68.0,2.9,75.9,2.3,van,urban,7.92
35.5,7.18,53.3,9.8,36.1,2.7,van,county,8.42
30.58,0.2,48.4,5.1,70.5,1.9,van,county,6.94
33.0,6.85,34.8,2.2,70.6,7.8,bike,urban,6.26
25.75,9.13,71.9,2.6,77.7,4.6,truck,suburban,5.93
7.28,12.7,47.8,4.6,49.9,8.2,truck,urban,4.1
25.34,7.36,47.8,1.0,51.2,7.9,van,county,5.57
23.61,2.19,46.6,7.7,59.4,4.3,truck,urban,5.65
35.67,15.41,59.9,8.0,77.5,7.0,bike,urban,8.96
22.95,7.89,28.5,4.7,58.3,1.6,van,suburban,5.1
18.17,15.42,55.9,1.0,80.0,0.2,bike,suburban,6.33
33.3,15.0,22.1,5.8,75.7,6.2,bike,county,6.9
41.62,9.12,74.6,4.5,80.9,2.3,van,urban,8.67
35.58,2.53,68.0,2.9,66.9,4.6,truck,suburban,6.77
2.0,2.9,63.5,4.2,86.6,9.9,van,suburban,3.79
34.43,2.1,63.2,7.5,53.5,8.7,van,county,7.45
13.71,5.97,46.4,3.5,65.2,4.3,truck,urban,4.42
28.77,2.0,63.8,4.7,84.9,3.2,truck,county,5.35
17.43,15.16,48.2,7.8,58.9,12.2,van,urban,5.62
18.52,9.88,58.6,2.5,81.8,3.7,truck,urban,6.07
18.11,10.14,27.5,5.6,67.3,2.6,bike,urban,6.09
17.34,16.94,44.0,7.4,81.7,2.5,bike,county,6.06
19.79,18.42,61.0,1.7,43.8,7.6,bike,suburban,5.76
20.05,7.9,41.1,2.3,96.7,8.9,bike,suburban,6.17
18.99,8.91,18.8,7.5,80.1,5.8,van,urban,5.79
17.37,13.72,50.3,4.7,92.9,1.4,van,suburban,6.73
27.9,8.67,52.6,6.6,65.7,5.0,bike,suburban,6.37
11.56,4.93,21.1,5.3,80.8,7.9,van,county,4.33
2.0,3.85,26.2,6.2,83.5,13.6,van,urban,4.34
35.75,15.38,44.9,8.2,78.0,4.5,van,urban,8.95
25.6,7.19,77.2,5.5,66.2,4.2,van,urban,6.78
38.53,12.21,63.8,4.4,40.3,1.9,bike,suburban,7.62
41.4,14.33,50.2,9.4,73.2,0.8,van,urban,9.81
30.71,6.01,33.1,6.3,54.7,7.1,bike,suburban,6.64
3.94,5.44,42.8,5.9,63.0,0.2,van,urban,4.19
22.37,0.25,54.5,2.4,80.0,15.8,van,suburban,4.91
20.28,4.3,60.6,2.9,38.2,10.4,van,urban,3.84
34.07,8.61,51.5,1.0,58.7,4.0,bike,county,5.96
19.66,12.9,74.4,5.5,71.6,4.9,bike,urban,6.59
33.0,7.07,50.6,1.6,42.6,0.2,truck,urban,5.97
39.35,9.53,45.2,1.0,80.2,4.1,bike,suburban,7.19
27.78,7.68,27.1,4.9,60.9,3.9,van,urban,6.93
23.02,9.1,41.1,8.4,82.2,2.5,bike,urban,7.14
36.41,1.54,43.6,3.0,70.6,9.0,van,urban,7.13
12.49,7.42,38.5,2.7,99.8,6.8,van,suburban,4.86
28.71,11.59,68.5,5.0,67.2,15.3,van,urban,7.01
18.44,4.3,61.4,5.6,55.8,7.6,van,suburban,4.8
23.26,6.11,87.4,6.1,68.2,3.6,van,suburban,6.36
31.22,6.37,26.1,4.3,36.2,4.7,bike,county,5.99
9.69,11.32,58.3,5.2,68.1,12.0,truck,urban,4.83
23.88,10.88,65.8,2.0,82.5,0.2,truck,urban,6.48
24.94,7.12,36.3,3.0,89.9,2.1,truck,urban,5.78
32.12,17.54,42.4,2.3,60.2,3.2,truck,suburban,7.49
28.67,5.44,34.7,4.4,59.6,4.6,bike,urban,6.75
19.03,10.0,39.4,4.3,91.5,7.1,truck,urban,6.61
34.22,4.68,39.6,10.0,63.4,8.2,bike,suburban,7.81
16.13,9.14,46.3,6.0,91.9,8.3,van,urban,5.79
2.0,10.19,60.5,5.4,47.5,3.9,van,county,3.73
13.61,0.59,39.1,5.6,84.9,11.5,van,suburban,4.31
20.22,0.42,52.8,7.3,80.2,7.9,van,urban,5.99
18.05,9.18,52.7,1.9,47.5,4.9,van,urban,5.35
38.52,2.15,82.2,8.5,74.8,8.9,truck,suburban,8.49
21.23,7.46,20.7,3.5,69.3,7.8,truck,suburban,3.93
21.2,17.6,52.9,6.4,62.3,2.1,van,urban,6.63
5.1,3.57,65.1,6.6,64.7,7.5,bike,suburban,4.35
33.55,8.67,63.9,7.1,68.1,0.2,van,urban,6.92
19.4,10.26,7.3,6.6,66.7,3.0,bike,suburban,5.3
38.45,9.55,20.1,3.6,61.3,5.7,van,suburban,7.01
8.01,2.98,89.5,5.5,59.7,6.0,van,urban,3.63
38.71,13.58,43.2,7.0,57.1,7.3,van,suburban,7.16
31.63,3.05,21.4,10.0,46.6,3.6,van,urban,6.82
25.1,10.52,44.4,7.2,61.2,8.5,van,suburban,5.87
7.04,7.3,29.7,7.1,79.5,4.6,bike,urban,4.79
8.0,8.27,79.5,8.3,93.5,5.9,van,urban,6.12
19.64,5.37,61.4,2.6,67.9,6.5,van,urban,5.06
29.82,2.0,47.4,6.7,90.9,8.4,van,urban,6.26
6.35,7.98,19.3,8.5,90.1,5.1,van,urban,5.55
17.24,11.29,62.2,3.8,71.0,1.9,bike,urban,6.35
13.75,8.27,42.7,3.3,78.4,9.2,bike,suburban,5.71
19.87,4.41,52.7,6.7,63.2,4.3,van,suburban,6.6
23.18,10.2,67.2,4.3,55.6,2.0,van,urban,6.41
18.33,11.24,55.9,10.0,40.9,8.6,van,suburban,6.58
22.15,7.11,23.1,5.4,84.4,7.8,truck,suburban,5.78
25.9,12.31,33.1,6.9,48.5,0.7,van,urban,7.46
12.23,7.66,28.2,6.5,38.6,3.3,van,urban,5.22
38.91,7.77,49.6,4.4,49.4,3.8,bike,urban,8.1
24.99,4.41,33.9,3.5,69.7,5.2,van,urban,7.0
23.72,2.81,27.8,7.0,32.3,0.2,van,urban,5.79
55.78,0.36,36.5,7.2,59.9,3.7,bike,urban,10.42
4.48,7.04,29.1,6.2,67.1,0.4,bike,urban,4.22
21.64,14.75,11.6,6.4,34.9,6.2,bike,suburban,5.9
54.18,14.88,41.7,4.4,68.0,10.7,van,suburban,9.45
15.91,3.81,48.3,7.1,49.8,3.2,van,urban,5.71
22.56,10.85,19.6,4.6,44.6,4.9,van,suburban,5.48
25.31,8.11,53.8,4.8,55.6,9.4,van,urban,6.52
46.71,4.22,63.9,5.3,73.8,5.8,van,urban,8.07
42.68,7.66,63.3,4.0,45.1,6.7,bike,urban,10.63
35.46,13.15,34.9,5.7,79.2,13.7,van,suburban,6.47
16.7,10.21,59.4,3.0,61.6,4.6,van,suburban,4.51
3.38,8.52,31.2,8.4,53.7,3.1,van,county,3.72
26.99,11.07,45.6,3.2,63.5,2.2,van,urban,6.74
17.68,9.18,13.3,1.0,61.9,8.7,bike,suburban,3.93
5.13,0.57,18.3,8.6,68.8,8.2,bike,suburban,3.34
16.77,3.75,40.9,7.7,31.8,3.8,van,county,4.13
45.85,3.65,32.9,3.2,78.9,4.2,van,urban,8.42
30.27,10.38,47.8,8.4,51.5,5.5,van,urban,7.76
19.72,3.13,55.7,6.6,66.5,3.3,bike,urban,6.37
27.32,0.33,0.4,4.7,44.5,5.6,van,suburban,5.92
20.11,3.0,25.5,4.4,70.4,6.7,van,county,4.88
10.31,4.39,56.7,6.2,42.5,5.7,truck,urban,4.29
8.91,5.48,57.6,4.4,64.5,7.5,truck,urban,4.87
37.33,9.64,9.5,6.6,95.4,12.0,truck,urban,8.09
13.44,7.81,42.0,5.0,52.4,9.2,bike,county,4.93
22.78,0.54,55.6,1.7,49.5,5.5,bike,suburban,3.62
36.25,12.52,38.8,6.9,53.3,9.3,bike,county,8.23
34.83,7.37,50.7,7.8,90.5,10.6,van,urban,9.42
6.38,11.19,35.9,2.5,65.0,1.3,van,suburban,2.31
13.8,11.85,33.2,5.5,76.4,12.6,van,county,5.34
17.73,0.77,34.9,7.0,62.6,5.4,van,urban,5.75
34.06,11.05,26.6,7.5,76.3,8.6,bike,suburban,8.22
13.65,10.73,67.9,5.1,38.1,10.3,van,suburban,3.87
19.42,5.98,44.3,1.6,49.8,1.9,van,suburban,4.82
12.35,0.2,82.1,5.4,75.9,6.7,truck,urban,3.96
23.07,1.03,16.1,5.5,47.4,13.4,van,suburban,5.35
21.38,11.82,49.0,3.7,47.0,5.8,van,suburban,4.53
20.99,12.21,45.0,4.6,47.6,6.1,truck,urban,5.05
25.51,7.88,58.4,2.7,16.6,6.2,van,county,5.49
18.97,5.04,28.6,7.7,65.7,5.3,van,urban,5.89
17.73,4.05,56.2,7.3,54.5,8.1,bike,urban,5.39
28.61,0.2,40.6,6.7,64.9,9.5,van,suburban,5.56
10.76,4.08,72.4,3.5,54.2,2.1,van,urban,4.35
20.37,9.85,77.7,5.9,73.9,3.5,bike,urban,7.15
38.33,12.09,64.2,7.1,58.0,9.4,truck,suburban,8.92
11.82,3.93,62.1,4.7,85.5,5.7,van,urban,5.58
36.58,2.02,75.5,10.0,73.8,6.6,van,county,9.0
37.05,5.39,54.0,8.4,89.4,7.0,truck,suburban,9.14
18.95,6.25,50.9,6.4,83.3,5.5,van,suburban,5.06
28.3,4.58,53.1,3.2,90.7,10.0,truck,county,6.1
19.76,4.92,62.0,5.6,98.0,1.4,bike,suburban,7.63
13.24,3.22,65.3,6.2,38.0,2.5,van,urban,5.11
18.01,9.31,36.0,3.4,57.7,0.5,van,urban,5.4
24.7,3.54,56.6,8.1,61.4,2.9,van,county,6.22
28.68,6.83,43.6,4.4,84.5,0.3,van,urban,8.09
33.36,1.96,49.6,6.6,93.3,2.8,truck,county,7.65
33.88,10.13,54.3,6.3,52.4,7.0,van,urban,7.83
28.85,15.44,53.2,6.9,79.5,6.3,truck,urban,8.43
19.25,4.22,52.2,4.7,70.9,9.5,bike,urban,6.04
16.27,1.14,70.5,7.5,75.3,4.2,van,urban,6.01
28.04,12.66,43.7,5.5,89.8,8.3,bike,urban,7.88
17.6,9.78,60.1,5.5,53.1,2.7,van,suburban,4.78
10.71,8.5,9.7,9.1,54.0,3.9,truck,suburban,3.9
37.51,4.8,29.4,6.4,57.8,3.6,van,urban,8.12
27.47,3.9,53.7,8.7,64.5,0.2,van,urban,7.02
2.0,14.49,37.1,4.8,72.7,6.0,bike,suburban,5.03
18.48,15.8,58.3,3.9,51.1,11.4,van,urban,5.03
21.22,6.19,28.6,9.4,78.3,8.0,van,county,6.03
23.91,10.64,65.0,5.1,56.8,6.0,van,urban,7.29
32.43,9.68,43.6,4.4,71.3,5.8,van,suburban,6.55
18.02,2.61,44.9,3.5,81.1,7.0,bike,suburban,6.48
14.31,13.71,66.0,3.3,28.3,13.2,van,urban,5.11
24.26,3.58,42.9,7.8,55.1,0.2,van,suburban,5.37
2.68,8.47,62.4,2.9,88.5,4.2,van,urban,5.13
14.39,11.56,65.0,4.4,63.4,5.4,truck,urban,6.19
37.56,8.11,40.1,7.0,59.2,3.9,van,county,8.48
22.2,6.93,64.3,9.0,46.7,3.0,van,urban,7.14
36.53,16.29,29.1,7.1,56.3,6.6,van,suburban,7.97
8.11,3.71,8.7,7.9,36.1,6.4,van,urban,3.98
32.44,4.46,66.2,7.0,27.1,8.9,van,county,6.61
12.35,3.91,10.9,6.2,87.3,2.8,bike,suburban,5.24
37.05,14.46,80.8,10.0,39.3,5.9,van,urban,8.9
30.05,4.05,59.3,2.7,79.2,4.5,van,urban,6.57
10.06,6.9,42.8,5.4,71.4,8.9,truck,urban,4.23
19.83,9.94,17.9,3.9,72.7,0.2,van,urban,6.11
32.21,3.46,80.3,5.0,69.3,4.2,truck,urban,7.46
17.36,5.24,48.5,8.7,57.1,4.3,van,suburban,6.29
32.05,5.12,41.4,3.7,78.7,10.9,bike,county,5.68
9.65,7.58,37.7,4.5,65.1,7.0,van,urban,4.66
27.82,7.5,52.4,2.9,66.1,6.4,truck,county,5.24
28.06,10.62,46.9,8.0,76.7,2.9,van,suburban,7.13
37.8,18.02,34.8,4.2,62.2,8.7,bike,suburban,8.04
19.68,12.12,20.3,4.7,76.6,5.7,bike,suburban,6.1
39.74,6.72,26.8,4.5,75.3,10.8,van,urban,7.73
2.72,2.48,16.0,2.8,56.1,6.1,bike,county,2.2
9.79,13.22,92.1,6.4,64.3,9.7,bike,urban,5.73
2.0,1.94,31.0,3.5,48.5,7.2,van,urban,2.17
29.07,13.38,67.7,2.2,85.3,5.2,bike,urban,7.02
26.49,5.08,46.1,7.0,84.8,7.1,bike,urban,7.06
7.75,7.61,44.3,5.7,64.9,11.3,bike,urban,4.4
41.66,4.28,0.0,1.0,62.4,6.5,bike,urban,6.31
31.56,9.64,62.5,6.0,54.7,7.4,van,county,7.48
4.09,7.51,29.0,8.9,34.7,9.3,van,urban,4.44
27.95,0.2,62.6,4.2,61.6,6.3,truck,urban,5.75
30.67,3.86,52.0,6.3,74.2,2.3,van,urban,7.12
26.01,5.79,89.9,6.0,71.7,5.2,bike,county,6.74
20.92,0.2,47.8,7.8,64.4,8.8,van,suburban,5.77
2.0,12.72,11.2,5.3,82.5,8.5,truck,urban,3.68
2.0,9.56,27.3,6.9,62.3,4.7,bike,suburban,4.17
42.19,8.29,31.2,10.0,62.0,4.2,van,suburban,8.89
6.83,1.64,85.5,6.5,72.5,5.1,van,urban,5.08
13.28,10.13,71.9,4.5,87.3,4.0,bike,urban,6.89
11.66,10.87,31.9,6.4,52.4,3.5,bike,urban,5.32
25.63,8.28,33.9,3.8,62.3,3.3,van,county,7.2
27.51,6.27,62.3,5.9,66.3,3.4,van,urban,6.52
23.4,5.74,58.8,5.1,61.4,0.2,van,urban,6.76
22.53,6.05,82.7,5.0,68.0,7.7,bike,county,6.63
8.52,14.56,73.7,5.3,40.9,12.6,van,suburban,3.95
33.33,2.18,51.3,6.6,97.0,7.5,van,suburban,7.59
43.37,15.36,11.0,3.2,37.8,3.8,truck,suburban,7.38
8.67,13.85,37.5,1.2,77.9,9.1,bike,suburban,3.18
11.6,3.29,56.6,1.3,61.6,7.7,bike,suburban,3.66
29.47,8.68,35.5,6.2,93.8,9.2,truck,county,8.24
49.0,14.88,65.6,7.5,83.4,8.8,van,county,10.72
2.0,20.47,40.0,9.5,87.7,4.5,van,urban,4.79
32.82,8.86,49.7,7.5,36.1,0.2,truck,county,7.04
50.19,9.45,25.0,1.9,72.9,9.3,bike,suburban,7.68
29.86,6.63,35.4,6.1,63.2,8.1,van,urban,6.71
20.84,6.49,41.6,4.8,47.7,0.2,truck,urban,6.3
2.0,13.12,88.5,8.6,49.9,4.4,bike,urban,6.2
24.38,0.2,55.6,5.2,36.6,5.9,van,suburban,5.35
42.32,5.1,75.8,2.9,63.1,3.5,bike,urban,8.36
19.13,6.41,48.5,3.8,56.9,1.7,van,suburban,5.63
32.69,9.56,78.3,5.1,53.4,6.6,van,suburban,6.37
36.38,5.32,71.4,8.3,87.5,6.2,van,urban,7.71
52.99,5.95,18.1,3.8,64.3,2.6,van,suburban,7.98
2.0,8.81,77.3,6.3,61.7,2.8,van,suburban,4.19
28.64,9.14,54.1,5.5,75.1,4.8,van,urban,6.66
40.5,16.0,43.2,2.3,57.0,1.0,van,urban,8.59
21.85,7.41,47.3,1.8,31.0,9.0,bike,urban,5.0
11.89,9.7,47.7,9.1,46.6,0.2,bike,urban,6.56
23.86,10.32,57.1,3.2,87.6,4.6,van,county,5.96
21.68,4.61,14.3,2.7,89.9,0.2,van,county,5.26
9.8,11.48,63.3,1.0,63.1,6.6,van,county,4.21
38.53,3.68,20.7,5.4,74.7,1.4,van,urban,8.2
40.1,2.75,34.0,6.1,37.0,0.2,van,urban,8.19
27.06,22.56,53.6,3.0,75.9,1.9,bike,suburban,8.4
32.68,14.69,55.9,4.6,68.7,0.2,bike,county,7.52
17.84,9.96,67.4,4.8,69.8,2.3,van,county,5.83
2.0,3.2,64.3,8.4,90.4,1.6,van,urban,4.81
37.91,2.69,32.8,6.3,90.1,6.8,bike,county,6.98
30.73,5.0,70.9,3.6,66.0,5.3,van,urban,7.14
11.81,5.46,77.1,4.7,74.6,8.7,bike,suburban,5.4
21.66,8.94,58.6,10.0,73.3,10.2,van,county,6.32
23.02,9.53,24.6,3.9,58.6,7.7,bike,urban,5.74
16.98,0.66,53.7,3.6,39.5,4.9,bike,urban,5.83
51.72,10.35,53.1,8.0,33.1,6.3,truck,urban,9.31
28.22,9.47,52.7,4.2,72.8,2.8,van,urban,7.26
26.57,4.04,80.0,7.5,67.1,4.5,van,county,7.01
23.27,14.86,62.8,6.2,50.4,0.3,van,suburban,7.28
18.38,1.64,61.4,5.2,41.0,4.3,truck,urban,6.45
33.72,7.86,52.6,6.5,78.0,1.8,van,urban,7.43
32.15,5.31,57.7,2.8,59.5,6.2,van,urban,6.66
25.08,6.38,52.5,9.5,61.0,1.6,van,urban,7.1
4.28,13.06,71.7,3.3,92.3,4.9,van,urban,4.18
6.47,10.93,39.8,5.0,57.2,7.3,bike,urban,3.89
23.95,5.19,38.8,4.6,75.2,4.2,truck,county,5.16
15.95,2.02,19.7,7.5,100.0,5.0,truck,suburban,5.74
13.39,0.2,41.8,2.9,52.7,9.2,van,suburban,3.98
16.26,10.27,48.4,6.2,79.7,5.3,bike,urban,5.5
44.76,8.48,48.3,9.8,79.6,3.9,bike,suburban,9.69
27.94,10.22,56.2,9.1,44.5,7.6,van,urban,7.3
27.62,8.12,86.2,8.1,68.6,6.7,van,suburban,7.77
23.94,8.03,59.2,6.1,66.4,3.9,bike,urban,6.92
29.66,0.39,35.1,4.1,52.0,2.6,bike,urban,6.8
30.52,11.6,24.1,4.8,68.8,7.2,truck,urban,6.17
21.09,9.18,46.6,7.3,64.7,4.5,bike,urban,7.22
28.53,3.15,37.6,7.4,86.8,0.9,van,suburban,7.07
6.41,9.99,62.1,4.6,66.5,3.4,bike,urban,5.07
41.04,20.08,49.7,7.7,68.9,3.7,van,urban,9.09
21.9,6.79,10.8,7.6,72.5,6.8,van,urban,6.94
24.5,3.88,62.4,4.4,63.4,4.1,truck,urban,6.37
17.84,5.06,56.1,4.1,70.7,2.7,van,suburban,5.27
13.15,4.75,50.9,8.2,84.8,4.5,bike,urban,7.26
36.51,12.03,19.4,6.9,57.1,2.4,van,urban,7.37
16.48,3.12,64.4,7.9,51.8,6.5,bike,suburban,5.17
22.05,6.33,22.6,5.9,83.3,4.9,van,urban,5.34
22.36,12.45,85.6,5.6,72.0,10.2,bike,urban,6.65
23.81,14.1,40.3,4.4,88.2,4.3,van,urban,7.91
30.08,13.42,54.7,7.4,35.2,6.5,van,suburban,6.71
22.75,7.28,51.1,5.5,47.2,1.8,truck,urban,5.1
25.27,9.97,43.5,4.3,95.7,1.7,van,urban,6.75
21.09,10.39,5.1,7.1,83.2,3.1,bike,urban,6.99
28.52,11.83,48.1,4.7,47.4,0.6,bike,suburban,7.41
20.77,8.83,37.2,8.3,88.0,3.5,van,urban,6.54
21.36,12.18,21.6,6.4,63.2,5.6,bike,suburban,7.37
28.1,10.74,46.2,3.3,66.7,5.3,bike,urban,6.18
20.63,0.73,46.0,3.3,60.5,0.2,van,urban,4.24
30.88,6.19,13.8,6.6,69.3,4.3,van,suburban,6.8
22.59,6.12,65.7,5.6,37.7,4.6,van,suburban,6.95
9.43,12.73,42.1,6.1,70.2,7.6,van,urban,5.4
17.97,11.91,60.4,7.4,56.0,0.2,van,urban,6.59
13.29,2.8,46.5,3.8,29.7,6.0,truck,urban,3.73
22.74,5.63,19.3,2.3,15.3,5.6,van,suburban,5.07
18.98,4.98,39.5,9.0,56.1,5.9,truck,urban,6.37
2.0,4.94,60.2,2.2,41.8,4.3,bike,suburban,2.57
2.0,10.42,63.0,5.2,81.3,5.0,van,urban,5.32
2.0,2.71,35.7,7.1,32.9,6.7,van,urban,2.85
34.71,3.01,42.3,7.0,65.7,5.1,van,suburban,7.46
19.03,0.2,44.1,9.9,70.4,2.3,van,urban,6.7
12.8,2.98,55.4,3.9,59.8,5.8,bike,suburban,3.82
12.52,10.76,26.3,7.2,51.4,5.7,van,county,4.6
9.39,13.69,55.5,4.3,80.1,3.3,van,suburban,4.45
16.67,12.18,62.2,4.9,65.8,0.2,truck,county,5.7
21.17,4.82,13.0,2.7,66.4,8.8,van,urban,4.73
15.13,11.52,29.6,1.7,50.6,5.2,truck,urban,5.26
22.96,6.9,67.1,4.6,55.6,4.8,bike,suburban,5.86
55.87,9.21,73.5,3.7,43.6,6.1,bike,county,8.73
26.71,2.23,62.6,4.6,83.1,3.7,bike,suburban,7.09
32.81,0.92,66.5,4.2,35.7,6.2,van,suburban,6.29
11.93,8.72,56.1,8.9,77.2,5.3,van,county,5.49
18.55,8.05,30.6,9.7,71.5,2.5,van,urban,6.04
19.01,0.4,19.6,8.7,60.5,3.3,van,urban,6.32
4.54,10.83,36.6,5.4,50.8,7.7,van,suburban,4.05
9.71,3.93,33.7,4.4,58.6,6.5,van,urban,3.87
10.53,1.58,57.4,3.0,96.8,5.1,truck,urban,4.51
30.85,7.55,36.0,4.5,38.5,5.8,bike,urban,6.73
22.22,6.85,62.9,3.2,60.8,4.7,van,urban,6.27
33.7,0.64,48.1,6.9,72.2,7.2,bike,urban,7.88
18.65,6.99,80.7,6.9,72.6,9.9,truck,county,4.87
26.82,7.82,66.1,4.5,70.4,6.9,truck,county,6.53
21.36,5.03,31.5,3.7,58.0,12.1,truck,urban,6.13
20.25,9.97,4.4,6.8,80.5,6.0,van,urban,6.42
39.22,7.04,63.8,5.2,60.9,5.8,van,urban,7.18
18.5,4.41,33.8,7.1,65.0,7.9,van,county,4.95
37.09,0.2,71.2,9.0,39.7,3.6,van,urban,6.3
23.16,3.34,32.8,8.8,43.4,6.9,bike,urban,6.32
2.83,6.25,77.5,6.6,67.1,4.5,truck,suburban,4.72
26.1,14.86,33.8,6.3,46.6,9.2,truck,urban,5.31
22.5,11.6,47.4,3.4,73.6,9.9,van,urban,6.26
33.57,12.88,28.7,7.7,83.9,9.3,bike,suburban,8.67
15.08,9.04,64.1,1.3,56.8,0.8,van,county,4.28
28.48,5.13,35.3,4.0,44.1,6.4,bike,urban,6.24
16.44,3.09,13.9,5.7,44.5,6.6,van,urban,5.21
22.07,17.9,41.6,3.6,68.2,3.7,van,suburban,6.54
25.32,14.97,47.9,2.9,94.0,0.2,truck,urban,8.01
25.39,10.75,43.5,6.2,67.2,3.4,van,urban,8.13
20.26,0.2,88.3,7.9,72.1,10.6,bike,county,6.02
38.37,8.15,42.5,8.6,64.8,3.3,truck,urban,8.16
24.17,9.4,49.5,3.8,85.6,6.8,van,urban,6.53
22.4,7.37,18.7,3.9,49.9,0.5,truck,suburban,4.46
26.68,13.1,52.3,9.0,89.2,6.6,bike,suburban,8.44
19.08,2.03,8.4,3.2,70.8,1.6,van,suburban,5.05
5.99,0.38,61.9,5.3,86.6,0.9,truck,county,4.7
15.09,5.55,36.9,6.1,67.4,2.8,bike,urban,5.01
17.62,12.91,8.6,1.5,59.7,5.1,van,suburban,4.75
18.71,9.62,52.0,6.0,55.6,9.3,van,urban,5.46
37.71,13.39,61.3,7.3,86.1,10.8,bike,suburban,8.26
5.49,14.34,60.2,9.6,57.4,7.3,bike,suburban,6.15
18.13,3.48,16.1,7.7,41.0,5.2,van,urban,5.71
18.12,14.82,39.9,5.1,61.6,2.7,van,urban,5.93
35.98,7.04,43.8,5.0,38.9,8.0,van,urban,6.39
34.63,3.11,74.5,8.0,64.2,9.0,van,urban,7.09
12.17,3.9,46.4,6.7,58.7,7.2,van,urban,5.11
25.33,11.04,42.1,8.3,50.1,5.4,bike,urban,6.32
2.21,8.37,36.4,10.0,58.2,5.2,bike,urban,4.83
13.41,7.95,61.0,6.2,36.9,5.2,van,urban,5.64
25.18,4.8,66.7,6.8,92.2,5.2,van,urban,7.03
36.6,12.77,56.9,6.5,57.7,2.6,truck,urban,8.4
14.46,5.04,34.2,1.0,74.1,7.3,van,urban,4.27
30.47,12.04,15.1,1.0,68.1,2.0,van,suburban,6.79
19.0,4.17,27.3,8.6,56.4,3.4,van,urban,5.12
2.0,14.2,57.1,9.6,33.0,5.0,bike,urban,4.46
19.97,13.27,32.7,4.3,86.4,7.2,truck,suburban,5.55
36.27,10.46,44.0,4.4,75.1,4.7,bike,suburban,7.53
11.71,4.47,46.2,2.4,44.5,0.2,van,county,3.66
43.01,5.12,27.5,4.2,40.0,5.0,van,urban,7.12
23.18,11.64,69.8,8.4,42.2,1.1,truck,suburban,6.71
33.49,10.21,25.6,6.3,66.0,7.4,bike,urban,8.04
28.35,9.53,30.7,1.0,60.7,6.9,van,urban,6.07
17.43,7.25,76.7,5.2,72.2,2.3,van,urban,6.24
3.95,13.18,77.3,6.3,55.6,4.8,van,county,4.6
3.71,4.69,55.7,3.5,98.3,4.8,truck,urban,5.26
11.62,7.83,45.9,6.9,53.2,7.2,van,county,5.4
29.24,11.27,58.5,7.2,58.8,4.2,van,suburban,7.09
25.61,3.32,37.8,1.5,76.3,5.2,truck,urban,4.19
18.32,10.6,33.0,4.1,71.6,3.5,bike,suburban,6.96
17.62,2.22,44.7,8.5,88.5,5.0,van,urban,6.76
34.45,16.47,64.9,6.3,39.7,7.2,truck,urban,8.71
2.05,13.66,47.0,8.3,46.3,11.9,bike,urban,3.51
23.51,11.22,59.9,4.3,53.8,1.4,van,suburban,6.08
19.59,2.89,53.0,3.4,94.3,6.0,bike,urban,4.75
31.31,9.43,26.9,6.7,100.0,7.1,van,county,6.84
22.06,10.4,66.4,4.8,80.7,9.3,truck,urban,6.85
30.36,1.34,36.5,7.1,68.5,2.5,bike,urban,6.35
11.37,0.2,47.1,5.3,66.1,0.2,bike,county,5.31
23.67,8.27,63.8,4.1,63.3,4.7,van,suburban,5.56
10.46,4.04,36.5,4.2,39.9,7.1,bike,county,2.42
19.03,15.26,19.6,2.3,56.3,4.2,bike,urban,6.07
20.12,9.97,57.2,3.1,79.1,4.8,bike,urban,6.87
24.02,4.04,19.3,3.4,75.1,7.0,van,urban,5.8
16.4,10.89,12.8,4.7,53.8,0.2,truck,suburban,4.71
13.47,13.6,62.9,3.0,54.0,10.1,bike,suburban,4.43
20.85,16.66,59.7,4.7,61.5,8.6,truck,suburban,6.4
16.47,8.32,65.2,1.7,39.2,7.3,bike,urban,4.3
38.01,11.75,57.3,7.9,47.2,10.2,truck,suburban,8.2
35.97,0.2,40.8,6.0,53.6,7.4,van,urban,6.05
36.13,7.66,83.0,5.4,45.5,8.4,van,suburban,7.82
7.66,0.2,56.0,7.0,42.0,9.1,truck,urban,3.39
4.21,6.69,55.5,7.0,78.9,8.7,truck,urban,5.61
8.54,5.28,56.9,2.9,59.6,6.4,bike,county,4.42
31.39,9.61,51.0,3.7,40.9,6.5,truck,urban,6.44
37.37,10.58,75.8,2.4,47.0,4.6,van,urban,7.69
21.33,5.76,26.6,6.2,58.3,6.9,truck,urban,5.82
11.52,4.74,59.3,9.9,54.2,9.1,van,county,4.93
17.51,0.2,54.1,4.7,44.6,8.7,truck,urban,4.88
24.06,0.2,41.4,6.0,48.1,8.5,van,urban,5.93
3.21,12.64,39.2,7.3,52.8,9.4,van,urban,5.03
17.9,5.5,56.5,2.3,52.6,1.3,bike,county,5.43
10.32,6.88,36.7,4.1,60.5,4.5,van,urban,5.54
28.36,5.62,73.3,4.2,54.2,5.1,van,suburban,6.93
28.8,16.12,43.6,6.6,68.0,5.7,van,urban,7.02
9.43,13.32,63.0,2.6,49.2,9.4,van,urban,3.69
20.95,8.75,44.6,7.9,59.9,2.1,van,suburban,6.37
34.22,15.97,35.5,7.0,54.2,3.6,van,urban,7.37
15.33,5.29,55.8,6.5,61.8,6.8,truck,urban,5.94
16.21,6.7,63.0,2.3,36.6,6.8,van,urban,4.76
34.51,15.03,13.4,5.8,57.4,9.1,van,urban,7.9
38.11,3.3,32.7,4.9,53.0,1.5,van,urban,6.49
22.95,11.65,64.2,5.0,59.6,7.8,truck,suburban,6.3
30.42,12.23,50.4,10.0,50.5,5.7,truck,county,7.29
31.94,14.25,36.5,2.5,62.6,6.0,truck,urban,6.67
44.4,1.96,30.2,4.3,64.5,6.7,van,suburban,7.03
23.71,13.25,26.6,3.8,70.4,6.6,truck,suburban,5.95
23.72,17.97,61.6,5.2,83.6,4.4,bike,suburban,7.86
20.2,9.81,61.8,5.4,68.5,5.9,van,urban,6.16
22.13,4.2,66.8,7.0,51.2,4.4,truck,suburban,5.65
31.46,6.7,48.1,5.6,63.7,7.3,truck,urban,7.87
21.29,21.03,66.4,5.0,42.8,2.4,bike,urban,7.03
12.86,3.92,67.3,6.8,46.0,6.4,bike,suburban,5.15
20.4,2.35,38.7,8.4,54.9,4.9,bike,suburban,5.7
14.27,6.56,74.7,2.3,75.1,6.7,van,urban,5.3
31.04,4.41,42.9,1.9,35.1,10.3,truck,suburban,4.56
16.34,3.56,81.1,5.8,72.9,9.0,van,urban,5.64
15.89,5.83,64.2,5.3,50.7,0.2,truck,suburban,6.29
25.6,13.66,78.2,4.8,38.8,6.4,bike,urban,7.52
28.83,7.01,30.3,5.3,58.0,4.0,van,suburban,7.29
22.81,4.18,41.9,6.6,100.0,7.2,van,county,5.39
24.65,10.23,39.2,6.2,81.2,10.6,van,suburban,6.69
45.05,11.24,74.0,2.1,80.5,7.7,van,urban,8.03
24.28,9.87,46.2,6.9,85.9,11.9,van,urban,6.74
38.56,7.48,61.1,5.6,98.4,2.5,bike,suburban,9.03
22.32,14.77,50.9,6.4,43.2,4.4,van,urban,6.82
8.73,3.06,50.4,1.8,60.4,5.5,truck,urban,3.87
10.5,4.61,61.2,4.3,53.1,3.3,van,suburban,4.21
20.38,0.53,59.1,5.6,58.1,6.4,van,suburban,4.55
13.44,10.88,25.3,5.4,70.2,7.6,truck,suburban,4.33
4.59,7.63,55.2,8.2,81.9,7.1,van,urban,5.14
12.28,14.07,65.0,5.9,100.0,4.7,van,urban,6.13
37.87,9.93,62.8,3.9,41.1,9.9,bike,urban,8.34
28.58,4.85,74.9,6.3,79.5,8.2,van,suburban,7.29
7.94,5.02,41.9,7.1,48.6,10.9,truck,urban,4.12
34.35,4.77,48.8,6.9,53.9,5.2,van,suburban,7.0
5.78,11.56,56.3,1.7,63.8,11.6,van,suburban,3.57
36.56,6.9,86.5,6.9,86.3,0.9,van,urban,8.78
30.55,2.92,69.5,8.5,93.5,1.3,bike,urban,7.68
2.0,3.63,68.5,6.4,87.3,7.9,bike,suburban,4.55
32.01,0.2,30.3,6.5,62.8,0.2,van,urban,6.17
9.69,6.45,37.5,4.5,44.6,5.2,bike,suburban,4.56
38.03,9.09,31.9,6.1,83.9,10.9,truck,urban,6.91
44.86,8.71,73.4,7.5,68.0,2.5,bike,suburban,10.17
19.44,17.39,64.2,5.2,61.9,1.6,bike,suburban,7.16
26.28,13.73,80.8,4.1,60.2,9.0,bike,suburban,6.23
40.96,8.19,59.4,2.8,43.6,8.3,truck,urban,7.84
9.74,5.16,37.2,5.0,73.0,4.5,bike,urban,4.64
19.37,7.41,36.9,4.9,94.1,7.5,truck,urban,5.78
7.87,3.43,32.3,4.6,37.0,13.3,bike,urban,3.71
15.18,12.23,77.0,3.2,41.2,0.6,van,county,4.72
23.33,5.83,44.7,7.7,71.8,3.1,van,county,6.35
27.31,8.49,60.6,5.3,79.8,5.5,bike,urban,8.17
24.76,7.62,36.9,3.6,62.1,6.8,bike,urban,6.31
31.22,8.09,19.7,5.6,75.9,5.0,bike,urban,7.19
13.81,8.72,0.0,6.3,51.3,3.0,bike,suburban,4.67
25.08,13.77,45.7,7.5,79.3,6.4,van,county,7.6
31.29,9.53,64.7,7.0,65.9,5.7,van,urban,7.15
18.09,5.56,50.3,3.9,81.1,9.3,truck,urban,5.3
29.81,10.66,49.0,3.6,73.8,4.5,van,urban,7.83
28.05,11.09,33.3,4.6,51.4,3.4,van,urban,6.21
45.13,8.24,41.5,7.6,43.4,4.2,van,suburban,8.99
28.81,2.48,80.8,8.0,54.3,8.6,truck,county,6.15
2.0,8.96,57.7,5.9,78.7,6.2,van,urban,5.39
25.71,5.36,68.5,8.3,77.6,3.8,van,urban,7.08
17.37,7.09,59.4,1.0,48.3,9.1,van,suburban,4.26
20.24,10.71,40.9,4.0,42.6,3.8,bike,urban,6.48
40.78,12.26,59.3,1.1,68.3,1.4,truck,urban,7.12
13.39,11.05,41.9,3.4,72.2,6.2,van,county,5.1
28.68,10.92,59.0,6.2,58.6,9.7,truck,urban,7.48
25.38,10.41,53.9,6.9,55.5,7.2,bike,suburban,6.58
52.0,10.0,74.7,6.6,88.0,4.1,van,urban,10.61
28.06,6.23,32.5,4.7,44.0,2.7,bike,suburban,6.0
6.66,0.87,44.6,5.1,42.8,5.8,truck,county,3.9
21.43,6.84,44.2,6.6,70.2,3.7,van,urban,6.58
8.74,4.91,75.2,9.0,66.3,5.4,truck,urban,5.01
4.18,6.86,74.5,1.0,55.3,11.7,bike,urban,3.84
2.0,13.16,26.6,10.0,97.5,8.0,bike,urban,4.9
35.98,11.95,77.1,2.3,70.7,5.6,van,suburban,8.58
24.22,7.48,36.4,6.1,92.3,7.5,truck,urban,6.69
32.52,13.63,46.0,6.2,71.2,8.2,bike,urban,7.49
44.68,0.2,52.7,5.2,69.0,11.2,bike,suburban,8.36
2.0,7.85,55.1,7.4,86.6,7.1,van,urban,4.84
10.77,2.26,47.7,5.1,73.1,7.7,van,urban,4.8
35.18,14.26,29.0,4.3,30.1,5.8,bike,county,7.42
27.26,14.75,43.5,4.7,83.3,4.9,truck,suburban,6.44
37.53,10.91,68.3,7.6,85.4,2.6,van,suburban,9.0
21.7,5.43,34.5,7.9,31.6,6.5,van,urban,5.57
7.51,5.01,50.3,5.5,54.7,11.8,van,urban,4.52
26.74,1.95,30.8,5.1,51.1,5.2,van,urban,5.74
5.93,7.38,79.9,6.2,39.6,7.4,bike,urban,4.44
28.54,0.2,44.7,4.5,66.0,8.2,van,county,4.76
28.45,0.2,54.8,1.0,90.4,3.6,bike,urban,5.38
28.43,11.93,49.0,3.2,70.7,6.0,van,suburban,6.31
32.66,10.86,16.5,5.3,52.0,0.8,van,county,7.81
26.31,8.41,29.6,5.8,58.2,5.8,van,urban,7.46
7.87,17.19,57.0,6.0,49.4,3.4,van,urban,5.76
26.63,9.74,50.7,9.9,63.2,2.6,truck,suburban,7.82
23.67,12.51,38.5,7.5,52.4,5.5,truck,urban,6.53
13.77,6.09,71.1,8.3,77.2,3.9,van,urban,6.29
18.65,7.27,7.2,4.4,63.4,4.2,truck,county,4.71
35.0,5.64,26.0,8.2,52.1,2.8,bike,suburban,7.45
19.65,3.82,62.1,6.4,15.9,7.2,van,suburban,5.47
35.18,6.21,61.6,6.8,39.4,10.2,truck,urban,6.65
28.26,1.28,68.4,1.9,80.0,10.2,van,suburban,5.66
21.85,11.84,55.2,3.2,68.3,4.1,van,urban,6.62
38.11,6.52,60.1,6.4,60.4,5.5,van,county,7.61
36.53,9.33,38.2,2.9,61.0,1.2,van,suburban,5.9
39.66,12.01,49.2,7.6,53.3,7.9,bike,county,8.29
42.15,11.18,14.3,7.5,88.0,5.5,van,suburban,9.04
15.03,4.98,37.5,7.2,66.4,10.0,bike,urban,5.65
21.49,8.39,43.4,7.5,60.5,2.9,van,suburban,6.4
18.02,4.78,16.4,4.3,32.6,0.2,bike,urban,5.64
10.22,12.06,42.6,9.3,80.2,3.8,van,urban,5.78
30.26,0.2,49.4,6.5,87.4,2.6,bike,urban,6.64
33.63,7.81,2.2,9.5,33.6,11.9,van,county,6.55
15.37,7.13,54.8,3.5,85.4,8.3,van,urban,5.73
10.54,22.68,49.2,2.1,50.8,7.2,truck,suburban,3.75
16.52,6.13,41.1,3.9,57.1,4.5,van,suburban,4.8
10.43,16.18,13.9,7.6,55.3,2.2,van,urban,4.75
28.71,5.26,15.2,10.0,70.6,6.0,van,suburban,7.79
19.73,0.68,66.3,2.3,72.8,10.4,van,urban,5.02
22.79,6.24,24.2,4.2,78.0,3.7,van,county,5.43
37.14,2.79,16.9,7.9,100.0,5.0,bike,suburban,8.54
15.95,6.46,17.3,5.0,49.7,9.3,truck,urban,5.65
6.63,11.27,49.0,6.9,66.9,4.4,van,urban,4.51
27.79,6.16,29.4,5.4,86.3,0.8,van,suburban,5.35
14.25,0.2,62.0,1.7,15.5,6.2,van,suburban,3.27
22.45,7.1,48.9,5.3,72.7,6.4,truck,county,5.7
9.54,10.35,70.1,3.8,75.3,6.0,truck,county,5.66
46.43,4.07,66.6,4.8,54.7,3.3,van,urban,9.21
2.61,8.41,25.4,4.7,64.7,3.5,van,suburban,3.68
50.58,5.39,45.9,1.9,36.4,4.1,van,suburban,8.27
32.12,1.49,37.7,5.3,15.0,2.5,truck,urban,5.68
15.87,9.82,57.3,6.2,57.5,7.2,van,urban,5.92
21.43,11.63,42.6,6.7,46.1,2.3,bike,urban,6.27
13.38,7.42,30.1,8.6,62.9,12.3,van,suburban,5.01
27.71,14.79,93.5,7.6,60.7,10.7,bike,urban,6.87
16.21,11.51,48.2,6.6,40.8,3.3,truck,suburban,6.56
2.6,14.19,53.7,6.8,53.9,0.2,bike,urban,5.71
31.46,5.5,45.1,5.6,28.3,5.0,bike,suburban,6.49
13.5,20.13,18.5,4.4,60.2,0.2,bike,county,5.64
2.0,12.72,12.1,6.4,82.0,9.8,truck,urban,4.33
31.43,4.65,43.8,3.8,85.3,10.8,van,urban,6.79
21.79,11.07,21.1,9.3,67.2,4.0,truck,urban,6.04
31.01,3.51,54.0,5.5,36.0,4.3,van,urban,8.0
20.55,7.22,61.5,3.3,48.2,8.3,van,urban,5.73
22.39,3.62,73.2,6.6,46.2,5.3,bike,urban,6.2
12.43,7.99,20.8,8.5,67.7,4.7,van,county,6.27
22.59,11.41,63.1,7.3,50.9,8.2,bike,county,7.56
14.95,1.01,65.7,5.8,57.7,3.8,van,suburban,5.44
13.18,0.67,38.8,4.8,77.9,2.2,bike,suburban,5.61
24.56,3.39,47.2,7.6,53.8,11.5,van,urban,6.59
2.0,11.37,26.8,3.8,94.1,0.2,truck,suburban,4.38
15.42,5.74,42.1,4.2,94.1,6.8,van,urban,4.4
51.06,5.57,32.6,4.4,81.1,4.8,van,urban,9.23
31.84,8.01,61.6,8.5,68.0,3.1,truck,urban,7.33
21.54,12.34,83.5,5.1,57.0,1.1,truck,urban,6.61
21.6,8.26,45.9,3.9,68.6,1.2,van,suburban,6.34
27.87,0.2,36.6,9.6,35.0,5.0,van,urban,6.75
2.0,13.23,20.5,6.9,68.9,9.6,van,urban,3.57
20.2,8.03,32.4,2.6,47.8,7.2,van,county,3.78
41.0,1.36,46.9,5.0,56.1,6.9,van,urban,7.15
6.23,2.67,44.4,3.7,61.4,4.8,van,urban,4.01
8.83,11.49,46.7,2.0,100.0,3.6,van,urban,5.07
15.02,6.94,43.9,9.9,59.6,4.5,truck,urban,5.98
23.79,3.21,24.8,7.2,76.3,6.6,van,urban,6.65
38.97,6.23,78.4,5.2,78.8,2.3,truck,county,8.08
2.0,10.52,71.9,7.7,72.7,1.1,van,urban,5.28
19.69,14.92,48.9,7.8,68.0,2.5,truck,urban,6.54
7.06,9.08,38.8,2.1,58.6,4.0,van,suburban,3.45
4.44,0.2,60.9,4.6,70.9,4.4,van,urban,2.79
27.79,10.0,23.1,2.8,51.8,7.7,bike,urban,6.49
31.84,3.79,24.9,6.7,57.2,6.0,bike,urban,7.14
39.63,4.26,72.7,6.5,71.3,16.0,truck,county,6.83
43.9,14.16,47.3,5.2,63.5,2.1,bike,urban,8.83
21.39,7.04,24.3,5.2,52.4,1.2,bike,urban,6.7
37.46,7.87,30.0,4.2,74.4,2.8,van,urban,8.04
25.63,11.71,34.9,5.3,60.8,4.4,truck,urban,6.4
19.12,5.8,65.3,4.2,79.8,11.5,van,urban,5.58
39.72,6.61,49.9,4.3,67.5,5.2,truck,urban,7.34
9.14,10.26,58.6,6.0,100.0,8.5,van,urban,5.33
2.17,7.72,70.5,7.1,60.8,7.6,bike,suburban,4.93
9.46,3.06,79.7,6.2,78.2,7.8,truck,urban,5.13
29.7,9.98,43.7,6.7,68.8,1.9,truck,county,7.81
16.76,7.85,60.8,6.8,66.8,5.1,bike,county,6.55
31.15,6.98,84.3,10.0,74.9,2.9,van,suburban,8.01
13.94,6.41,39.6,7.4,67.0,3.5,bike,suburban,6.29
22.63,9.01,92.3,7.2,98.6,8.6,van,urban,7.19
22.54,19.73,53.5,4.1,60.5,5.5,truck,suburban,6.06
32.51,10.02,21.2,1.7,57.5,0.9,bike,urban,6.83
39.84,2.08,45.3,7.5,52.4,7.7,bike,suburban,7.99
20.74,9.22,24.9,5.0,61.1,4.6,van,suburban,5.16
33.05,9.3,64.0,6.4,75.0,0.8,van,urban,8.29
39.82,1.54,24.6,9.1,73.8,6.3,van,urban,8.19
16.08,0.47,55.6,5.1,31.1,8.5,bike,suburban,3.96
29.83,6.79,5.7,6.1,63.7,9.0,bike,urban,5.82
14.37,4.79,22.3,5.1,62.6,9.4,bike,county,5.36
28.6,10.84,49.7,7.8,45.6,2.7,truck,urban,7.49
26.18,17.81,32.2,4.3,56.6,9.3,truck,urban,6.65
2.0,10.55,35.8,5.2,58.9,6.0,bike,suburban,3.95
2.0,16.77,56.8,10.0,63.6,9.9,bike,suburban,5.58
2.34,10.63,55.6,8.4,32.7,5.1,truck,urban,5.43
34.42,0.72,37.0,2.8,18.8,0.2,truck,urban,6.12
29.79,6.32,61.6,6.0,58.8,1.9,bike,urban,7.7
28.99,4.42,52.0,7.0,71.9,3.9,truck,urban,7.88
15.23,5.79,39.9,5.6,45.5,4.0,van,county,5.1
22.98,6.51,19.1,7.0,68.2,6.4,van,county,5.32
39.43,5.54,67.1,4.9,64.6,10.8,van,county,6.9
39.83,18.8,63.4,2.7,68.5,0.2,bike,urban,9.01
27.18,4.0,46.9,6.2,62.0,3.1,truck,urban,5.74
10.08,0.2,77.6,5.9,62.6,4.0,bike,urban,4.59
13.04,10.53,43.3,7.7,80.0,9.8,van,county,4.65
11.05,10.91,24.9,6.4,73.2,6.1,van,urban,4.51
14.18,8.72,29.3,7.7,41.5,9.4,van,urban,4.55
19.15,4.39,49.9,4.8,42.3,3.5,van,county,5.05
19.26,16.2,60.9,10.0,85.8,8.0,van,urban,8.32
15.6,11.8,43.3,10.0,59.3,4.4,bike,urban,6.07
43.75,10.05,66.2,3.5,57.8,3.0,van,urban,7.93
24.97,0.91,43.8,1.0,76.7,9.7,van,county,4.77
41.86,6.74,44.1,5.2,50.4,8.7,truck,urban,7.69
19.12,4.29,29.2,1.0,54.1,10.1,van,urban,4.41
40.27,11.37,29.1,7.6,80.0,11.2,van,urban,8.64
27.57,11.85,32.7,7.5,63.1,3.1,van,suburban,7.22
25.8,0.2,40.5,6.2,85.7,11.8,bike,suburban,6.38
21.35,0.84,12.3,7.0,28.5,8.2,bike,suburban,4.84
38.39,7.17,51.9,5.8,81.5,5.0,van,urban,9.45
2.0,15.84,33.1,7.8,97.6,2.8,van,county,4.73
25.75,2.84,24.0,7.8,73.3,6.7,bike,urban,6.92
7.86,11.3,48.5,8.2,55.9,2.7,bike,suburban,5.99
4.88,2.21,79.9,2.8,76.2,8.6,bike,suburban,3.5
52.03,1.99,53.3,6.0,74.5,0.2,bike,urban,9.84
45.28,16.72,79.4,5.2,86.3,6.6,bike,urban,9.5
33.51,8.74,53.3,8.3,74.0,4.8,van,county,8.69
7.84,5.85,33.4,4.5,71.4,4.1,bike,suburban,3.68
37.64,6.77,30.9,7.0,83.5,5.5,bike,urban,8.83
10.0,4.52,80.4,3.7,57.9,8.9,truck,county,3.47
16.55,10.14,38.6,7.5,62.7,4.0,van,suburban,6.48
32.54,0.63,71.5,6.5,70.0,2.9,bike,urban,7.33
9.58,4.62,17.0,5.0,67.1,4.0,van,urban,4.14
2.0,10.4,61.9,10.0,59.6,7.7,van,urban,5.87
21.64,6.51,53.4,4.4,55.9,2.5,truck,urban,5.7
6.9,12.54,50.6,5.1,41.7,7.0,van,county,3.87
38.04,3.6,50.3,2.7,59.5,5.1,van,urban,7.65
21.96,8.59,35.8,9.4,23.6,11.1,bike,suburban,5.4
10.6,5.81,73.3,2.8,97.7,3.4,bike,urban,4.9
15.51,8.0,18.1,4.4,66.5,14.7,bike,suburban,5.38
23.38,11.58,37.5,2.8,69.4,7.1,truck,urban,5.84
2.0,7.81,17.5,6.1,60.2,2.5,van,urban,3.51
36.88,0.2,60.6,2.4,50.7,0.2,van,urban,6.56
38.82,11.68,20.1,7.7,46.1,4.3,bike,urban,8.03
27.88,7.95,51.1,6.3,72.5,3.1,bike,county,6.83
17.23,13.27,54.4,6.5,76.5,9.1,van,county,7.18
37.4,10.24,10.6,4.3,50.8,11.4,truck,suburban,6.7
42.86,12.3,52.0,3.3,15.4,5.2,bike,suburban,7.27
12.67,10.2,39.9,9.1,40.0,6.6,van,urban,4.54
19.84,8.22,46.3,7.8,44.7,4.1,van,county,5.96
11.92,2.76,19.4,1.0,65.6,9.2,bike,suburban,3.89
29.05,5.66,37.4,8.4,98.3,4.3,van,urban,7.9
2.0,10.01,25.4,5.9,39.7,2.0,bike,county,4.34
21.71,0.2,68.5,6.4,53.2,4.0,van,urban,5.98
14.28,11.5,31.1,5.4,56.1,6.7,van,urban,3.96
19.61,12.49,49.6,6.4,59.2,4.7,bike,county,5.75
24.43,2.6,49.4,6.7,69.4,5.5,van,county,6.56
2.0,6.9,59.7,4.2,58.6,11.9,truck,urban,3.83
45.27,7.3,37.4,6.3,44.4,8.2,van,county,7.76
16.8,12.21,56.3,5.5,38.3,5.1,bike,suburban,5.62
21.14,1.2,47.0,6.9,36.8,7.1,van,urban,4.95
10.72,10.66,64.5,4.0,91.4,5.4,truck,urban,5.27
23.45,9.88,9.0,6.5,60.9,4.4,van,suburban,6.5
27.34,2.11,33.8,7.6,66.9,7.9,van,suburban,5.71
22.83,5.4,62.7,8.5,68.1,13.6,van,urban,6.82
13.15,3.06,56.6,5.0,71.2,4.6,van,urban,5.57
9.3,9.77,64.8,2.5,43.5,8.3,van,suburban,4.13
18.32,5.4,36.0,3.9,80.4,4.9,van,suburban,4.91
28.33,8.53,42.9,4.2,66.0,5.7,bike,suburban,7.13
10.15,7.53,0.0,3.7,76.0,7.8,van,suburban,3.96
17.68,16.37,34.9,8.5,74.1,3.9,bike,urban,7.76
20.63,11.44,49.1,5.3,69.5,2.6,bike,suburban,6.66
38.21,11.69,100.0,5.1,67.4,8.1,bike,suburban,8.49
30.51,3.12,47.8,4.2,59.4,7.3,van,county,6.62
15.48,3.08,60.2,7.5,54.8,3.9,truck,urban,6.06
17.84,9.56,63.7,6.1,58.9,9.3,van,suburban,5.02
25.91,4.39,63.4,3.6,72.9,5.0,van,urban,6.45
4.19,13.0,63.0,1.0,46.5,4.9,bike,suburban,3.28
7.85,9.17,90.5,2.6,73.6,6.0,van,urban,5.39
37.77,18.36,76.3,9.7,61.2,6.0,truck,urban,9.2
19.41,13.95,69.6,1.9,61.2,4.7,van,urban,6.77
29.66,0.2,2.7,5.0,58.4,5.3,truck,urban,5.21
11.17,2.0,58.6,6.3,25.7,1.3,bike,urban,4.99
30.82,8.31,46.2,7.0,69.0,7.2,truck,suburban,6.96
42.19,1.72,51.1,3.7,49.1,3.6,van,urban,7.9
5.75,6.2,42.9,7.1,81.8,7.2,bike,urban,4.66
2.0,6.45,47.3,3.6,73.4,9.2,van,suburban,3.47
21.07,8.77,63.5,5.1,42.0,8.3,van,urban,5.34
23.08,18.67,62.4,4.7,49.6,5.3,van,urban,7.19
8.56,7.18,50.2,4.0,87.6,1.6,bike,urban,5.51
19.74,8.52,20.9,5.1,68.7,7.5,bike,urban,4.83
29.26,2.62,46.2,4.6,53.0,9.8,van,urban,6.9
24.45,5.01,45.8,6.8,58.8,2.6,truck,urban,6.57
25.92,4.96,52.0,6.1,62.8,3.5,truck,suburban,5.71
14.75,6.73,44.9,6.7,73.3,7.3,bike,urban,6.32
35.01,6.9,48.4,6.4,62.1,11.1,van,urban,7.54
19.86,4.4,34.6,5.3,46.8,3.0,van,urban,5.35
28.68,5.45,38.7,7.7,80.9,7.6,van,county,6.14
10.85,4.15,40.9,6.3,69.7,3.0,van,suburban,4.97
38.02,0.62,26.6,9.8,63.3,1.3,van,urban,7.95
23.48,5.56,84.2,10.0,57.4,4.3,van,urban,7.05
15.93,10.33,0.0,4.4,69.5,2.6,van,suburban,5.65
23.43,0.2,56.3,4.3,43.7,1.0,bike,urban,6.16
19.64,10.33,0.0,6.2,74.7,8.9,van,county,4.99
6.46,13.8,13.8,6.4,59.4,5.6,van,suburban,4.91
29.39,8.27,49.8,5.3,43.9,7.1,bike,county,6.87
25.07,12.41,37.2,5.2,79.2,2.1,bike,county,6.95
22.19,9.58,84.9,7.7,68.3,6.0,van,urban,7.55
10.45,5.94,94.1,5.4,75.2,8.3,van,suburban,5.84
2.0,4.61,52.6,6.7,60.8,5.0,truck,county,3.57
14.22,2.52,30.9,7.5,82.0,9.8,van,urban,6.21
19.2,11.54,38.7,3.6,67.0,5.5,van,suburban,5.12
27.54,10.6,25.0,6.2,99.7,7.0,truck,urban,7.79
20.74,0.2,50.3,8.1,56.4,0.2,bike,suburban,6.5
17.14,1.2,55.1,6.4,30.1,3.1,bike,urban,4.98
44.83,8.12,21.6,3.8,64.7,5.4,van,county,7.58
38.05,12.21,60.8,5.4,48.9,6.0,van,urban,8.05
2.0,1.2,49.1,5.7,45.4,0.2,van,county,3.15
38.6,7.08,19.2,10.0,34.0,2.4,bike,urban,7.91
16.54,12.54,30.8,2.2,58.6,9.4,van,county,4.25
33.18,5.73,47.7,5.4,67.2,5.7,bike,suburban,7.87
8.67,7.45,50.8,5.2,83.6,6.0,van,urban,4.95
31.82,3.56,53.4,4.5,68.6,7.0,bike,suburban,7.04
12.06,7.44,33.6,7.5,68.1,0.8,truck,urban,5.22
20.61,6.02,38.5,5.0,63.9,7.3,bike,urban,5.09
25.45,5.03,47.1,1.0,61.6,8.0,van,suburban,5.39
33.14,5.64,42.9,4.7,59.0,2.2,van,urban,7.38
25.09,12.57,72.7,5.6,51.3,0.2,van,urban,6.97
38.93,14.58,55.4,8.1,51.4,4.7,van,county,8.56
15.99,7.85,37.0,7.8,41.1,4.3,truck,urban,5.33
27.86,5.29,64.1,6.1,88.5,7.4,van,suburban,7.38
20.39,14.16,60.9,9.3,39.4,3.2,bike,suburban,7.45
11.76,16.44,47.5,3.9,21.8,8.8,van,urban,4.45
31.73,22.16,53.2,2.0,48.5,4.2,bike,suburban,7.41
25.77,5.52,72.1,1.4,92.4,10.4,bike,urban,6.43
27.8,8.09,73.1,3.5,73.4,4.2,van,suburban,7.35
22.85,9.88,9.4,4.8,48.9,3.3,bike,county,4.92
9.1,16.07,40.2,6.3,52.1,2.8,van,urban,4.6
31.46,10.85,60.9,7.8,65.2,10.8,truck,urban,7.99
27.8,7.29,60.8,3.5,52.1,7.0,bike,urban,7.3
29.0,9.57,31.3,5.4,73.8,4.6,van,county,7.28
41.11,5.5,55.4,9.3,39.7,4.1,bike,urban,8.98
22.08,12.14,43.3,4.1,92.0,2.9,truck,urban,6.66
50.02,6.02,81.1,5.4,83.3,6.0,van,urban,9.76
21.27,5.3,9.1,2.5,94.6,0.2,van,urban,5.72
14.82,9.54,32.7,5.2,54.9,2.4,truck,urban,5.26
6.12,5.64,17.5,6.1,78.7,11.5,truck,county,4.39
43.25,2.95,34.5,4.4,43.2,3.3,van,urban,8.56
11.43,1.21,30.8,3.8,34.1,1.9,bike,urban,3.92
34.43,18.22,33.5,5.3,43.7,4.5,bike,urban,6.6
17.42,1.43,59.1,3.3,60.8,8.8,van,county,4.33
22.48,1.22,45.3,6.7,62.9,8.6,van,urban,5.69
26.76,7.33,35.3,7.9,80.1,11.1,bike,suburban,6.51
9.95,1.54,46.6,7.8,54.2,9.7,van,county,4.16
15.52,11.89,58.4,6.5,40.1,2.1,van,urban,5.58
2.0,12.57,14.7,4.3,60.1,3.9,van,urban,3.28
2.71,6.58,56.1,6.6,63.1,4.0,van,suburban,4.45
29.64,4.94,31.2,4.0,68.8,8.6,bike,suburban,5.81
10.47,5.02,32.8,5.4,100.0,3.6,van,urban,5.15
2.99,0.2,4.6,5.8,59.1,9.0,van,suburban,3.13
7.03,10.8,55.2,4.5,56.0,0.6,truck,suburban,5.33
14.39,13.8,17.4,7.9,77.3,8.8,bike,urban,6.0
27.92,1.94,34.7,4.0,41.8,3.4,van,urban,5.22
12.38,13.5,8.3,5.4,42.7,5.4,bike,urban,4.12
3.93,13.38,13.4,3.9,42.8,0.2,bike,county,3.74
33.86,0.2,63.2,4.4,72.1,0.4,van,urban,7.47
24.88,12.05,53.8,8.6,69.3,5.1,van,urban,8.19
7.3,9.06,63.9,8.1,100.0,10.0,bike,suburban,5.64
19.73,3.6,59.4,8.3,57.6,6.9,bike,suburban,6.03
15.84,10.82,70.0,6.6,48.8,8.1,van,urban,5.33
15.57,5.33,51.2,4.9,60.2,7.1,bike,suburban,4.77
18.21,8.85,61.3,5.7,67.4,4.8,van,urban,6.44
10.65,5.61,42.2,9.1,61.9,9.9,bike,county,5.26
42.32,7.8,68.4,4.8,73.3,4.3,van,suburban,8.92
27.15,2.59,19.0,5.5,80.1,4.2,van,suburban,6.06
22.08,2.29,44.7,7.8,43.2,8.8,bike,urban,5.92
29.78,6.1,54.6,6.8,78.5,11.0,van,urban,7.53
5.79,6.26,78.7,6.1,36.0,1.1,bike,suburban,4.85
22.9,4.36,66.2,2.5,82.3,6.8,bike,urban,5.11
25.54,5.87,76.6,6.8,75.0,8.6,van,urban,6.19
3.22,16.82,39.6,1.9,38.4,5.5,van,urban,3.47
35.67,11.43,78.2,8.7,78.8,6.3,truck,suburban,8.48
25.64,7.56,32.4,5.8,76.0,11.1,van,suburban,6.31
2.0,14.05,38.7,4.0,88.6,5.5,van,urban,5.29
11.57,9.04,76.1,5.5,58.0,11.5,van,urban,4.34
12.25,3.27,47.3,6.6,65.8,0.6,bike,urban,5.32
30.93,11.77,40.8,4.7,44.7,3.7,van,suburban,6.55
11.11,6.43,54.2,1.4,74.4,6.4,bike,urban,4.46
29.3,4.36,51.3,4.3,90.5,8.7,truck,urban,7.22
38.2,11.38,49.7,7.1,69.7,13.2,van,urban,7.66
25.35,5.24,77.8,2.0,57.2,6.7,bike,suburban,6.37
25.48,3.07,39.3,5.1,35.9,3.2,van,urban,5.28
25.34,8.38,44.7,5.1,49.0,6.4,bike,suburban,6.68
14.56,8.24,35.7,6.1,25.4,7.6,truck,suburban,4.12
12.95,2.1,57.0,8.5,72.4,3.1,van,urban,5.89
13.14,6.81,51.6,6.4,74.2,0.2,van,urban,5.78
22.17,1.81,59.2,6.8,67.3,7.8,van,urban,5.2
8.03,1.81,60.7,6.9,28.9,3.1,bike,suburban,4.76
26.08,8.0,19.5,3.5,69.6,4.1,bike,urban,6.85
13.53,3.38,54.2,6.7,65.5,3.9,van,urban,5.43
12.23,0.2,40.7,4.9,62.0,8.3,van,suburban,3.9
29.37,5.16,62.9,5.4,58.2,3.5,bike,suburban,6.91
21.8,10.63,31.5,2.9,36.6,5.6,van,urban,5.87
28.96,12.59,51.6,1.7,94.3,2.9,van,suburban,6.96
34.89,3.15,33.7,9.5,75.7,11.1,bike,urban,8.14
22.75,1.36,83.5,4.1,51.0,3.7,van,urban,5.75
29.85,9.25,44.7,3.7,22.5,2.9,truck,county,6.43
48.48,5.14,76.8,4.7,44.9,7.0,van,urban,9.0
29.73,4.46,77.0,7.8,82.3,3.3,van,county,7.35
28.25,2.61,79.6,7.0,69.0,7.9,truck,urban,6.94
19.03,9.3,62.0,5.7,56.6,3.5,van,urban,6.31
35.92,4.54,52.4,5.6,76.9,5.1,truck,urban,8.38
26.54,0.2,63.0,7.5,65.5,8.5,van,urban,6.03
24.88,10.83,74.2,5.4,83.9,3.7,van,urban,7.31
20.54,1.75,39.5,6.4,52.1,8.8,bike,suburban,5.74
20.57,12.37,31.3,5.3,61.4,6.7,van,county,6.33
44.55,15.38,28.7,4.1,92.6,9.9,bike,urban,8.68
44.94,17.06,57.9,4.5,69.7,4.3,truck,suburban,9.82
27.75,9.53,19.5,3.3,70.6,6.4,bike,urban,6.51
13.73,2.06,48.7,2.9,69.3,5.9,truck,urban,3.28
21.9,11.17,63.1,4.5,70.3,2.9,bike,county,6.57
22.06,18.0,60.3,4.4,65.5,1.1,van,urban,6.37
10.25,0.94,79.5,4.3,79.5,5.5,van,suburban,4.63
27.76,11.13,42.5,6.8,64.3,3.3,van,suburban,6.98
2.0,6.8,53.9,2.2,84.5,6.7,van,urban,2.4
2.0,5.66,42.0,4.8,65.3,6.8,van,county,3.24
26.03,6.88,48.8,5.5,27.8,8.0,van,suburban,5.01
36.84,0.2,71.7,4.7,94.3,6.4,van,county,8.44
26.12,6.63,27.0,1.6,75.4,8.3,bike,county,6.05
18.29,8.83,34.2,5.2,61.7,7.8,van,urban,4.95
14.4,10.82,53.0,2.3,48.7,2.5,bike,county,5.82
31.37,4.52,33.2,10.0,58.3,6.4,truck,suburban,6.76
12.47,8.52,49.4,7.3,58.1,4.8,truck,urban,4.98
29.4,16.29,53.5,4.1,45.2,2.7,van,suburban,7.78
25.0,3.16,38.4,6.4,63.3,9.1,van,urban,6.21
24.38,10.59,54.7,3.8,76.7,6.2,bike,urban,6.5
23.81,20.81,48.9,2.5,68.7,5.8,van,urban,6.47
25.81,4.25,74.4,3.4,61.3,2.4,van,urban,5.14
30.55,12.57,73.4,6.3,63.7,10.5,van,suburban,7.44
34.13,13.58,39.3,7.0,69.6,6.9,bike,urban,7.47
2.0,12.32,35.0,4.8,73.4,6.4,van,suburban,3.43
21.08,1.68,85.0,7.3,80.3,2.3,van,urban,6.8
30.24,3.48,22.9,5.7,85.4,9.7,van,urban,5.19
41.08,2.54,25.4,6.2,65.3,8.0,bike,urban,7.54
32.1,11.06,31.1,5.5,62.9,8.3,van,county,6.18
40.0,0.2,62.1,5.6,73.9,8.6,bike,county,7.18
21.74,11.55,47.2,4.7,38.5,2.2,van,urban,5.94
2.0,3.43,86.8,8.9,80.4,3.8,bike,urban,4.81
40.54,4.91,43.2,2.8,97.6,4.0,van,urban,9.41
25.68,10.98,42.3,8.6,18.2,0.2,truck,urban,6.08
2.0,10.66,56.8,6.3,84.6,0.2,truck,suburban,4.92
19.04,10.44,60.8,8.9,67.2,9.5,van,suburban,5.96
19.88,0.2,42.0,4.9,62.1,3.8,van,urban,5.2
32.3,0.2,26.0,5.0,46.1,9.0,truck,county,5.93
25.4,14.45,13.6,9.5,52.1,6.4,van,county,6.86
8.81,8.35,75.0,3.2,73.5,8.6,bike,urban,4.35
22.64,1.69,63.3,3.7,37.8,8.2,van,urban,4.62
38.08,11.57,76.7,3.0,28.7,6.4,van,suburban,6.98
23.39,9.64,39.0,4.7,75.4,8.7,bike,urban,6.7
2.0,7.7,45.7,6.4,73.1,6.0,van,urban,4.87
26.76,10.04,10.4,1.0,82.4,4.8,bike,county,6.45
11.44,11.07,58.8,6.5,26.0,4.3,van,suburban,4.19
22.02,4.25,39.4,5.0,38.8,5.5,bike,urban,5.82
28.52,4.66,44.9,6.1,40.3,7.4,truck,suburban,5.39
11.69,1.7,41.5,2.2,100.0,6.3,van,county,3.92
30.56,6.69,61.1,5.8,69.6,5.2,van,urban,7.77
36.05,0.2,70.4,2.5,74.1,5.2,bike,urban,7.12
25.43,16.14,50.3,7.5,69.8,7.5,truck,urban,7.2
22.76,2.79,14.0,5.3,95.3,1.0,truck,urban,5.77
22.2,11.01,52.1,5.3,49.2,4.3,bike,urban,7.07
37.05,15.87,22.3,4.3,77.3,2.6,truck,suburban,7.14
23.62,0.28,70.7,5.3,69.4,3.2,bike,urban,6.58
38.27,2.81,61.4,2.1,74.9,5.4,bike,county,7.4
31.53,4.99,41.5,2.6,54.4,1.0,bike,suburban,6.31
9.77,10.08,68.7,7.1,39.1,8.6,truck,county,4.38
32.48,2.24,28.2,2.5,77.7,0.2,bike,urban,6.51
27.35,6.64,27.6,6.1,45.0,11.2,truck,suburban,5.6
11.24,4.01,80.4,8.2,75.2,7.6,truck,urban,5.1
24.63,3.3,43.9,5.8,36.8,4.8,bike,suburban,5.19
32.74,14.92,33.9,5.4,66.8,3.3,van,suburban,8.34
2.0,11.16,77.3,7.1,29.9,4.6,van,urban,4.3
18.49,7.18,84.8,4.9,94.2,5.4,van,suburban,6.74
22.48,7.38,60.4,1.0,75.5,5.4,bike,urban,6.56
25.53,7.7,61.1,9.7,60.9,0.2,van,suburban,6.68
27.41,6.57,23.2,6.5,58.3,2.5,truck,urban,5.44
51.12,5.9,51.4,7.9,34.9,5.1,bike,urban,10.13
51.09,18.32,81.5,5.0,97.0,0.2,van,suburban,10.59
21.11,13.15,34.4,1.1,74.1,6.5,truck,urban,6.36
29.97,3.6,38.5,9.5,72.1,8.3,bike,suburban,8.18
28.8,1.4,70.5,3.7,75.2,9.0,van,suburban,6.47
29.87,9.61,31.5,5.0,91.8,0.2,bike,suburban,7.71
2.0,13.9,61.7,3.2,62.3,12.0,bike,county,2.47
42.19,6.23,52.9,7.2,56.0,6.4,bike,urban,8.99
13.41,7.65,58.2,4.7,73.6,4.8,van,urban,5.58
24.07,7.11,30.9,7.4,80.8,7.3,truck,suburban,5.7
30.07,10.87,50.9,5.3,83.2,4.5,van,suburban,7.53
12.41,4.33,56.7,9.8,56.2,4.9,truck,urban,5.31
13.75,11.82,37.8,3.0,70.5,8.8,truck,suburban,4.21
11.68,11.58,26.2,3.8,82.3,9.5,truck,suburban,5.09
10.95,16.4,70.9,4.6,41.4,4.0,van,county,3.81
30.45,15.54,63.6,8.8,69.9,5.7,bike,urban,8.79
19.94,7.05,75.9,1.5,51.8,0.2,bike,urban,5.27
11.82,10.04,49.7,6.1,65.2,7.0,van,urban,4.54
20.75,7.98,45.7,3.6,56.5,5.8,bike,urban,5.59
19.53,3.27,98.7,5.7,58.3,0.2,truck,suburban,6.17
30.19,7.79,59.1,6.1,84.8,4.6,bike,county,8.18
26.33,0.84,55.2,2.9,84.8,5.7,van,urban,5.79
30.59,9.09,56.4,9.1,64.3,1.4,van,urban,7.19
27.47,7.31,8.0,2.6,60.1,6.6,van,urban,5.61
34.89,11.18,68.7,5.5,92.8,6.7,van,suburban,8.41
17.29,2.42,12.0,5.1,36.1,0.4,truck,suburban,3.79
